transaction_id,user_id,receiver_id,amount,timestamp,hour,device_id,device_change,location,location_change,account_age,receiver_age,velocity,amount_deviation,new_receiver,rapid_transaction,failed_attempts,is_fraud
TXN101782,USER187,USER407,3357.87,2026-09-21T21:56:59.128862,8,DEVICE038,0,Dhaka,0,590,613,1,231.35,0,0,0,0
TXN103917,USER253,USER434,1183.25,2026-09-07T06:57:30.128862,17,DEVICE181,0,Dhaka,0,1177,343,1,187.38,0,0,0,0
TXN100221,USER073,USER114,3362.67,2026-10-01T09:08:17.128862,19,DEVICE149,0,Dhaka,0,830,465,1,196.48,0,0,0,0
TXN102135,USER021,USER351,2783.65,2026-09-05T07:03:50.128862,17,DEVICE200,0,Chattogram,0,647,915,3,-192.06,0,0,0,0
TXN200424,USER177,USER203,37570.53,2026-09-26T02:40:36.128862,12,DEVICE107,0,Chattogram,0,25,23,15,36508.82,1,1,0,1
TXN101168,USER027,USER327,1099.04,2026-09-06T07:57:43.128862,18,DEVICE061,0,Dhaka,0,171,262,3,48.63,1,0,0,0
TXN100879,USER164,USER507,3395.26,2026-09-26T02:11:51.128862,12,DEVICE173,0,Chattogram,0,1089,881,2,150.63,0,0,0,0
TXN100156,USER012,USER352,2344.28,2026-09-25T06:36:23.128862,16,DEVICE094,0,Dhaka,0,212,588,2,179.82,1,0,0,0
TXN101657,USER110,USER583,2234.02,2026-09-08T05:34:57.128862,15,DEVICE032,0,Sylhet,0,232,854,1,-1141.28,1,0,0,0
TXN100323,USER040,USER078,2997.87,2026-10-01T10:17:53.128862,20,DEVICE298,1,Dhaka,0,995,847,1,639.02,0,0,0,0
TXN200502,USER201,USER100,14543.76,2026-09-09T19:30:34.128862,5,DEVICE281,1,Chattogram,0,1031,142,11,11127.47,1,1,2,1
TXN102611,USER136,USER312,2518.54,2026-10-03T01:08:39.128862,11,DEVICE078,0,Chattogram,0,1058,464,3,406.37,0,0,0,0
TXN100811,USER207,USER251,1766.53,2026-09-10T18:10:44.128862,4,DEVICE119,0,Dhaka,0,241,236,1,-116.28,0,0,0,0
TXN100393,USER284,USER165,1253.47,2026-09-07T20:13:31.128862,6,DEVICE155,0,Sylhet,0,543,524,1,-259.29,1,0,0,0
TXN103593,USER166,USER352,1071.42,2026-09-14T04:08:21.128862,14,DEVICE058,0,Chattogram,0,163,643,2,80.11,0,0,0,0
TXN102638,USER216,USER184,4119.05,2026-09-07T10:37:58.128862,20,DEVICE185,0,Sylhet,0,877,475,2,631.41,0,0,0,0
TXN102187,USER143,USER241,638.83,2026-09-22T00:23:14.128862,10,DEVICE083,0,Rajshahi,1,1118,548,2,-876.82,0,0,0,0
TXN200551,USER299,USER239,40563.35,2026-09-27T13:08:13.128862,23,DEVICE_ROGUE_968,1,Unknown,1,367,9,6,39560.19,1,1,4,1
TXN100319,USER183,USER132,2442.92,2026-09-11T05:51:31.128862,16,DEVICE099,0,Chattogram,0,824,385,1,-1014.33,0,0,0,0
TXN100167,USER226,USER560,2357.85,2026-09-16T22:52:00.128862,9,DEVICE193,0,Chattogram,0,652,364,1,-19.43,0,0,1,0
TXN100746,USER235,USER283,1731.06,2026-09-07T23:13:17.128862,9,DEVICE062,0,Dhaka,0,603,312,1,296.01,0,0,0,0
TXN200670,USER184,USER488,15432.62,2026-09-21T01:08:38.128862,11,DEVICE272,1,Chattogram,0,857,96,18,14366.89,1,1,2,1
TXN103707,USER069,USER116,980.34,2026-09-05T10:20:38.128862,20,DEVICE008,0,Sylhet,0,936,778,2,-671.38,0,0,0,0
TXN102764,USER135,USER550,1244.46,2026-09-09T03:07:36.128862,13,DEVICE001,0,Dhaka,0,741,470,3,213.2,0,0,0,0
TXN200312,USER030,USER524,33338.76,2026-09-06T14:52:07.128862,1,DEVICE_ROGUE_969,1,Unknown,1,602,8,9,30908.7,1,1,3,1
TXN104006,USER200,USER067,3084.31,2026-09-11T10:39:49.128862,20,DEVICE119,0,Chattogram,0,610,316,1,27.04,0,0,0,0
TXN101871,USER009,USER584,1420.82,2026-09-06T11:21:59.128862,21,DEVICE033,0,Dhaka,0,634,665,1,-518.37,0,0,0,0
TXN200956,USER012,USER066,36155.2,2026-09-18T17:00:36.128862,3,DEVICE_ROGUE_942,1,Unknown,1,212,8,12,33990.74,1,1,3,1
TXN103193,USER269,USER415,3098.9,2026-09-28T05:47:38.128862,16,DEVICE006,0,Sylhet,0,898,364,4,533.16,0,1,0,0
TXN103754,USER250,USER131,1724.46,2026-09-27T07:50:37.128862,18,DEVICE099,0,Sylhet,0,360,391,1,114.47,0,0,0,0
TXN200825,USER155,USER450,35774.2,2026-09-10T17:08:25.128862,3,DEVICE073,0,Dhaka,0,1051,75,2,34647.49,1,0,0,1
TXN200094,USER067,USER216,48051.13,2026-09-25T18:10:00.128862,4,DEVICE138,0,Chattogram,0,92,184,4,46632.7,1,0,1,1
TXN104102,USER253,USER357,926.01,2026-09-06T22:05:46.128862,8,DEVICE181,0,Dhaka,0,1177,699,2,-69.86,0,0,0,0
TXN101261,USER173,USER466,3080.75,2026-09-21T10:38:37.128862,20,DEVICE157,0,Chattogram,0,291,744,1,1004.54,0,0,0,0
TXN102338,USER078,USER176,2129.52,2026-09-24T23:37:49.128862,9,DEVICE112,0,Dhaka,0,636,875,1,90.62,0,0,0,0
TXN100084,USER158,USER028,2140.91,2026-09-12T05:27:03.128862,15,DEVICE163,0,Sylhet,0,904,293,1,-247.52,0,0,0,0
TXN103821,USER119,USER557,2192.51,2026-09-06T09:05:42.128862,19,DEVICE179,0,Chattogram,0,1092,566,1,-251.71,0,0,0,0
TXN102653,USER090,USER248,1173.18,2026-09-26T03:09:40.128862,13,DEVICE012,0,Sylhet,0,280,493,1,245.97,0,0,0,0
TXN200745,USER176,USER542,16797.53,2026-09-25T01:29:58.128862,11,DEVICE117,0,Chattogram,0,16,22,6,15483.42,1,1,0,1
TXN102746,USER224,USER051,2883.8,2026-09-29T11:26:08.128862,21,DEVICE116,0,Dhaka,0,134,872,1,64.27,0,0,0,0
TXN102858,USER212,USER237,3384.96,2026-09-27T19:50:58.128862,6,DEVICE082,0,Dhaka,0,602,704,4,467.97,0,1,0,0
TXN100996,USER300,USER414,2140.16,2026-09-03T20:39:59.128862,6,DEVICE033,0,Chattogram,0,885,168,1,-1044.23,0,0,0,0
TXN100228,USER296,USER231,1683.73,2026-09-05T22:37:07.128862,8,DEVICE011,1,Chattogram,0,289,167,2,-605.81,1,0,0,0
TXN103264,USER135,USER226,1244.45,2026-09-29T13:52:13.128862,0,DEVICE001,0,Dhaka,0,741,353,1,213.19,0,0,0,0
TXN200028,USER201,USER305,12144.41,2026-09-14T20:05:13.128862,6,DEVICE099,1,Chattogram,0,1031,112,12,8728.12,1,1,1,1
TXN103942,USER069,USER527,1505.19,2026-09-30T17:14:44.128862,3,DEVICE008,0,Sylhet,0,936,490,1,-146.53,1,0,0,0
TXN200659,USER236,USER193,44545.5,2026-09-30T18:31:49.128862,4,DEVICE_ROGUE_972,1,Chattogram,1,370,10,6,43421.81,1,1,4,1
TXN103832,USER201,USER190,3780.66,2026-09-25T01:22:29.128862,11,DEVICE013,0,Chattogram,0,1031,573,1,364.37,0,0,0,0
TXN101652,USER022,USER124,2687.58,2026-09-05T06:13:21.128862,16,DEVICE144,0,Chattogram,0,1114,601,1,2.6,0,0,0,0
TXN100079,USER027,USER584,1413.33,2026-09-15T05:20:31.128862,15,DEVICE061,0,Dhaka,0,171,842,4,362.92,0,1,0,0
TXN100964,USER086,USER192,2021.88,2026-09-18T00:54:13.128862,11,DEVICE099,0,Dhaka,0,414,81,1,629.71,1,0,0,0
TXN100926,USER166,USER209,1233.15,2026-09-03T21:12:13.128862,7,DEVICE058,0,Chattogram,0,163,88,1,241.84,0,0,0,0
TXN100794,USER281,USER479,2600.16,2026-09-17T21:52:43.128862,8,DEVICE192,0,Dhaka,0,1055,276,1,-137.39,1,0,0,0
TXN103379,USER244,USER434,2057.49,2026-09-10T01:57:07.128862,12,DEVICE082,0,Sylhet,0,274,793,3,-1266.22,1,0,0,0
TXN103164,USER287,USER508,2513.42,2026-09-05T03:15:48.128862,13,DEVICE057,0,Dhaka,0,708,210,2,-571.06,0,0,0,0
TXN104657,USER148,USER546,2075.26,2026-09-13T03:14:37.128862,13,DEVICE055,0,Dhaka,0,1167,115,2,-695.55,0,0,0,0
TXN103311,USER243,USER271,2141.41,2026-09-22T20:55:03.128862,7,DEVICE086,0,Dhaka,0,359,649,1,-70.1,0,0,0,0
TXN103934,USER098,USER134,3631.92,2026-10-01T07:59:14.128862,18,DEVICE190,0,Chattogram,0,1132,337,1,1403.31,0,0,0,0
TXN101074,USER009,USER509,2096.29,2026-09-15T07:33:47.128862,17,DEVICE033,0,Dhaka,0,634,651,1,157.1,0,0,0,0
TXN200040,USER021,USER108,23109.11,2026-09-13T11:16:40.128862,21,DEVICE400,1,Chattogram,0,647,183,13,20133.4,1,1,2,1
TXN104183,USER258,USER507,1620.23,2026-09-24T05:16:01.128862,15,DEVICE085,0,Sylhet,0,1076,713,1,244.71,0,0,0,0
TXN102024,USER252,USER127,2947.06,2026-10-02T02:57:14.128862,13,DEVICE040,0,Dhaka,0,839,626,3,117.03,0,0,0,0
TXN200877,USER199,USER428,45651.0,2026-09-09T16:15:56.128862,2,DEVICE133,0,Sylhet,0,1034,40,3,42152.94,1,0,1,1
TXN104634,USER285,USER464,971.78,2026-09-20T11:46:12.128862,22,DEVICE057,0,Dhaka,0,219,454,2,-1147.26,0,0,0,0
TXN101745,USER002,USER017,1307.31,2026-09-19T20:09:42.128862,6,DEVICE140,0,Sylhet,0,568,991,3,439.78,1,0,0,0
TXN103143,USER065,USER102,2401.18,2026-09-27T06:34:41.128862,16,DEVICE103,0,Sylhet,0,917,459,2,-674.52,0,0,0,0
TXN103263,USER070,USER406,1375.59,2026-09-24T22:26:15.128862,8,DEVICE030,0,Chattogram,0,201,980,1,-147.31,0,0,0,0
TXN103121,USER201,USER354,4062.97,2026-09-25T20:16:42.128862,6,DEVICE013,0,Chattogram,0,1031,426,1,646.68,0,0,0,0
TXN101451,USER155,USER215,971.9,2026-09-24T09:47:36.128862,20,DEVICE073,0,Dhaka,0,1051,127,2,-154.81,1,0,0,0
TXN100439,USER084,USER127,2443.61,2026-09-25T21:13:53.128862,7,DEVICE131,0,Dhaka,0,149,453,2,-780.51,0,0,0,0
TXN103316,USER096,USER479,2682.12,2026-09-15T18:40:46.128862,4,DEVICE176,0,Dhaka,0,1110,541,1,851.75,1,0,0,0
TXN104543,USER130,USER413,4027.81,2026-09-29T02:37:30.128862,12,DEVICE158,0,Chattogram,0,579,856,1,982.31,0,0,0,0
TXN102981,USER213,USER102,1780.25,2026-09-28T06:57:20.128862,17,DEVICE194,0,Chattogram,0,1025,399,1,-248.27,0,0,0,0
TXN102080,USER002,USER522,1086.64,2026-09-17T02:31:04.128862,12,DEVICE140,0,Sylhet,0,568,775,1,219.11,0,0,0,0
TXN104020,USER009,USER341,2079.46,2026-09-25T05:51:00.128862,16,DEVICE033,0,Dhaka,0,634,129,1,140.27,0,0,0,0
TXN101454,USER213,USER096,2188.0,2026-09-14T02:54:15.128862,13,DEVICE194,0,Chattogram,0,1025,678,1,159.48,0,0,0,0
TXN100254,USER142,USER268,2696.63,2026-10-02T06:26:32.128862,16,DEVICE168,0,Sylhet,0,348,306,1,412.16,0,0,0,0
TXN100465,USER228,USER052,3161.29,2026-09-18T22:42:56.128862,8,DEVICE164,0,Dhaka,0,190,148,1,58.95,0,0,0,0
TXN102117,USER257,USER475,1048.26,2026-09-15T21:36:29.128862,7,DEVICE105,0,Sylhet,0,616,716,1,50.46,0,0,0,0
TXN100506,USER116,USER004,3684.33,2026-09-26T01:38:02.128862,11,DEVICE105,0,Chattogram,0,95,427,1,533.93,0,0,0,0
TXN104271,USER079,USER485,1823.85,2026-09-23T01:55:03.128862,12,DEVICE089,0,Dhaka,0,358,974,1,308.67,0,0,0,0
TXN104288,USER082,USER499,1818.74,2026-09-13T05:32:08.128862,15,DEVICE112,0,Sylhet,0,1082,748,1,309.34,0,0,0,0
TXN104213,USER228,USER150,4108.99,2026-09-30T00:26:53.128862,10,DEVICE164,0,Dhaka,0,190,583,1,1006.65,0,0,0,0
TXN100233,USER060,USER316,2039.58,2026-09-19T08:17:10.128862,18,DEVICE198,0,Sylhet,0,270,617,3,215.05,0,0,0,0
TXN100553,USER219,USER379,649.61,2026-09-04T01:03:35.128862,11,DEVICE141,0,Dhaka,0,575,955,1,-568.34,0,0,0,0
TXN200514,USER179,USER184,27409.34,2026-09-06T17:09:56.128862,3,DEVICE_ROGUE_948,1,Chattogram,1,184,5,11,25465.68,1,1,4,1
TXN100544,USER235,USER312,2038.16,2026-10-02T05:35:32.128862,15,DEVICE062,0,Dhaka,0,603,555,1,603.11,0,0,0,0
TXN103700,USER239,USER572,3232.27,2026-09-13T22:32:25.128862,8,DEVICE183,0,Cumilla,1,722,153,3,827.07,1,0,0,0
TXN103540,USER245,USER299,1857.22,2026-09-14T07:22:35.128862,17,DEVICE139,0,Sylhet,0,694,598,1,505.72,0,0,0,0
TXN102788,USER176,USER088,810.58,2026-10-02T23:13:25.128862,9,DEVICE117,0,Barishal,1,430,207,2,-503.53,1,0,0,0
TXN102864,USER167,USER011,1997.66,2026-09-09T18:54:51.128862,5,DEVICE051,0,Sylhet,0,230,780,1,555.05,0,0,0,0
TXN102083,USER056,USER523,2437.23,2026-09-22T00:15:32.128862,10,DEVICE103,0,Dhaka,0,680,380,1,-7.42,0,0,0,0
TXN200742,USER194,USER203,48944.21,2026-09-25T13:10:20.128862,23,DEVICE_ROGUE_917,1,Unknown,1,873,10,6,45651.39,1,1,4,1
TXN100308,USER023,USER304,1589.62,2026-09-10T10:05:45.128862,20,DEVICE105,0,Chattogram,0,1195,851,1,-129.06,0,0,1,0
TXN100710,USER049,USER458,2141.63,2026-09-06T04:49:11.128862,15,DEVICE161,1,Dhaka,0,772,770,1,-374.72,1,0,0,0
TXN104103,USER269,USER119,2170.6,2026-09-27T02:21:08.128862,12,DEVICE006,0,Sylhet,0,898,168,1,-395.14,0,0,0,0
TXN101580,USER083,USER579,2295.7,2026-09-23T06:50:02.128862,17,DEVICE156,0,Cumilla,1,338,750,1,-82.68,0,0,0,0
TXN101310,USER072,USER205,4128.96,2026-10-03T09:50:24.128862,20,DEVICE046,0,Sylhet,0,1151,63,2,783.1,0,0,0,0
TXN100625,USER135,USER271,444.22,2026-09-17T04:42:23.128862,14,DEVICE001,0,Dhaka,0,741,842,1,-587.04,0,0,0,0
TXN100023,USER182,USER074,3256.6,2026-09-27T01:47:40.128862,12,DEVICE040,1,Sylhet,0,690,649,1,638.52,0,0,0,0
TXN102531,USER105,USER226,1474.57,2026-09-20T00:17:58.128862,10,DEVICE171,0,Dhaka,0,386,151,1,-45.86,0,0,0,0
TXN101870,USER035,USER378,1860.52,2026-09-26T21:02:17.128862,7,DEVICE106,0,Sylhet,0,641,749,1,38.48,0,0,0,0
TXN200310,USER156,USER219,42952.96,2026-09-21T17:17:09.128862,3,DEVICE132,0,Sylhet,0,632,197,5,41546.28,1,0,1,1
TXN103488,USER066,USER238,3091.84,2026-09-15T05:13:01.128862,15,DEVICE174,0,Dhaka,0,1143,193,2,196.64,0,0,0,0
TXN101170,USER234,USER001,1998.57,2026-09-16T23:23:30.128862,9,DEVICE161,0,Chattogram,0,479,579,1,-624.5,0,0,0,0
TXN104745,USER004,USER450,1061.06,2026-09-26T21:47:47.128862,8,DEVICE095,0,Chattogram,0,495,893,1,-341.61,0,0,0,0
TXN102118,USER032,USER222,1198.49,2026-09-13T21:04:27.128862,7,DEVICE046,0,Dhaka,0,277,969,1,-1571.79,0,0,0,0
TXN103018,USER256,USER511,4677.28,2026-09-21T03:24:04.128862,13,DEVICE107,0,Chattogram,0,426,281,3,1187.82,0,0,0,0
TXN101194,USER179,USER071,2267.0,2026-09-14T01:44:27.128862,11,DEVICE148,0,Sylhet,0,184,227,1,323.34,0,0,0,0
TXN102245,USER116,USER430,3343.68,2026-09-21T21:33:55.128862,7,DEVICE105,0,Barishal,1,95,913,1,193.28,0,0,0,0
TXN102873,USER065,USER255,2928.41,2026-09-14T08:52:05.128862,19,DEVICE363,1,Sylhet,0,917,425,1,-147.29,0,0,0,0
TXN200839,USER122,USER050,40204.77,2026-09-11T16:46:46.128862,3,DEVICE033,0,Dhaka,0,1193,318,2,37948.45,1,0,1,1
TXN102549,USER272,USER556,3027.29,2026-09-10T08:12:12.128862,18,DEVICE098,0,Sylhet,0,1188,987,1,1418.97,0,0,0,0
TXN103154,USER173,USER460,1938.19,2026-09-06T02:33:00.128862,12,DEVICE157,0,Chattogram,0,291,954,1,-138.02,0,0,0,0
TXN100093,USER272,USER232,2276.3,2026-09-05T05:51:39.128862,16,DEVICE098,0,Sylhet,0,1188,757,1,667.98,0,0,1,0
TXN102077,USER154,USER393,1239.94,2026-09-04T08:51:52.128862,19,DEVICE022,0,Sylhet,0,243,434,3,-957.51,0,0,0,0
TXN100469,USER170,USER333,1065.7,2026-09-04T02:49:43.128862,13,DEVICE012,0,Sylhet,0,555,926,1,-91.54,1,0,0,0
TXN100787,USER193,USER533,1680.05,2026-09-28T12:03:12.128862,22,DEVICE028,0,Sylhet,0,251,678,2,205.57,0,0,0,0
TXN101699,USER022,USER447,3380.73,2026-09-11T22:10:43.128862,8,DEVICE144,0,Chattogram,0,1114,599,1,695.75,0,0,0,0
TXN101837,USER258,USER392,1298.27,2026-09-06T11:12:26.128862,21,DEVICE085,0,Sylhet,0,1076,241,2,-77.25,0,0,0,0
TXN103063,USER025,USER278,3160.2,2026-09-08T01:25:06.128862,11,DEVICE192,0,Chattogram,0,986,945,1,-224.28,0,0,0,0
TXN101706,USER276,USER587,709.53,2026-09-24T07:47:47.128862,18,DEVICE077,0,Sylhet,0,626,62,1,-402.13,0,0,0,0
TXN103967,USER177,USER118,1121.78,2026-09-22T03:14:22.128862,13,DEVICE107,0,Rajshahi,1,703,945,1,60.07,0,0,0,0
TXN103862,USER126,USER132,1635.38,2026-09-05T05:17:33.128862,15,DEVICE098,0,Chattogram,0,862,118,3,-39.84,0,0,0,0
TXN103664,USER051,USER448,2089.3,2026-09-15T03:31:31.128862,13,DEVICE059,0,Dhaka,0,304,822,2,289.81,0,0,0,0
TXN201091,USER280,USER491,33249.64,2026-09-29T02:48:21.128862,13,DEVICE138,0,Dhaka,0,11,16,6,30816.6,1,1,0,1
TXN103204,USER030,USER024,1575.26,2026-09-19T04:52:11.128862,15,DEVICE106,0,Sylhet,0,602,849,1,-854.8,0,0,0,0
TXN100604,USER200,USER242,2914.24,2026-09-10T10:54:19.128862,21,DEVICE119,0,Chattogram,0,610,510,1,-143.03,0,0,0,0
TXN200142,USER209,USER516,22858.59,2026-09-27T00:41:21.128862,10,DEVICE134,1,Chattogram,0,797,50,15,21035.36,1,1,2,1
TXN101550,USER038,USER246,2371.4,2026-09-14T03:06:39.128862,13,DEVICE064,0,Dhaka,0,1053,97,2,-98.6,0,0,0,0
TXN104708,USER122,USER386,1596.92,2026-09-18T19:58:11.128862,6,DEVICE033,0,Dhaka,0,1193,493,2,-659.4,0,0,0,0
TXN200034,USER215,USER308,20229.06,2026-10-03T07:58:01.128862,18,DEVICE260,1,Sylhet,0,497,39,8,16844.3,1,1,2,1
TXN103185,USER007,USER276,3881.59,2026-09-18T02:51:50.128862,13,DEVICE038,0,Sylhet,0,550,701,2,672.71,0,0,0,0
TXN104386,USER031,USER203,2364.7,2026-09-05T21:33:03.128862,7,DEVICE007,0,Sylhet,0,142,518,1,-614.55,0,0,0,0
TXN101586,USER142,USER292,1537.81,2026-09-11T13:13:26.128862,23,DEVICE168,0,Sylhet,0,348,467,3,-746.66,0,0,0,0
TXN103119,USER246,USER298,2877.71,2026-09-29T19:40:14.128862,5,DEVICE021,0,Sylhet,0,759,860,1,143.99,1,0,0,0
TXN103399,USER017,USER151,1391.29,2026-09-17T20:46:06.128862,7,DEVICE064,0,Chattogram,0,344,122,3,-3.9,1,0,0,0
TXN100401,USER055,USER591,2711.71,2026-09-18T01:29:55.128862,11,DEVICE050,0,Chattogram,0,1104,871,2,162.01,1,0,0,0
TXN100031,USER197,USER474,1989.7,2026-09-29T05:33:10.128862,15,DEVICE293,1,Dhaka,0,383,389,1,-296.18,0,0,0,0
TXN101483,USER127,USER084,797.21,2026-09-09T01:27:11.128862,11,DEVICE174,0,Sylhet,0,1022,705,1,-55.38,0,0,0,0
TXN102680,USER025,USER460,3314.17,2026-09-30T09:53:09.128862,20,DEVICE192,0,Chattogram,0,986,425,1,-70.31,0,0,0,0
TXN100599,USER077,USER197,3365.49,2026-09-28T18:37:32.128862,4,DEVICE153,0,Sylhet,0,506,506,2,96.21,0,0,0,0
TXN103149,USER044,USER488,1789.88,2026-09-26T09:08:07.128862,19,DEVICE010,0,Dhaka,0,1097,232,2,208.53,0,0,0,0
TXN200744,USER144,USER174,15945.46,2026-09-25T09:54:34.128862,20,DEVICE120,0,Chattogram,0,23,29,15,12789.89,1,1,0,1
TXN101860,USER284,USER228,1389.57,2026-09-21T10:28:48.128862,20,DEVICE155,0,Sylhet,0,543,151,1,-123.19,0,0,0,0
TXN100565,USER287,USER539,4451.1,2026-09-26T09:20:57.128862,19,DEVICE057,0,Dhaka,0,708,531,1,1366.62,0,0,0,0
TXN102213,USER263,USER553,1551.44,2026-09-23T18:43:08.128862,4,DEVICE053,0,Sylhet,1,244,471,1,-246.28,1,0,0,0
TXN101966,USER054,USER227,1665.41,2026-10-01T14:19:49.128862,0,DEVICE169,0,Chattogram,0,933,883,5,-1663.56,1,1,0,0
TXN100865,USER113,USER333,2976.57,2026-09-22T00:26:04.128862,10,DEVICE130,0,Sylhet,0,786,516,1,824.99,0,0,0,0
TXN104607,USER032,USER451,2527.9,2026-09-29T07:49:35.128862,18,DEVICE046,0,Dhaka,0,277,695,1,-242.38,0,0,0,0
TXN102450,USER262,USER569,3470.43,2026-09-11T09:46:37.128862,20,DEVICE016,0,Chattogram,0,1049,994,1,296.4,0,0,0,0
TXN200892,USER165,USER014,38543.45,2026-09-03T18:08:15.128862,4,DEVICE080,0,Dhaka,0,1198,185,4,35422.43,1,0,1,1
TXN100812,USER046,USER475,1694.31,2026-09-24T09:09:30.128862,19,DEVICE057,0,Dhaka,0,1052,71,1,265.77,1,0,0,0
TXN101477,USER039,USER544,3281.91,2026-09-19T01:05:00.128862,11,DEVICE069,0,Khulna,1,1152,395,1,155.3,1,0,0,0
TXN104734,USER070,USER302,1879.77,2026-09-13T13:19:02.128862,23,DEVICE201,1,Chattogram,0,201,364,1,356.87,0,0,0,0
TXN102271,USER061,USER169,3860.97,2026-09-26T20:00:53.128862,6,DEVICE187,1,Dhaka,0,734,682,1,389.26,0,0,0,0
TXN101038,USER210,USER371,2934.47,2026-09-20T20:17:17.128862,6,DEVICE144,0,Dhaka,0,702,679,1,-525.86,0,0,0,0
TXN104526,USER196,USER215,3105.54,2026-09-15T11:14:08.128862,21,DEVICE057,0,Dhaka,0,1109,774,1,-20.1,1,0,0,0
TXN100080,USER061,USER132,4719.24,2026-09-16T12:09:03.128862,22,DEVICE072,0,Dhaka,0,734,434,4,1247.53,0,1,0,0
TXN101204,USER165,USER030,3096.43,2026-09-14T07:47:09.128862,18,DEVICE080,0,Dhaka,0,1198,207,3,-24.59,0,0,0,0
TXN103285,USER250,USER375,2154.55,2026-09-15T05:35:48.128862,15,DEVICE099,0,Sylhet,0,360,854,3,544.56,0,0,0,0
TXN101545,USER107,USER028,1267.63,2026-09-04T13:22:19.128862,23,DEVICE160,0,Dhaka,0,480,622,2,166.44,1,0,0,0
TXN100177,USER236,USER017,1135.53,2026-09-30T20:55:41.128862,7,DEVICE071,0,Dhaka,0,370,498,2,11.84,0,0,0,0
TXN102585,USER218,USER264,3305.73,2026-09-09T10:33:40.128862,20,DEVICE132,1,Chattogram,0,308,583,2,566.03,0,0,0,0
TXN201192,USER044,USER596,19630.23,2026-09-29T07:39:05.128862,17,DEVICE396,1,Dhaka,0,1097,17,15,18048.88,1,1,1,1
TXN200063,USER002,USER039,16749.99,2026-09-27T01:40:02.128862,11,DEVICE156,1,Sylhet,0,568,196,18,15882.46,1,1,1,1
TXN101438,USER113,USER255,3049.37,2026-09-08T03:44:19.128862,13,DEVICE130,0,Sylhet,0,786,482,2,897.79,0,0,0,0
TXN100296,USER007,USER536,3177.15,2026-09-15T20:54:16.128862,7,DEVICE038,0,Sylhet,0,550,828,2,-31.73,0,0,0,0
TXN103615,USER026,USER448,1220.89,2026-09-22T22:40:00.128862,8,DEVICE040,0,Chattogram,0,254,966,1,-487.92,0,0,0,0
TXN103647,USER087,USER279,3725.06,2026-09-23T12:42:29.128862,22,DEVICE148,0,Chattogram,0,726,756,1,231.71,0,0,0,0
TXN100157,USER287,USER437,2507.31,2026-09-11T11:36:38.128862,21,DEVICE057,0,Dhaka,0,708,733,2,-577.17,0,0,1,0
TXN101027,USER239,USER038,1009.01,2026-09-19T12:26:07.128862,22,DEVICE183,0,Dhaka,0,722,653,2,-1396.19,0,0,0,0
TXN100410,USER196,USER056,2392.31,2026-09-05T00:05:47.128862,10,DEVICE057,0,Dhaka,0,1109,774,2,-733.33,0,0,0,0
TXN103958,USER149,USER336,1551.53,2026-09-22T11:53:58.128862,22,DEVICE131,0,Dhaka,0,1025,633,2,208.42,0,0,0,0
TXN201137,USER013,USER070,21901.28,2026-09-25T21:45:55.128862,8,DEVICE011,0,Chattogram,0,15,20,10,21029.63,1,1,0,1
TXN200156,USER054,USER297,29860.31,2026-09-07T22:03:51.128862,8,DEVICE169,0,Chattogram,0,11,26,10,26531.34,1,1,0,1
TXN104756,USER092,USER057,1861.91,2026-09-25T05:01:03.128862,15,DEVICE112,0,Dhaka,0,322,787,1,-632.19,0,0,0,0
TXN200647,USER041,USER423,27832.13,2026-10-03T05:30:42.128862,15,DEVICE180,0,Dhaka,0,20,7,13,25129.79,1,1,0,1
TXN102181,USER168,USER349,2923.01,2026-09-20T21:13:14.128862,7,DEVICE038,0,Dhaka,0,570,566,1,316.77,0,0,0,0
TXN201008,USER135,USER335,38014.73,2026-09-24T18:22:38.128862,4,DEVICE001,0,Dhaka,0,741,69,4,36983.47,1,0,1,1
TXN100810,USER050,USER365,2722.07,2026-09-09T11:48:20.128862,22,DEVICE079,0,Sylhet,0,747,667,1,937.02,0,0,0,0
TXN200115,USER074,USER251,18187.51,2026-09-16T03:15:50.128862,13,DEVICE239,1,Dhaka,0,15,8,15,16537.88,1,1,0,1
TXN200153,USER169,USER374,44381.99,2026-09-17T16:42:00.128862,2,DEVICE_ROGUE_955,1,Coxs Bazar,1,678,15,6,43003.55,1,1,3,1
TXN103733,USER197,USER050,1579.66,2026-09-10T13:39:00.128862,23,DEVICE046,0,Dhaka,0,383,576,1,-706.22,0,0,0,0
TXN200363,USER078,USER126,25235.6,2026-09-17T17:18:33.128862,3,DEVICE_ROGUE_981,1,Unknown,1,636,2,6,23196.7,1,1,3,1
TXN102977,USER157,USER010,2045.8,2026-09-30T22:45:29.128862,9,DEVICE170,0,Chattogram,0,783,125,1,332.97,0,0,0,0
TXN103795,USER167,USER503,1418.45,2026-09-30T08:41:07.128862,18,DEVICE051,0,Sylhet,0,230,549,1,-24.16,1,0,0,0
TXN102168,USER208,USER173,781.65,2026-09-13T08:13:24.128862,18,DEVICE171,0,Dhaka,0,994,838,1,-176.67,0,0,0,0
TXN103077,USER162,USER280,2241.98,2026-10-03T02:30:51.128862,12,DEVICE193,0,Dhaka,0,868,609,1,-262.0,0,0,0,0
TXN101694,USER284,USER572,2131.12,2026-09-26T23:09:35.128862,9,DEVICE155,0,Sylhet,0,543,654,1,618.36,0,0,0,0
TXN101024,USER266,USER267,2128.17,2026-09-15T22:15:00.128862,8,DEVICE198,0,Sylhet,0,903,989,1,-571.39,1,0,0,0
TXN103946,USER132,USER482,882.95,2026-09-24T02:54:01.128862,13,DEVICE078,0,Dhaka,0,568,141,1,-73.45,0,0,0,0
TXN102124,USER268,USER403,2115.64,2026-09-11T04:56:16.128862,15,DEVICE179,0,Chattogram,0,274,856,1,-1349.89,0,0,1,0
TXN200494,USER284,USER042,26240.52,2026-09-06T17:05:43.128862,3,DEVICE_ROGUE_971,1,Coxs Bazar,1,543,15,8,24727.76,1,1,4,1
TXN102704,USER030,USER592,2173.65,2026-09-26T04:41:56.128862,14,DEVICE106,0,Sylhet,0,602,234,1,-256.41,0,0,0,0
TXN101033,USER151,USER032,3787.6,2026-09-04T22:04:12.128862,8,DEVICE189,0,Sylhet,0,385,168,1,300.7,0,0,0,0
TXN201071,USER153,USER459,39549.29,2026-09-18T15:30:19.128862,1,DEVICE_ROGUE_988,1,Sylhet,1,406,11,8,37566.42,1,1,2,1
TXN200564,USER179,USER015,42600.88,2026-09-25T17:11:11.128862,3,DEVICE_ROGUE_961,1,Coxs Bazar,1,184,12,7,40657.22,1,1,4,1
TXN104159,USER153,USER131,1727.34,2026-09-21T00:03:12.128862,10,DEVICE169,0,Chattogram,0,406,960,2,-255.53,0,0,0,0
TXN101700,USER218,USER023,2777.96,2026-09-06T05:50:32.128862,16,DEVICE110,0,Chattogram,0,308,175,1,38.26,0,0,0,0
TXN102913,USER064,USER105,2958.12,2026-09-29T09:36:52.128862,19,DEVICE131,0,Dhaka,0,327,447,4,309.66,0,1,0,0
TXN200078,USER072,USER142,37097.84,2026-09-18T16:44:54.128862,2,DEVICE_ROGUE_970,1,Coxs Bazar,1,1151,3,9,33751.98,1,1,4,1
TXN103320,USER023,USER415,1792.62,2026-09-15T08:53:09.128862,19,DEVICE219,1,Chattogram,0,1195,567,2,73.94,1,0,0,0
TXN200226,USER170,USER423,35041.67,2026-09-22T16:16:52.128862,2,DEVICE012,0,Sylhet,0,555,247,4,33884.43,1,0,1,1
TXN102582,USER049,USER081,2661.07,2026-10-02T03:44:32.128862,13,DEVICE090,0,Dhaka,0,772,833,1,144.72,0,0,0,0
TXN200483,USER272,USER484,33406.31,2026-09-15T17:45:50.128862,4,DEVICE_ROGUE_919,1,Sylhet,1,1188,1,5,31797.99,1,1,3,1
TXN104250,USER085,USER351,2189.85,2026-09-29T07:53:16.128862,18,DEVICE030,0,Sylhet,0,580,820,3,311.47,1,0,0,0
TXN101186,USER012,USER144,2264.41,2026-09-16T21:12:38.128862,7,DEVICE094,0,Dhaka,0,212,911,1,99.95,0,0,0,0
TXN103737,USER176,USER468,1517.42,2026-09-15T01:07:32.128862,11,DEVICE117,0,Chattogram,0,430,273,1,203.31,0,0,0,0
TXN100783,USER221,USER175,2012.43,2026-09-08T22:30:21.128862,8,DEVICE041,0,Sylhet,0,825,172,6,-1403.09,0,1,0,0
TXN104402,USER013,USER221,783.14,2026-09-28T08:52:06.128862,19,DEVICE011,0,Chattogram,0,429,514,2,-88.51,0,0,0,0
TXN100050,USER096,USER088,2611.3,2026-09-15T03:49:46.128862,14,DEVICE176,0,Dhaka,0,1110,579,1,780.93,0,0,0,0
TXN100712,USER211,USER239,1713.56,2026-09-29T09:27:52.128862,19,DEVICE197,1,Chattogram,0,958,498,2,197.51,0,0,0,0
TXN102306,USER132,USER391,811.77,2026-09-06T20:55:58.128862,7,DEVICE078,0,Dhaka,0,568,961,3,-144.63,0,0,0,0
TXN103867,USER194,USER415,1671.19,2026-09-04T01:13:21.128862,11,DEVICE200,0,Sylhet,0,873,119,1,-1621.63,0,0,0,0
TXN102446,USER004,USER448,1797.64,2026-09-24T00:30:12.128862,10,DEVICE095,0,Chattogram,0,495,629,3,394.97,0,0,0,0
TXN102240,USER292,USER559,3997.82,2026-09-30T09:47:54.128862,20,DEVICE100,0,Chattogram,0,166,606,2,1115.8,1,0,1,0
TXN104603,USER158,USER104,2899.4,2026-10-02T00:00:35.128862,10,DEVICE163,0,Sylhet,0,904,497,1,510.97,0,0,0,0
TXN104790,USER270,USER204,1215.44,2026-09-16T08:09:51.128862,18,DEVICE196,0,Sylhet,0,118,323,2,394.32,0,0,0,0
TXN103103,USER050,USER069,1872.05,2026-09-26T04:56:18.128862,15,DEVICE079,0,Sylhet,0,747,563,1,87.0,0,0,0,0
TXN200766,USER279,USER377,22281.96,2026-09-07T13:50:42.128862,0,DEVICE381,1,Sylhet,0,311,200,20,20746.62,1,1,2,1
TXN100676,USER243,USER034,1689.68,2026-09-21T08:09:11.128862,18,DEVICE086,0,Dhaka,0,359,478,2,-521.83,1,0,0,0
TXN200756,USER266,USER318,43413.13,2026-10-02T16:10:34.128862,2,DEVICE198,0,Sylhet,0,903,221,3,40713.57,1,0,0,1
TXN103639,USER225,USER518,654.14,2026-09-12T22:10:40.128862,8,DEVICE067,0,Sylhet,0,900,376,3,-300.21,0,0,0,0
TXN102694,USER076,USER017,1249.13,2026-09-26T06:53:36.128862,17,DEVICE028,0,Sylhet,0,195,660,1,-619.08,0,0,0,0
TXN102995,USER254,USER288,2126.27,2026-09-07T02:32:20.128862,12,DEVICE055,0,Dhaka,0,1117,645,2,88.9,0,0,0,0
TXN101562,USER046,USER535,815.31,2026-09-21T00:35:36.128862,10,DEVICE057,0,Dhaka,0,1052,642,1,-613.23,0,0,0,0
TXN103649,USER288,USER554,859.73,2026-09-23T23:01:08.128862,9,DEVICE070,0,Chattogram,0,926,88,1,-189.48,1,0,0,0
TXN102465,USER227,USER162,1300.72,2026-09-12T20:55:51.128862,7,DEVICE064,0,Dhaka,0,106,369,1,-856.98,1,0,0,0
TXN100346,USER003,USER094,1492.04,2026-09-19T09:44:51.128862,19,DEVICE010,0,Rajshahi,1,631,439,2,-50.54,1,0,1,0
TXN101496,USER283,USER522,2409.92,2026-09-08T05:52:30.128862,16,DEVICE140,0,Dhaka,0,761,766,1,-102.52,1,0,0,0
TXN102344,USER246,USER409,2635.54,2026-09-10T20:22:38.128862,6,DEVICE021,0,Sylhet,0,759,706,3,-98.18,0,0,0,0
TXN103905,USER017,USER190,1008.21,2026-09-06T02:00:29.128862,12,DEVICE320,1,Chattogram,0,344,542,2,-386.98,0,0,0,0
TXN103658,USER132,USER224,1121.02,2026-09-20T08:44:02.128862,18,DEVICE078,0,Dhaka,0,568,134,2,164.62,0,0,0,0
TXN100622,USER024,USER006,1376.51,2026-09-22T23:09:32.128862,9,DEVICE159,0,Chattogram,0,1101,195,4,156.72,0,1,0,0
TXN104096,USER129,USER048,3385.67,2026-09-07T01:23:55.128862,11,DEVICE045,0,Sylhet,0,476,627,1,213.12,1,0,0,0
TXN101400,USER281,USER549,2761.31,2026-09-28T23:52:12.128862,10,DEVICE192,0,Dhaka,0,1055,100,3,23.76,0,0,0,0
TXN103297,USER175,USER417,3294.61,2026-09-26T04:20:08.128862,14,DEVICE019,0,Sylhet,0,998,832,1,314.37,1,0,0,0
TXN103985,USER150,USER563,1831.27,2026-09-29T22:15:13.128862,8,DEVICE066,1,Dhaka,0,121,282,1,189.64,0,0,0,0
TXN200381,USER048,USER205,45912.99,2026-09-12T16:28:33.128862,2,DEVICE_ROGUE_979,1,Unknown,1,926,2,9,44362.46,1,1,4,1
TXN104617,USER216,USER173,4144.75,2026-09-22T04:47:48.128862,15,DEVICE185,0,Sylhet,0,877,868,1,657.11,1,0,0,0
TXN100324,USER283,USER267,3067.76,2026-09-21T04:15:54.128862,14,DEVICE140,0,Dhaka,0,761,288,1,555.32,0,0,0,0
TXN102997,USER113,USER217,2466.26,2026-09-19T04:32:47.128862,14,DEVICE130,0,Sylhet,0,786,963,1,314.68,0,0,0,0
TXN100037,USER270,USER096,892.05,2026-09-17T06:17:36.128862,16,DEVICE159,1,Sylhet,0,118,279,1,70.93,0,0,0,0
TXN200574,USER240,USER089,37075.36,2026-09-10T17:59:14.128862,4,DEVICE074,0,Dhaka,0,992,88,4,34603.03,1,0,0,1
TXN104184,USER131,USER586,1502.07,2026-09-10T03:13:46.128862,13,DEVICE128,1,Chattogram,0,874,211,1,-128.22,0,0,0,0
TXN100530,USER077,USER588,3192.15,2026-09-17T09:47:15.128862,20,DEVICE153,0,Sylhet,0,506,576,2,-77.13,1,0,0,0
TXN102642,USER143,USER033,1325.64,2026-09-27T05:24:51.128862,15,DEVICE083,0,Sylhet,0,1118,531,1,-190.01,0,0,0,0
TXN103680,USER225,USER427,945.61,2026-09-22T10:40:34.128862,20,DEVICE067,0,Sylhet,0,900,815,1,-8.74,1,0,0,0
TXN102348,USER119,USER230,1174.99,2026-09-26T00:17:55.128862,10,DEVICE179,0,Chattogram,0,1092,371,1,-1269.23,0,0,0,0
TXN102784,USER066,USER201,4291.3,2026-09-09T07:49:29.128862,18,DEVICE174,0,Dhaka,0,1143,947,2,1396.1,1,0,0,0
TXN200692,USER015,USER588,15945.31,2026-09-12T20:10:59.128862,6,DEVICE028,1,Dhaka,0,681,116,10,13390.62,1,1,2,1
TXN102225,USER125,USER410,965.32,2026-09-12T09:39:09.128862,19,DEVICE171,0,Dhaka,0,770,181,1,163.78,0,0,0,0
TXN101073,USER193,USER299,1404.25,2026-09-11T02:11:48.128862,12,DEVICE028,0,Sylhet,0,251,779,1,-70.23,0,0,0,0
TXN101197,USER260,USER593,3558.11,2026-09-07T06:56:01.128862,17,DEVICE120,0,Dhaka,0,783,818,1,238.31,0,0,0,0
TXN200338,USER154,USER443,16032.56,2026-09-28T07:38:40.128862,17,DEVICE022,0,Sylhet,0,18,17,13,13835.11,1,1,0,1
TXN100263,USER067,USER445,974.78,2026-09-16T06:12:43.128862,16,DEVICE138,0,Rajshahi,1,92,808,1,-443.65,0,0,1,0
TXN101729,USER101,USER079,725.35,2026-09-09T20:55:12.128862,7,DEVICE051,0,Chattogram,0,1078,848,1,-105.65,0,0,0,0
TXN200528,USER288,USER470,30412.72,2026-09-26T12:00:20.128862,22,DEVICE161,1,Chattogram,0,7,13,16,29363.51,1,1,0,1
TXN100907,USER291,USER033,846.86,2026-09-28T12:09:16.128862,22,DEVICE008,0,Sylhet,0,182,500,1,37.29,0,0,0,0
TXN101335,USER233,USER292,2682.03,2026-09-07T22:05:14.128862,8,DEVICE125,0,Chattogram,0,538,625,1,275.44,0,0,0,0
TXN101393,USER157,USER197,2270.9,2026-09-20T09:28:39.128862,19,DEVICE170,0,Chattogram,0,783,745,1,558.07,0,0,0,0
TXN100960,USER272,USER506,2040.26,2026-09-07T04:28:16.128862,14,DEVICE098,0,Sylhet,0,1188,284,1,431.94,1,0,0,0
TXN100239,USER133,USER328,3052.49,2026-10-03T10:36:17.128862,20,DEVICE104,0,Chattogram,0,931,625,1,-118.14,0,0,0,0
TXN100199,USER045,USER567,880.24,2026-09-15T02:57:31.128862,13,DEVICE121,0,Dhaka,0,276,697,1,-135.2,0,0,0,0
TXN102417,USER059,USER411,1383.94,2026-09-11T08:21:51.128862,18,DEVICE018,0,Sylhet,0,1021,839,2,142.75,0,0,0,0
TXN200669,USER142,USER120,16590.96,2026-10-01T18:16:41.128862,4,DEVICE215,1,Sylhet,0,348,176,16,14306.49,1,1,1,1
TXN104310,USER300,USER445,3327.76,2026-09-22T20:35:15.128862,6,DEVICE033,0,Chattogram,0,885,66,1,143.37,1,0,0,0
TXN104714,USER050,USER285,1757.79,2026-09-09T00:04:34.128862,10,DEVICE079,0,Sylhet,0,747,218,1,-27.26,0,0,0,0
TXN200990,USER239,USER526,15858.17,2026-09-04T23:24:52.128862,9,DEVICE183,0,Dhaka,0,24,28,10,13452.97,1,1,0,1
TXN100325,USER149,USER138,1023.89,2026-09-20T02:50:38.128862,13,DEVICE131,0,Rajshahi,1,1025,928,1,-319.22,0,0,0,0
TXN102677,USER076,USER502,1181.11,2026-09-20T03:10:01.128862,13,DEVICE028,0,Sylhet,0,195,456,3,-687.1,0,0,0,0
TXN201023,USER215,USER409,47736.21,2026-09-28T17:01:32.128862,3,DEVICE157,0,Sylhet,0,497,317,2,44351.45,1,0,1,1
TXN104418,USER254,USER508,1378.79,2026-09-10T09:40:48.128862,19,DEVICE055,0,Dhaka,0,1117,134,5,-658.58,0,1,0,0
TXN100101,USER137,USER338,679.02,2026-09-27T00:21:13.128862,10,DEVICE074,0,Dhaka,0,870,301,1,-307.85,1,0,0,0
TXN101737,USER112,USER462,1553.39,2026-09-21T06:51:13.128862,17,DEVICE077,0,Sylhet,0,939,992,1,42.24,0,0,0,0
TXN200461,USER284,USER307,31768.03,2026-09-04T08:46:50.128862,19,DEVICE155,0,Sylhet,0,21,29,18,30255.27,1,1,0,1
TXN100877,USER040,USER003,2399.74,2026-09-08T09:34:54.128862,19,DEVICE041,0,Dhaka,0,995,517,1,40.89,0,0,0,0
TXN201092,USER050,USER322,38598.25,2026-09-21T16:02:53.128862,2,DEVICE079,0,Sylhet,0,747,236,5,36813.2,1,0,1,1
TXN100408,USER296,USER098,2369.29,2026-09-13T04:47:59.128862,15,DEVICE104,0,Chattogram,0,289,858,2,79.75,1,0,0,0
TXN103745,USER291,USER336,1051.76,2026-10-03T08:55:35.128862,19,DEVICE008,0,Rajshahi,1,182,818,1,242.19,0,0,0,0
TXN101244,USER295,USER397,3155.4,2026-09-26T08:35:36.128862,18,DEVICE174,0,Dhaka,0,327,439,1,354.08,0,0,0,0
TXN102287,USER046,USER556,1258.34,2026-09-30T23:46:04.128862,10,DEVICE057,0,Dhaka,0,1052,227,1,-170.2,1,0,0,0
TXN101354,USER297,USER571,1990.29,2026-09-04T00:29:49.128862,10,DEVICE186,0,Sylhet,0,570,216,1,35.54,0,0,0,0
TXN102857,USER086,USER416,1606.27,2026-09-28T01:30:06.128862,11,DEVICE099,0,Dhaka,0,414,668,1,214.1,1,0,1,0
TXN100893,USER248,USER047,1413.97,2026-09-05T19:04:13.128862,5,DEVICE039,0,Dhaka,0,449,467,1,-454.65,0,0,0,0
TXN101181,USER250,USER256,1594.29,2026-09-23T00:22:37.128862,10,DEVICE099,0,Barishal,1,360,342,1,-15.7,0,0,0,0
TXN104655,USER147,USER496,1627.16,2026-09-04T06:54:11.128862,17,DEVICE173,0,Sylhet,0,294,100,2,-628.94,0,0,0,0
TXN200522,USER064,USER049,45965.94,2026-09-18T18:26:05.128862,4,DEVICE_ROGUE_929,1,Sylhet,1,327,1,5,43317.48,1,1,2,1
TXN103698,USER192,USER584,1438.18,2026-09-15T08:01:07.128862,18,DEVICE238,1,Dhaka,0,448,182,1,-113.89,0,0,0,0
TXN104466,USER251,USER104,1865.98,2026-09-05T05:23:35.128862,15,DEVICE178,0,Chattogram,0,1194,993,1,212.3,0,0,0,0
TXN104325,USER152,USER484,2576.48,2026-09-08T11:01:53.128862,21,DEVICE044,0,Chattogram,0,929,340,1,21.81,0,0,0,0
TXN100730,USER131,USER564,975.09,2026-09-27T20:50:31.128862,7,DEVICE146,0,Chattogram,0,874,657,1,-655.2,1,0,0,0
TXN101032,USER219,USER290,1068.28,2026-09-13T22:24:03.128862,8,DEVICE141,0,Dhaka,0,575,978,1,-149.67,0,0,0,0
TXN103066,USER110,USER426,3185.11,2026-10-03T12:45:57.128862,23,DEVICE032,0,Sylhet,0,232,246,1,-190.19,0,0,0,0
TXN200858,USER035,USER209,41167.87,2026-09-08T04:37:41.128862,14,DEVICE172,1,Sylhet,0,25,30,10,39345.83,1,1,0,1
TXN200096,USER012,USER366,44406.08,2026-09-11T15:48:16.128862,2,DEVICE094,0,Dhaka,0,212,284,4,42241.62,1,0,1,1
TXN100977,USER113,USER033,2415.98,2026-09-15T03:01:04.128862,13,DEVICE130,0,Sylhet,0,786,468,1,264.4,0,0,0,0
TXN200169,USER149,USER396,35776.9,2026-09-17T18:28:14.128862,4,DEVICE_ROGUE_901,1,Coxs Bazar,1,1025,5,8,34433.79,1,1,2,1
TXN102622,USER248,USER060,1724.29,2026-09-23T00:59:30.128862,11,DEVICE039,0,Dhaka,0,449,111,1,-144.33,0,0,0,0
TXN101225,USER233,USER158,3014.51,2026-09-27T20:43:59.128862,6,DEVICE125,0,Chattogram,0,538,101,1,607.92,0,0,0,0
TXN101209,USER128,USER232,3578.73,2026-09-26T23:27:32.128862,9,DEVICE192,0,Sylhet,0,749,744,3,270.16,0,0,0,0
TXN200680,USER248,USER049,44913.97,2026-09-16T17:38:39.128862,3,DEVICE039,0,Dhaka,0,449,191,2,43045.35,1,0,1,1
TXN100586,USER277,USER586,1570.84,2026-09-21T03:39:23.128862,13,DEVICE193,0,Dhaka,0,870,566,1,481.84,0,0,0,0
TXN200654,USER012,USER104,24123.94,2026-09-10T07:21:09.128862,17,DEVICE094,0,Dhaka,0,30,22,10,21959.48,1,1,0,1
TXN102820,USER195,USER187,1775.55,2026-09-24T10:31:08.128862,20,DEVICE109,0,Sylhet,0,583,195,1,-220.9,0,0,0,0
TXN200955,USER069,USER466,15253.77,2026-09-05T03:50:43.128862,14,DEVICE367,1,Sylhet,0,936,72,15,13602.05,1,1,1,1
TXN102718,USER139,USER509,2323.11,2026-10-03T05:30:18.128862,15,DEVICE111,0,Gazipur,1,401,295,1,-544.64,1,0,0,0
TXN200824,USER095,USER581,19443.7,2026-09-06T09:35:50.128862,19,DEVICE389,1,Chattogram,0,405,92,20,18472.18,1,1,2,1
TXN101760,USER047,USER142,835.5,2026-09-16T03:23:24.128862,13,DEVICE052,0,Chattogram,0,802,749,1,-237.2,0,0,0,0
TXN103049,USER188,USER096,1860.48,2026-09-10T10:00:42.128862,20,DEVICE168,0,Dhaka,0,1177,845,1,389.11,0,0,0,0
TXN101869,USER188,USER396,1710.94,2026-09-26T20:03:03.128862,6,DEVICE168,0,Dhaka,0,1177,317,1,239.57,0,0,0,0
TXN101544,USER049,USER473,1480.33,2026-10-01T11:12:02.128862,21,DEVICE090,0,Dhaka,0,772,973,1,-1036.02,1,0,0,0
TXN100472,USER221,USER446,2814.14,2026-09-14T05:19:57.128862,15,DEVICE041,0,Sylhet,0,825,139,2,-601.38,0,0,0,0
TXN200439,USER250,USER279,38059.65,2026-09-20T22:40:12.128862,8,DEVICE298,1,Sylhet,0,9,10,12,36449.66,1,1,0,1
TXN101158,USER082,USER582,1472.94,2026-09-19T06:30:41.128862,16,DEVICE112,0,Sylhet,0,1082,884,1,-36.46,0,0,0,0
TXN100132,USER017,USER096,1157.19,2026-09-16T02:20:43.128862,12,DEVICE064,0,Sylhet,1,344,144,1,-238.0,0,0,0,0
TXN101536,USER189,USER349,994.32,2026-09-09T04:03:25.128862,14,DEVICE177,0,Sylhet,0,933,83,1,-319.24,0,0,0,0
TXN102488,USER082,USER169,2042.37,2026-09-29T00:21:31.128862,10,DEVICE112,0,Sylhet,0,1082,82,1,532.97,0,0,0,0
TXN101632,USER186,USER576,1624.95,2026-09-19T05:53:37.128862,16,DEVICE063,0,Chattogram,0,388,93,1,-91.17,0,0,0,0
TXN101321,USER095,USER223,612.2,2026-09-15T21:15:22.128862,7,DEVICE138,0,Chattogram,0,405,569,1,-359.32,0,0,0,0
TXN200627,USER055,USER398,43345.38,2026-09-28T17:26:14.128862,3,DEVICE050,0,Chattogram,0,1104,241,4,40795.68,1,0,0,1
TXN101188,USER035,USER078,1911.46,2026-09-21T05:34:20.128862,15,DEVICE106,0,Sylhet,0,641,926,2,89.42,0,0,0,0
TXN104378,USER033,USER374,1414.18,2026-09-26T20:49:58.128862,7,DEVICE189,0,Chattogram,0,558,882,1,-833.64,1,0,0,0
TXN103971,USER212,USER088,3188.33,2026-09-22T11:23:15.128862,21,DEVICE082,0,Dhaka,0,602,463,1,271.34,0,0,0,0
TXN200016,USER103,USER262,31092.11,2026-09-15T02:13:48.128862,12,DEVICE111,0,Chattogram,0,19,8,7,28451.49,1,1,0,1
TXN100681,USER210,USER397,2409.73,2026-09-15T23:06:47.128862,9,DEVICE344,1,Dhaka,0,702,813,2,-1050.6,0,0,0,0
TXN101777,USER152,USER219,3506.16,2026-09-29T12:35:59.128862,22,DEVICE044,0,Chattogram,0,929,842,1,951.49,0,0,0,0
TXN104405,USER282,USER078,1030.4,2026-09-26T07:54:54.128862,18,DEVICE189,0,Dhaka,0,141,734,1,-319.31,0,0,0,0
TXN104600,USER048,USER103,2035.28,2026-09-06T22:29:38.128862,8,DEVICE118,0,Cumilla,1,926,981,3,484.75,1,0,0,0
TXN104562,USER206,USER024,1183.28,2026-09-24T06:12:19.128862,16,DEVICE035,0,Chattogram,0,413,799,1,-193.84,0,0,0,0
TXN102902,USER143,USER109,1737.14,2026-09-22T02:21:54.128862,12,DEVICE083,0,Sylhet,0,1118,483,2,221.49,0,0,0,0
TXN200886,USER033,USER225,41046.9,2026-09-28T23:03:55.128862,9,DEVICE274,1,Chattogram,0,9,19,12,38799.08,1,1,0,1
TXN103551,USER166,USER584,1307.12,2026-09-05T01:53:28.128862,12,DEVICE058,0,Chattogram,0,163,890,1,315.81,0,0,0,0
TXN200842,USER297,USER279,19739.83,2026-09-06T12:18:36.128862,22,DEVICE273,1,Sylhet,0,570,60,17,17785.08,1,1,1,1
TXN101374,USER238,USER282,1425.79,2026-09-16T07:37:12.128862,17,DEVICE020,0,Chattogram,0,170,319,1,-38.99,0,0,0,0
TXN101945,USER001,USER364,1346.6,2026-09-09T05:44:39.128862,15,DEVICE039,0,Sylhet,0,235,735,1,-1179.85,0,0,0,0
TXN100168,USER135,USER357,1125.78,2026-09-06T09:14:08.128862,19,DEVICE001,0,Dhaka,0,741,302,1,94.52,0,0,0,0
TXN104071,USER006,USER162,1395.73,2026-09-07T23:19:16.128862,9,DEVICE142,0,Sylhet,0,325,287,2,-1231.36,0,0,0,0
TXN104747,USER118,USER241,2992.51,2026-09-07T02:28:13.128862,12,DEVICE104,0,Sylhet,0,701,730,1,467.35,0,0,0,0
TXN100501,USER166,USER264,983.65,2026-09-05T22:03:02.128862,8,DEVICE058,0,Chattogram,0,163,121,1,-7.66,0,0,0,0
TXN101803,USER004,USER289,811.01,2026-09-14T10:45:11.128862,20,DEVICE095,0,Chattogram,0,495,636,1,-591.66,0,0,0,0
TXN100881,USER270,USER592,1029.21,2026-09-29T08:32:27.128862,18,DEVICE196,0,Sylhet,0,118,62,1,208.09,0,0,0,0
TXN100706,USER265,USER045,2543.49,2026-09-11T09:48:30.128862,20,DEVICE100,0,Chattogram,0,552,383,2,-507.62,1,0,0,0
TXN103366,USER101,USER286,887.64,2026-09-07T15:25:37.128862,1,DEVICE051,0,Chattogram,0,1078,71,1,56.64,0,0,0,0
TXN102323,USER109,USER276,2378.84,2026-09-04T06:23:02.128862,16,DEVICE170,0,Gazipur,1,369,547,2,353.79,0,0,0,0
TXN102893,USER252,USER104,2225.05,2026-09-12T21:07:40.128862,7,DEVICE343,1,Dhaka,0,839,434,1,-604.98,0,0,0,0
TXN103816,USER007,USER388,2211.31,2026-09-20T02:15:20.128862,12,DEVICE038,0,Sylhet,0,550,332,1,-997.57,0,0,0,0
TXN102559,USER252,USER358,3777.62,2026-09-05T06:25:27.128862,16,DEVICE040,0,Dhaka,0,839,663,1,947.59,1,0,0,0
TXN100230,USER085,USER445,1963.16,2026-09-06T22:06:26.128862,8,DEVICE030,0,Sylhet,0,580,627,1,84.78,0,0,0,0
TXN200291,USER060,USER130,18211.04,2026-09-04T23:46:26.128862,10,DEVICE242,1,Sylhet,0,16,7,6,16386.51,1,1,0,1
TXN101554,USER014,USER396,2001.39,2026-09-17T21:49:33.128862,8,DEVICE092,0,Dhaka,0,719,239,1,664.53,0,0,0,0
TXN104239,USER091,USER421,1224.43,2026-10-02T04:24:41.128862,14,DEVICE074,1,Chattogram,0,550,480,2,128.38,0,0,0,0
TXN200294,USER091,USER110,34544.02,2026-09-30T23:15:21.128862,9,DEVICE182,0,Chattogram,0,11,18,9,33447.97,1,1,0,1
TXN104786,USER205,USER081,2523.7,2026-09-29T00:42:23.128862,10,DEVICE117,0,Sylhet,0,679,563,3,412.47,0,0,1,0
TXN103601,USER047,USER005,1179.76,2026-10-02T22:38:07.128862,8,DEVICE052,0,Chattogram,0,802,837,1,107.06,1,0,0,0
TXN200417,USER182,USER099,38472.73,2026-09-19T16:39:40.128862,2,DEVICE_ROGUE_917,1,Unknown,1,690,11,11,35854.65,1,1,3,1
TXN200275,USER075,USER045,39462.83,2026-09-09T16:37:43.128862,2,DEVICE010,0,Sylhet,0,995,336,5,36893.15,1,0,1,1
TXN100017,USER180,USER007,1245.19,2026-09-07T22:21:55.128862,8,DEVICE050,0,Chattogram,0,754,708,1,-815.78,0,0,0,0
TXN200375,USER242,USER493,9749.29,2026-09-04T21:29:50.128862,7,DEVICE204,1,Chattogram,0,837,178,15,7373.37,1,1,1,1
TXN102868,USER119,USER589,3120.16,2026-09-04T02:02:33.128862,12,DEVICE179,0,Chattogram,0,1092,747,1,675.94,0,0,0,0
TXN101654,USER155,USER534,1259.62,2026-09-27T21:35:31.128862,7,DEVICE073,0,Dhaka,0,1051,83,2,132.91,0,0,0,0
TXN101129,USER152,USER025,2822.66,2026-09-09T04:03:35.128862,14,DEVICE044,0,Chattogram,0,929,364,3,267.99,0,0,0,0
TXN102329,USER009,USER480,2316.35,2026-09-12T22:54:15.128862,9,DEVICE033,0,Dhaka,0,634,510,1,377.16,0,0,0,0
TXN101090,USER244,USER001,3711.51,2026-10-01T23:48:21.128862,10,DEVICE082,0,Sylhet,0,274,740,1,387.8,0,0,0,0
TXN200803,USER245,USER356,31938.14,2026-09-09T18:02:30.128862,4,DEVICE_ROGUE_936,1,Chattogram,1,694,8,11,30586.64,1,1,3,1
TXN104458,USER196,USER174,3309.52,2026-09-05T01:20:29.128862,11,DEVICE057,0,Chattogram,1,1109,724,2,183.88,0,0,0,0
TXN101498,USER285,USER589,1926.67,2026-09-20T08:43:24.128862,18,DEVICE057,0,Dhaka,0,219,63,1,-192.37,1,0,1,0
TXN103033,USER140,USER427,1217.82,2026-09-18T00:15:02.128862,10,DEVICE149,0,Chattogram,0,1104,148,2,71.16,1,0,0,0
TXN101881,USER223,USER509,2309.82,2026-09-22T02:13:50.128862,12,DEVICE122,0,Sylhet,0,694,151,1,45.89,0,0,0,0
TXN102662,USER208,USER337,907.12,2026-09-17T18:53:04.128862,5,DEVICE171,0,Dhaka,0,994,98,1,-51.2,0,0,0,0
TXN200313,USER114,USER163,15016.38,2026-09-17T16:06:23.128862,2,DEVICE331,1,Chattogram,0,1129,192,18,13734.02,1,1,1,1
TXN103413,USER289,USER344,2136.87,2026-09-24T02:35:00.128862,12,DEVICE112,0,Chattogram,0,328,504,1,193.22,1,0,0,0
TXN100696,USER232,USER280,1509.37,2026-09-13T23:06:26.128862,9,DEVICE134,0,Chattogram,0,811,76,1,207.64,0,0,0,0
TXN104423,USER109,USER110,2832.5,2026-09-18T22:18:20.128862,8,DEVICE170,0,Sylhet,0,369,375,1,807.45,1,0,0,0
TXN103484,USER095,USER066,932.42,2026-09-23T00:21:43.128862,10,DEVICE138,0,Chattogram,0,405,274,3,-39.1,0,0,0,0
TXN100535,USER107,USER083,1232.81,2026-09-14T06:33:12.128862,16,DEVICE160,0,Dhaka,0,480,750,1,131.62,0,0,0,0
TXN102627,USER172,USER428,3935.98,2026-09-27T00:51:48.128862,11,DEVICE122,0,Chattogram,0,978,972,1,1594.16,0,0,0,0
TXN103163,USER265,USER560,2813.72,2026-09-28T09:06:58.128862,19,DEVICE100,0,Chattogram,0,552,798,3,-237.39,0,0,0,0
TXN103492,USER116,USER040,3315.28,2026-09-07T00:22:29.128862,10,DEVICE105,0,Chattogram,0,95,479,1,164.88,0,0,0,0
TXN103653,USER100,USER249,2804.76,2026-09-16T08:26:01.128862,18,DEVICE172,0,Chattogram,0,940,358,3,-319.35,0,0,0,0
TXN102594,USER020,USER161,974.73,2026-09-22T06:15:43.128862,16,DEVICE091,0,Chattogram,0,914,388,2,157.18,1,0,0,0
TXN200917,USER083,USER138,48375.35,2026-09-20T16:18:31.128862,2,DEVICE_ROGUE_958,1,Chattogram,1,338,11,6,45996.97,1,1,3,1
TXN200710,USER096,USER485,8585.91,2026-09-15T19:04:24.128862,5,DEVICE252,1,Dhaka,0,1110,172,9,6755.54,1,1,1,1
TXN101047,USER175,USER050,2302.47,2026-10-02T05:18:50.128862,15,DEVICE019,0,Sylhet,0,998,352,1,-677.77,0,0,0,0
TXN200884,USER155,USER549,16929.37,2026-09-13T11:06:18.128862,21,DEVICE203,1,Dhaka,0,1051,168,20,15802.66,1,1,2,1
TXN200218,USER109,USER213,44918.89,2026-09-16T16:38:47.128862,2,DEVICE_ROGUE_944,1,Chattogram,1,369,8,11,42893.84,1,1,3,1
TXN100014,USER217,USER053,3898.5,2026-09-23T12:04:35.128862,22,DEVICE130,0,Dhaka,0,1079,218,1,1597.93,0,0,0,0
TXN103742,USER008,USER395,1105.23,2026-09-26T01:51:33.128862,12,DEVICE111,0,Dhaka,0,395,904,4,70.5,0,1,0,0
TXN104307,USER221,USER089,3255.16,2026-09-14T20:10:36.128862,6,DEVICE041,0,Sylhet,0,825,113,1,-160.36,0,0,0,0
TXN201073,USER104,USER307,33115.72,2026-09-26T16:48:54.128862,3,DEVICE_ROGUE_926,1,Chattogram,1,1025,8,7,30865.9,1,1,2,1
TXN102347,USER019,USER122,2210.74,2026-09-21T18:53:27.128862,5,DEVICE027,0,Dhaka,0,712,628,1,-774.72,1,0,0,0
TXN200890,USER083,USER053,40154.92,2026-09-27T16:28:03.128862,2,DEVICE156,0,Sylhet,0,338,318,2,37776.54,1,0,0,1
TXN101564,USER098,USER111,2268.66,2026-09-27T22:37:05.128862,8,DEVICE190,0,Chattogram,0,1132,854,1,40.05,0,0,0,0
TXN200819,USER083,USER052,9990.13,2026-10-03T01:09:15.128862,11,DEVICE044,1,Sylhet,0,338,57,10,7611.75,1,1,2,1
TXN101864,USER095,USER183,1006.24,2026-09-15T07:10:16.128862,17,DEVICE138,0,Chattogram,0,405,692,2,34.72,0,0,0,0
TXN103094,USER285,USER331,2551.87,2026-09-05T22:53:58.128862,9,DEVICE126,1,Dhaka,0,219,89,1,432.83,0,0,0,0
TXN100065,USER090,USER371,736.98,2026-09-07T03:58:03.128862,14,DEVICE012,0,Sylhet,0,280,86,1,-190.23,0,0,0,0
TXN103403,USER178,USER372,1318.29,2026-09-22T09:51:02.128862,20,DEVICE162,0,Sylhet,0,149,253,1,-645.55,0,0,0,0
TXN200609,USER110,USER419,24009.25,2026-09-30T21:53:10.128862,8,DEVICE032,0,Sylhet,0,21,29,11,20633.95,1,1,0,1
TXN201054,USER095,USER476,40852.24,2026-09-25T17:13:06.128862,3,DEVICE138,0,Chattogram,0,405,269,4,39880.72,1,0,1,1
TXN102410,USER003,USER098,1598.66,2026-09-23T00:13:05.128862,10,DEVICE010,0,Dhaka,0,631,788,2,56.08,1,0,0,0
TXN200969,USER053,USER517,38135.72,2026-09-07T15:55:54.128862,2,DEVICE_ROGUE_943,1,Coxs Bazar,1,765,3,8,36614.88,1,1,2,1
TXN102841,USER029,USER493,3745.04,2026-09-28T04:06:31.128862,14,DEVICE046,0,Dhaka,0,750,884,2,656.81,1,0,1,0
TXN102008,USER006,USER255,3940.13,2026-09-21T10:54:07.128862,21,DEVICE142,0,Sylhet,0,325,197,1,1313.04,0,0,0,0
TXN101272,USER159,USER210,2168.8,2026-09-24T11:33:11.128862,21,DEVICE159,0,Sylhet,0,254,485,1,747.49,0,0,0,0
TXN200145,USER260,USER032,31569.34,2026-09-08T13:03:02.128862,23,DEVICE_ROGUE_926,1,Sylhet,1,783,7,7,28249.54,1,1,3,1
TXN101894,USER065,USER039,2748.98,2026-09-04T23:04:30.128862,9,DEVICE103,0,Sylhet,0,917,450,4,-326.72,0,1,0,0
TXN104317,USER235,USER431,1297.51,2026-09-12T10:00:32.128862,20,DEVICE062,0,Dhaka,0,603,841,1,-137.54,0,0,0,0
TXN101971,USER222,USER460,1815.65,2026-09-20T05:33:43.128862,15,DEVICE191,0,Chattogram,0,695,729,1,-548.14,1,0,0,0
TXN104095,USER054,USER008,2484.9,2026-09-05T20:29:41.128862,6,DEVICE169,0,Chattogram,0,933,362,4,-844.07,0,1,0,0
TXN100088,USER280,USER363,2460.76,2026-10-01T07:31:56.128862,17,DEVICE138,0,Dhaka,0,568,684,2,27.72,0,0,0,0
TXN103090,USER201,USER352,3794.89,2026-09-04T01:04:30.128862,11,DEVICE013,0,Chattogram,0,1031,330,3,378.6,0,0,0,0
TXN200083,USER245,USER515,49113.1,2026-09-18T16:46:55.128862,3,DEVICE_ROGUE_942,1,Sylhet,1,694,12,7,47761.6,1,1,3,1
TXN101499,USER284,USER430,753.56,2026-09-04T05:15:25.128862,15,DEVICE155,0,Sylhet,0,543,798,1,-759.2,0,0,0,0
TXN102899,USER019,USER578,5214.36,2026-09-21T05:38:26.128862,15,DEVICE027,0,Dhaka,0,712,706,1,2228.9,0,0,0,0
TXN101407,USER269,USER351,2738.47,2026-09-19T00:17:52.128862,10,DEVICE006,0,Sylhet,0,898,270,1,172.73,0,0,0,0
TXN103459,USER275,USER506,1046.0,2026-10-03T06:42:40.128862,16,DEVICE091,0,Dhaka,0,844,369,2,-116.59,1,0,0,0
TXN103670,USER251,USER458,827.52,2026-09-28T20:16:45.128862,6,DEVICE178,0,Chattogram,0,1194,563,2,-826.16,1,0,1,0
TXN104698,USER104,USER174,1515.16,2026-09-05T00:01:28.128862,10,DEVICE205,1,Sylhet,0,1025,125,1,-734.66,0,0,0,0
TXN200977,USER242,USER554,47099.08,2026-09-16T22:58:43.128862,9,DEVICE070,0,Chattogram,0,21,10,17,44723.16,1,1,0,1
TXN104503,USER214,USER088,1825.71,2026-09-20T10:02:35.128862,20,DEVICE114,0,Dhaka,0,708,553,2,-116.41,0,0,0,0
TXN100763,USER247,USER070,1736.98,2026-09-23T01:43:50.128862,11,DEVICE036,0,Dhaka,0,940,819,1,292.53,0,0,0,0
TXN101662,USER176,USER328,1255.66,2026-09-30T23:56:05.128862,10,DEVICE117,0,Chattogram,0,430,67,1,-58.45,0,0,0,0
TXN100420,USER005,USER069,2683.87,2026-09-12T01:28:07.128862,11,DEVICE150,0,Sylhet,0,960,170,1,-104.6,1,0,0,0
TXN103014,USER241,USER402,2492.74,2026-09-08T20:51:48.128862,7,DEVICE061,0,Chattogram,0,158,671,1,560.83,1,0,0,0
TXN102584,USER072,USER089,3296.98,2026-09-30T06:15:36.128862,16,DEVICE046,0,Sylhet,0,1151,840,1,-48.88,0,0,0,0
TXN100373,USER043,USER107,692.9,2026-09-07T23:50:54.128862,10,DEVICE098,0,Sylhet,0,982,294,1,-722.43,0,0,0,0
TXN200231,USER151,USER524,38953.33,2026-09-24T16:51:21.128862,3,DEVICE189,0,Sylhet,0,385,352,2,35466.43,1,0,1,1
TXN104534,USER150,USER267,1776.67,2026-09-09T03:14:16.128862,13,DEVICE122,0,Dhaka,0,121,339,1,135.04,0,0,0,0
TXN102373,USER216,USER500,2771.09,2026-09-27T00:46:19.128862,11,DEVICE185,0,Sylhet,0,877,133,2,-716.55,0,0,0,0
TXN102767,USER249,USER309,2107.71,2026-09-15T09:44:45.128862,19,DEVICE060,0,Dhaka,0,501,105,1,-505.85,1,0,0,0
TXN103361,USER154,USER525,2325.01,2026-09-09T07:03:24.128862,17,DEVICE022,0,Sylhet,0,243,359,1,127.56,0,0,0,0
TXN101832,USER145,USER472,2934.6,2026-09-09T12:41:36.128862,22,DEVICE114,0,Sylhet,0,295,301,1,992.13,0,0,0,0
TXN101620,USER153,USER172,1925.75,2026-09-25T22:06:45.128862,8,DEVICE169,0,Chattogram,0,406,745,2,-57.12,0,0,0,0
TXN103275,USER282,USER159,1444.88,2026-09-08T21:35:56.128862,7,DEVICE189,0,Dhaka,0,141,654,2,95.17,0,0,0,0
TXN100538,USER116,USER329,2745.07,2026-09-12T01:17:56.128862,11,DEVICE105,0,Barishal,1,95,413,2,-405.33,0,0,0,0
TXN103550,USER245,USER088,1151.52,2026-09-28T08:52:46.128862,19,DEVICE139,0,Sylhet,0,694,345,1,-199.98,0,0,0,0
TXN100755,USER140,USER158,1491.77,2026-09-09T01:58:58.128862,12,DEVICE346,1,Chattogram,0,1104,512,2,345.11,0,0,0,0
TXN103606,USER142,USER015,1957.2,2026-09-23T23:16:33.128862,9,DEVICE168,0,Sylhet,0,348,834,1,-327.27,0,0,0,0
TXN100534,USER001,USER073,2133.35,2026-09-26T01:06:46.128862,11,DEVICE219,1,Sylhet,0,235,774,1,-393.1,0,0,0,0
TXN101448,USER206,USER429,1397.8,2026-09-11T08:36:07.128862,18,DEVICE035,0,Chattogram,0,413,306,1,20.68,0,0,0,0
TXN100915,USER008,USER380,766.0,2026-09-04T08:05:10.128862,18,DEVICE111,0,Dhaka,0,395,187,1,-268.73,0,0,0,0
TXN103127,USER141,USER050,1946.2,2026-09-10T05:00:24.128862,15,DEVICE156,0,Chattogram,0,165,91,1,-137.06,0,0,0,0
TXN200139,USER074,USER497,8229.85,2026-09-11T20:16:08.128862,6,DEVICE355,1,Dhaka,0,1110,114,18,6580.22,1,1,1,1
TXN200617,USER204,USER522,31838.21,2026-09-30T21:53:57.128862,8,DEVICE139,1,Sylhet,0,6,22,7,30589.17,1,1,0,1
TXN100181,USER068,USER490,376.41,2026-09-15T19:50:59.128862,6,DEVICE085,0,Sylhet,0,1036,436,2,-510.26,0,0,0,0
TXN101769,USER034,USER061,3782.86,2026-09-21T08:26:57.128862,18,DEVICE086,0,Chattogram,1,132,648,1,355.45,0,0,1,0
TXN104609,USER047,USER371,627.86,2026-09-24T06:23:58.128862,16,DEVICE052,0,Chattogram,0,802,939,2,-444.84,0,0,0,0
TXN102829,USER175,USER252,2471.88,2026-09-21T21:26:01.128862,7,DEVICE019,0,Sylhet,0,998,70,1,-508.36,0,0,0,0
TXN103313,USER154,USER531,3674.13,2026-10-02T00:14:43.128862,10,DEVICE022,0,Sylhet,0,243,590,1,1476.68,1,0,0,0
TXN200657,USER120,USER049,31047.46,2026-09-19T17:04:04.128862,3,DEVICE_ROGUE_999,1,Coxs Bazar,1,394,5,11,29834.79,1,1,4,1
TXN101192,USER168,USER546,3031.48,2026-09-25T02:58:02.128862,13,DEVICE038,0,Dhaka,0,570,974,2,425.24,0,0,0,0
TXN104081,USER102,USER593,3544.09,2026-09-22T16:45:51.128862,3,DEVICE094,0,Sylhet,0,1057,995,1,798.14,1,0,0,0
TXN102127,USER243,USER513,1749.26,2026-09-18T05:16:58.128862,15,DEVICE086,0,Dhaka,0,359,506,1,-462.25,0,0,0,0
TXN200595,USER098,USER162,24204.13,2026-09-29T04:41:15.128862,14,DEVICE271,1,Chattogram,0,1132,163,8,21975.52,1,1,2,1
TXN100476,USER154,USER584,1956.51,2026-09-25T08:05:11.128862,18,DEVICE022,0,Sylhet,0,243,997,4,-240.94,0,1,0,0
TXN200120,USER201,USER483,49331.29,2026-09-06T17:50:04.128862,4,DEVICE013,0,Chattogram,0,1031,294,2,45915.0,1,0,0,1
TXN101323,USER031,USER362,2809.82,2026-09-06T11:05:58.128862,21,DEVICE007,0,Sylhet,0,142,300,1,-169.43,0,0,0,0
TXN100259,USER170,USER381,885.17,2026-09-13T00:15:07.128862,10,DEVICE012,0,Gazipur,1,555,654,1,-272.07,0,0,0,0
TXN100279,USER067,USER495,1427.68,2026-09-07T10:41:39.128862,20,DEVICE138,0,Barishal,1,92,72,1,9.25,0,0,0,0
TXN100561,USER070,USER366,1816.61,2026-09-11T22:08:39.128862,8,DEVICE030,0,Chattogram,0,201,109,1,293.71,0,0,0,0
TXN104284,USER098,USER045,2976.7,2026-09-04T04:50:51.128862,15,DEVICE190,0,Chattogram,0,1132,233,1,748.09,0,0,0,0
TXN100198,USER027,USER184,860.29,2026-09-19T22:47:38.128862,9,DEVICE061,0,Dhaka,0,171,349,3,-190.12,0,0,0,0
TXN103929,USER137,USER522,472.63,2026-09-29T09:38:29.128862,19,DEVICE074,0,Dhaka,0,870,388,2,-514.24,0,0,0,0
TXN104377,USER111,USER109,3528.42,2026-09-22T01:11:53.128862,11,DEVICE185,0,Chattogram,0,655,147,2,363.62,0,0,0,0
TXN102275,USER169,USER231,1685.15,2026-09-07T04:20:14.128862,14,DEVICE007,0,Chattogram,0,678,621,2,306.71,0,0,0,0
TXN101740,USER162,USER493,1849.11,2026-09-08T05:38:43.128862,15,DEVICE193,0,Dhaka,0,868,757,2,-654.87,1,0,0,0
TXN101891,USER295,USER546,3099.74,2026-10-02T06:18:50.128862,16,DEVICE174,0,Dhaka,0,327,315,3,298.42,1,0,0,0
TXN101859,USER103,USER391,2517.38,2026-09-03T19:16:20.128862,5,DEVICE111,0,Chattogram,0,589,720,1,-123.24,0,0,0,0
TXN104614,USER128,USER292,2346.6,2026-09-13T03:42:57.128862,13,DEVICE192,0,Sylhet,0,749,534,1,-961.97,0,0,0,0
TXN201103,USER154,USER499,35545.18,2026-09-26T18:37:36.128862,4,DEVICE022,0,Sylhet,0,243,248,5,33347.73,1,0,1,1
TXN103026,USER044,USER164,2265.35,2026-09-16T21:48:08.128862,8,DEVICE010,0,Dhaka,0,1097,965,1,684.0,1,0,0,0
TXN101383,USER137,USER600,792.0,2026-09-13T04:42:04.128862,14,DEVICE074,0,Dhaka,0,870,941,1,-194.87,0,0,0,0
TXN102091,USER206,USER053,991.25,2026-09-27T00:18:40.128862,10,DEVICE123,1,Chattogram,0,413,162,1,-385.87,0,0,0,0
TXN103076,USER268,USER181,3995.83,2026-09-06T00:56:11.128862,11,DEVICE179,0,Chattogram,0,274,450,2,530.3,0,0,0,0
TXN104333,USER150,USER245,1978.96,2026-09-18T00:20:00.128862,10,DEVICE122,0,Dhaka,0,121,937,1,337.33,0,0,1,0
TXN103198,USER189,USER204,938.82,2026-09-04T20:17:44.128862,6,DEVICE177,0,Chattogram,1,933,76,2,-374.74,0,0,0,0
TXN101599,USER019,USER452,3128.69,2026-10-02T20:56:28.128862,7,DEVICE027,0,Dhaka,0,712,459,1,143.23,0,0,0,0
TXN102574,USER229,USER233,1533.74,2026-09-19T10:43:22.128862,20,DEVICE071,0,Sylhet,0,1107,336,1,308.67,0,0,0,0
TXN101726,USER198,USER546,638.89,2026-09-20T19:08:05.128862,5,DEVICE179,0,Dhaka,0,565,331,1,-297.7,0,0,0,0
TXN103237,USER171,USER514,4280.06,2026-09-29T17:53:57.128862,4,DEVICE063,0,Sylhet,0,275,467,1,954.17,0,0,0,0
TXN200446,USER104,USER569,41580.32,2026-09-12T06:05:46.128862,16,DEVICE036,1,Sylhet,0,6,6,8,39330.5,1,1,0,1
TXN200893,USER201,USER522,33642.98,2026-09-13T15:11:02.128862,1,DEVICE_ROGUE_933,1,Unknown,1,1031,3,12,30226.69,1,1,4,1
TXN104666,USER061,USER319,2803.66,2026-09-14T01:28:00.128862,11,DEVICE072,0,Dhaka,0,734,553,2,-668.05,1,0,0,0
TXN104792,USER040,USER353,1570.78,2026-09-10T05:46:43.128862,16,DEVICE308,1,Dhaka,0,995,166,2,-788.07,0,0,0,0
TXN101223,USER206,USER127,1995.57,2026-09-22T07:28:22.128862,17,DEVICE035,0,Chattogram,0,413,342,1,618.45,0,0,1,0
TXN101297,USER210,USER163,2444.83,2026-09-24T05:15:57.128862,15,DEVICE144,0,Dhaka,0,702,985,1,-1015.5,0,0,0,0
TXN102775,USER122,USER563,1994.16,2026-10-03T08:22:40.128862,18,DEVICE033,0,Dhaka,0,1193,421,2,-262.16,0,0,0,0
TXN100015,USER056,USER359,3174.16,2026-09-15T08:53:01.128862,19,DEVICE103,0,Dhaka,0,680,499,6,729.51,0,1,0,0
TXN200625,USER232,USER430,23142.53,2026-09-06T03:27:18.128862,13,DEVICE133,1,Chattogram,0,8,24,11,21840.8,1,1,0,1
TXN100351,USER100,USER466,4147.67,2026-09-22T09:45:29.128862,20,DEVICE172,0,Chattogram,0,940,632,1,1023.56,1,0,0,0
TXN200604,USER286,USER306,39690.18,2026-09-09T17:46:01.128862,4,DEVICE_ROGUE_918,1,Chattogram,1,1040,3,6,36445.77,1,1,2,1
TXN101362,USER075,USER350,2707.69,2026-09-30T04:32:23.128862,14,DEVICE010,0,Sylhet,0,995,895,1,138.01,0,0,0,0
TXN102170,USER006,USER014,3349.97,2026-09-24T05:11:38.128862,15,DEVICE142,0,Sylhet,0,325,100,2,722.88,1,0,0,0
TXN102031,USER052,USER579,1098.93,2026-09-11T23:09:02.128862,9,DEVICE058,0,Chattogram,0,419,137,1,-266.74,1,0,0,0
TXN103813,USER175,USER449,2813.6,2026-09-16T09:38:41.128862,19,DEVICE019,0,Sylhet,0,998,781,3,-166.64,0,0,0,0
TXN101022,USER111,USER029,3310.25,2026-09-30T01:24:40.128862,11,DEVICE185,0,Chattogram,0,655,813,1,145.45,0,0,0,0
TXN100371,USER186,USER534,1219.14,2026-09-17T11:55:24.128862,22,DEVICE063,0,Chattogram,0,388,300,1,-496.98,0,0,0,0
TXN102244,USER208,USER100,1053.78,2026-09-18T16:16:44.128862,2,DEVICE171,0,Dhaka,0,994,568,1,95.46,0,0,0,0
TXN102313,USER291,USER397,966.07,2026-09-24T23:19:28.128862,9,DEVICE008,0,Sylhet,0,182,938,1,156.5,0,0,0,0
TXN201060,USER076,USER235,47996.88,2026-09-17T16:57:53.128862,3,DEVICE_ROGUE_981,1,Coxs Bazar,1,195,4,8,46128.67,1,1,4,1
TXN103796,USER231,USER207,749.5,2026-09-06T05:10:29.128862,15,DEVICE200,0,Barishal,1,561,337,1,-266.8,0,0,0,0
TXN103799,USER254,USER521,1830.46,2026-09-25T09:47:49.128862,20,DEVICE055,0,Dhaka,0,1117,929,1,-206.91,1,0,0,0
TXN201004,USER293,USER184,32745.52,2026-09-08T11:38:50.128862,21,DEVICE206,1,Chattogram,0,6,27,8,30225.31,1,1,0,1
TXN100742,USER088,USER107,1890.65,2026-09-09T06:48:05.128862,17,DEVICE049,0,Sylhet,0,118,251,1,-285.07,1,0,0,0
TXN101268,USER261,USER537,3021.19,2026-09-20T09:08:56.128862,19,DEVICE107,0,Sylhet,0,325,161,1,-157.14,0,0,0,0
TXN102600,USER267,USER250,3826.79,2026-09-21T05:24:15.128862,15,DEVICE150,0,Chattogram,0,839,377,2,1375.26,0,0,0,0
TXN101617,USER063,USER537,2208.99,2026-09-05T03:23:59.128862,13,DEVICE165,0,Chattogram,0,752,66,5,-94.77,0,1,0,0
TXN100805,USER092,USER500,2715.84,2026-09-13T07:37:55.128862,17,DEVICE112,0,Dhaka,0,322,82,1,221.74,0,0,0,0
TXN104796,USER075,USER359,3962.04,2026-09-28T18:43:32.128862,4,DEVICE010,0,Sylhet,0,995,106,1,1392.36,0,0,0,0
TXN100683,USER278,USER591,2201.18,2026-09-22T08:18:25.128862,18,DEVICE100,0,Chattogram,0,850,79,1,-92.52,1,0,0,0
TXN200183,USER176,USER341,24612.91,2026-09-17T09:27:49.128862,19,DEVICE138,1,Chattogram,0,430,104,20,23298.8,1,1,1,1
TXN103559,USER152,USER207,2414.97,2026-10-02T09:03:19.128862,19,DEVICE044,0,Chattogram,0,929,792,1,-139.7,0,0,0,0
TXN103852,USER125,USER027,533.49,2026-09-24T13:45:00.128862,23,DEVICE218,1,Dhaka,0,770,156,3,-268.05,0,0,0,0
TXN103805,USER045,USER597,1083.6,2026-09-10T06:33:35.128862,16,DEVICE121,0,Dhaka,0,276,74,1,68.16,0,0,0,0
TXN200763,USER260,USER017,47561.24,2026-09-23T17:31:28.128862,3,DEVICE_ROGUE_904,1,Unknown,1,783,9,7,44241.44,1,1,2,1
TXN104706,USER250,USER385,2092.82,2026-10-02T00:34:47.128862,10,DEVICE099,0,Sylhet,0,360,670,1,482.83,0,0,0,0
TXN104369,USER216,USER071,4340.01,2026-09-08T09:24:08.128862,19,DEVICE185,0,Sylhet,0,877,585,2,852.37,0,0,0,0
TXN200212,USER187,USER318,21154.46,2026-09-04T07:13:30.128862,17,DEVICE159,1,Dhaka,0,590,135,17,18027.94,1,1,1,1
TXN103856,USER182,USER143,1906.04,2026-09-17T21:40:38.128862,7,DEVICE179,0,Sylhet,0,690,894,2,-712.04,1,0,0,0
TXN103859,USER087,USER499,3569.51,2026-09-15T23:37:22.128862,9,DEVICE148,0,Chattogram,0,726,295,3,76.16,0,0,0,0
TXN100008,USER016,USER063,1913.9,2026-10-01T13:10:40.128862,23,DEVICE175,0,Chattogram,0,989,991,2,-357.44,0,0,0,0
TXN101862,USER111,USER157,3908.52,2026-09-08T22:43:58.128862,8,DEVICE185,0,Chattogram,0,655,832,1,743.72,0,0,0,0
TXN102819,USER105,USER594,825.44,2026-09-19T15:01:56.128862,1,DEVICE171,0,Dhaka,0,386,819,1,-694.99,0,0,0,0
TXN101351,USER196,USER582,3007.09,2026-09-07T10:48:36.128862,21,DEVICE057,0,Dhaka,0,1109,493,3,-118.55,0,0,0,0
TXN100576,USER116,USER568,3775.96,2026-10-01T02:12:25.128862,12,DEVICE105,0,Chattogram,0,95,881,1,625.56,0,0,0,0
TXN100626,USER226,USER055,2059.12,2026-09-04T22:59:24.128862,9,DEVICE134,1,Chattogram,0,652,538,2,-318.16,0,0,0,0
TXN103618,USER186,USER323,1441.88,2026-10-03T02:50:31.128862,13,DEVICE063,0,Chattogram,0,388,817,1,-274.24,1,0,0,0
TXN200731,USER178,USER360,41212.45,2026-09-14T12:51:57.128862,23,DEVICE_ROGUE_961,1,Coxs Bazar,1,149,8,10,39248.61,1,1,3,1
TXN100426,USER160,USER338,610.45,2026-09-08T02:58:54.128862,13,DEVICE086,0,Chattogram,0,762,879,2,-784.14,0,0,0,0
TXN100033,USER225,USER450,834.63,2026-09-23T03:55:36.128862,14,DEVICE067,0,Sylhet,0,900,478,4,-119.72,0,1,0,0
TXN101046,USER190,USER465,1995.64,2026-09-18T00:56:45.128862,11,DEVICE002,0,Dhaka,0,458,851,1,-15.62,1,0,0,0
TXN100044,USER140,USER461,1091.51,2026-09-08T10:38:40.128862,20,DEVICE149,0,Chattogram,0,1104,896,1,-55.15,0,0,0,0
TXN103339,USER263,USER568,1828.55,2026-09-26T23:53:09.128862,10,DEVICE053,0,Chattogram,0,244,91,2,30.83,0,0,0,0
TXN101044,USER056,USER047,2625.67,2026-10-02T20:07:41.128862,6,DEVICE103,0,Dhaka,0,680,818,2,181.02,0,0,0,0
TXN101101,USER076,USER274,2348.64,2026-09-17T20:47:30.128862,7,DEVICE028,0,Sylhet,0,195,479,1,480.43,1,0,0,0
TXN101049,USER178,USER292,1604.02,2026-09-12T22:02:44.128862,8,DEVICE162,0,Sylhet,0,149,355,1,-359.82,0,0,0,0
TXN101883,USER102,USER039,1781.96,2026-09-16T05:02:49.128862,15,DEVICE094,0,Sylhet,0,1057,535,2,-963.99,0,0,0,0
TXN104471,USER208,USER329,962.49,2026-09-07T07:45:12.128862,17,DEVICE171,0,Dhaka,0,994,375,1,4.17,1,0,0,0
TXN104633,USER285,USER303,2676.63,2026-09-25T18:21:28.128862,4,DEVICE057,0,Dhaka,0,219,189,2,557.59,0,0,0,0
TXN101743,USER282,USER512,1586.42,2026-10-02T18:37:23.128862,4,DEVICE189,0,Dhaka,0,141,236,1,236.71,0,0,0,0
TXN102577,USER034,USER143,2286.41,2026-09-23T10:02:02.128862,20,DEVICE086,0,Dhaka,0,132,298,1,-1141.0,0,0,0,0
TXN100063,USER147,USER503,1569.76,2026-09-07T23:39:17.128862,9,DEVICE173,0,Sylhet,0,294,515,1,-686.34,0,0,0,0
TXN104353,USER129,USER275,3433.69,2026-09-29T07:52:50.128862,18,DEVICE045,0,Sylhet,0,476,336,1,261.14,0,0,0,0
TXN103070,USER239,USER029,2495.48,2026-09-14T06:24:29.128862,16,DEVICE183,0,Dhaka,0,722,297,2,90.28,1,0,1,0
TXN200529,USER199,USER298,44778.14,2026-09-15T13:11:32.128862,23,DEVICE_ROGUE_978,1,Chattogram,1,1034,12,8,41280.08,1,1,3,1
TXN102617,USER057,USER074,1472.19,2026-09-17T08:34:19.128862,18,DEVICE085,0,Sylhet,0,910,747,1,210.12,1,0,0,0
TXN101119,USER050,USER397,1654.62,2026-09-27T22:44:21.128862,8,DEVICE079,0,Sylhet,0,747,349,3,-130.43,0,0,0,0
TXN102499,USER109,USER434,1934.17,2026-09-25T09:21:37.128862,19,DEVICE261,1,Sylhet,0,369,767,2,-90.88,0,0,0,0
TXN103392,USER295,USER236,2812.11,2026-10-03T07:59:14.128862,18,DEVICE174,0,Dhaka,0,327,602,1,10.79,0,0,0,0
TXN100705,USER219,USER054,1360.36,2026-09-14T09:13:07.128862,19,DEVICE141,0,Dhaka,0,575,756,1,142.41,0,0,0,0
TXN200186,USER154,USER225,32805.8,2026-09-15T13:01:32.128862,23,DEVICE_ROGUE_990,1,Chattogram,1,243,5,7,30608.35,1,1,2,1
TXN200162,USER219,USER207,24935.85,2026-10-01T16:09:27.128862,2,DEVICE357,1,Dhaka,0,575,122,9,23717.9,1,1,1,1
TXN103268,USER255,USER374,3393.95,2026-09-21T07:29:35.128862,17,DEVICE017,0,Sylhet,0,648,701,1,-101.88,1,0,0,0
TXN104010,USER180,USER117,2188.67,2026-09-16T02:05:48.128862,12,DEVICE050,0,Gazipur,1,754,128,1,127.7,0,0,0,0
TXN101612,USER062,USER525,2271.25,2026-09-06T09:45:06.128862,19,DEVICE090,0,Dhaka,0,606,555,2,-256.75,1,0,0,0
TXN104222,USER034,USER473,3675.93,2026-09-09T23:51:10.128862,10,DEVICE086,0,Dhaka,0,132,88,1,248.52,0,0,0,0
TXN101973,USER152,USER311,1598.3,2026-09-12T10:53:51.128862,21,DEVICE044,0,Mymensingh,1,929,340,1,-956.37,0,0,0,0
TXN200015,USER133,USER549,32538.58,2026-09-25T18:13:38.128862,4,DEVICE_ROGUE_965,1,Unknown,1,931,12,5,29367.95,1,1,4,1
TXN200759,USER241,USER548,43151.78,2026-09-16T16:28:52.128862,2,DEVICE061,0,Chattogram,0,158,99,5,41219.87,1,0,1,1
TXN103932,USER050,USER217,840.35,2026-09-21T17:24:35.128862,3,DEVICE079,0,Sylhet,0,747,573,1,-944.7,0,0,0,0
TXN101315,USER177,USER247,1556.14,2026-09-24T04:41:56.128862,14,DEVICE107,0,Chattogram,0,703,126,1,494.43,1,0,0,0
TXN200887,USER204,USER119,21981.54,2026-10-03T06:55:10.128862,17,DEVICE136,1,Sylhet,0,16,28,16,20732.5,1,1,0,1
TXN200894,USER209,USER165,36736.98,2026-09-10T18:37:45.128862,4,DEVICE_ROGUE_920,1,Unknown,1,797,15,7,34913.75,1,1,3,1
TXN102798,USER008,USER235,1066.99,2026-09-14T00:37:55.128862,10,DEVICE111,0,Dhaka,0,395,670,3,32.26,0,0,0,0
TXN200982,USER134,USER129,42025.89,2026-09-20T18:40:23.128862,4,DEVICE_ROGUE_915,1,Sylhet,1,179,8,11,38669.13,1,1,4,1
TXN103836,USER258,USER599,853.97,2026-09-24T06:53:18.128862,17,DEVICE085,0,Sylhet,0,1076,872,1,-521.55,0,0,0,0
TXN104762,USER270,USER028,657.21,2026-09-14T06:39:11.128862,16,DEVICE312,1,Rajshahi,1,118,104,1,-163.91,0,0,0,0
TXN100747,USER252,USER472,2216.53,2026-09-05T03:32:18.128862,13,DEVICE040,0,Dhaka,0,839,527,1,-613.5,0,0,0,0
TXN104241,USER023,USER440,1492.78,2026-10-02T04:01:27.128862,14,DEVICE105,0,Chattogram,0,1195,217,1,-225.9,0,0,0,0
TXN100473,USER250,USER118,1513.84,2026-09-18T05:05:48.128862,15,DEVICE099,0,Sylhet,0,360,375,1,-96.15,0,0,0,0
TXN103443,USER044,USER182,2140.26,2026-09-08T13:55:31.128862,0,DEVICE010,0,Dhaka,0,1097,468,4,558.91,1,1,0,0
TXN200873,USER183,USER087,44403.23,2026-09-13T15:53:52.128862,2,DEVICE099,0,Chattogram,0,824,63,2,40945.98,1,0,0,1
TXN100297,USER129,USER150,3713.07,2026-09-26T09:35:31.128862,19,DEVICE045,0,Sylhet,0,476,427,1,540.52,0,0,0,0
TXN100303,USER027,USER309,1324.45,2026-09-22T03:20:35.128862,13,DEVICE061,0,Dhaka,0,171,598,1,274.04,0,0,0,0
TXN102476,USER215,USER069,4040.2,2026-09-28T21:21:23.128862,7,DEVICE157,0,Sylhet,0,497,723,1,655.44,0,0,0,0
TXN102377,USER172,USER365,1557.62,2026-09-09T05:25:24.128862,15,DEVICE122,0,Chattogram,0,978,931,1,-784.2,0,0,0,0
TXN103534,USER135,USER345,1293.05,2026-09-13T10:23:57.128862,20,DEVICE001,0,Dhaka,0,741,698,1,261.79,0,0,0,0
TXN103309,USER273,USER463,3286.49,2026-09-17T05:58:25.128862,16,DEVICE123,0,Sylhet,0,343,538,1,695.34,0,0,0,0
TXN103869,USER079,USER365,1055.52,2026-09-08T09:35:47.128862,19,DEVICE089,0,Dhaka,0,358,348,1,-459.66,1,0,0,0
TXN104128,USER089,USER295,1421.08,2026-09-23T19:51:18.128862,6,DEVICE066,0,Chattogram,0,925,96,3,375.62,0,0,0,0
TXN103616,USER148,USER458,2493.65,2026-09-10T03:31:09.128862,13,DEVICE055,0,Sylhet,1,1167,677,1,-277.16,0,0,0,0
TXN102685,USER240,USER364,1232.72,2026-09-22T20:13:35.128862,6,DEVICE074,0,Dhaka,0,992,384,1,-1239.61,0,0,0,0
TXN100240,USER235,USER013,1352.2,2026-09-23T08:22:46.128862,18,DEVICE062,0,Dhaka,0,603,213,2,-82.85,1,0,0,0
TXN200937,USER029,USER271,15746.8,2026-09-15T16:42:53.128862,2,DEVICE178,1,Dhaka,0,750,70,15,12658.57,1,1,1,1
TXN102292,USER129,USER001,3122.36,2026-09-22T19:57:27.128862,6,DEVICE045,0,Sylhet,0,476,345,2,-50.19,0,0,0,0
TXN101671,USER101,USER026,859.71,2026-09-16T15:56:35.128862,2,DEVICE051,0,Chattogram,0,1078,423,1,28.71,0,0,0,0
TXN102099,USER263,USER114,1764.03,2026-09-19T08:38:22.128862,18,DEVICE053,0,Chattogram,0,244,670,1,-33.69,0,0,0,0
TXN200260,USER267,USER118,28480.69,2026-10-02T00:07:07.128862,10,DEVICE150,0,Chattogram,0,6,7,16,26029.16,1,1,0,1
TXN101175,USER203,USER176,4504.04,2026-09-23T09:27:23.128862,19,DEVICE064,0,Sylhet,0,109,545,1,1412.56,0,0,0,0
TXN103933,USER149,USER103,1761.46,2026-09-15T01:47:46.128862,12,DEVICE131,0,Dhaka,0,1025,783,3,418.35,0,0,0,0
TXN104383,USER050,USER106,1199.01,2026-09-18T03:28:22.128862,13,DEVICE079,0,Sylhet,0,747,62,1,-586.04,0,0,0,0
TXN103082,USER015,USER250,1810.51,2026-09-19T22:43:43.128862,8,DEVICE054,0,Dhaka,0,681,335,3,-744.18,0,0,0,0
TXN102862,USER125,USER331,1064.9,2026-09-25T06:12:11.128862,16,DEVICE171,0,Dhaka,0,770,876,1,263.36,0,0,0,0
TXN200791,USER078,USER250,36906.14,2026-09-14T18:17:00.128862,4,DEVICE112,0,Dhaka,0,636,142,3,34867.24,1,0,1,1
TXN200910,USER175,USER185,12846.64,2026-09-08T23:27:26.128862,9,DEVICE376,1,Sylhet,0,998,60,8,9866.4,1,1,2,1
TXN200376,USER226,USER363,45672.16,2026-09-20T18:06:07.128862,4,DEVICE_ROGUE_978,1,Chattogram,1,652,11,7,43294.88,1,1,4,1
TXN101647,USER084,USER216,3586.76,2026-09-22T09:43:12.128862,19,DEVICE131,0,Sylhet,1,149,718,1,362.64,0,0,0,0
TXN103414,USER104,USER326,1989.55,2026-09-15T11:09:57.128862,21,DEVICE018,0,Sylhet,0,1025,667,3,-260.27,0,0,0,0
TXN100333,USER211,USER023,1571.65,2026-09-07T23:21:50.128862,9,DEVICE153,0,Chattogram,0,958,100,1,55.6,0,0,0,0
TXN102602,USER106,USER280,3250.16,2026-09-26T02:14:56.128862,12,DEVICE085,0,Chattogram,0,875,609,1,719.56,0,0,0,0
TXN201067,USER054,USER089,17431.76,2026-09-27T09:17:41.128862,19,DEVICE015,1,Chattogram,0,933,26,15,14102.79,1,1,1,1
TXN102157,USER162,USER141,962.79,2026-09-09T23:55:58.128862,10,DEVICE193,0,Dhaka,0,868,295,1,-1541.19,0,0,0,0
TXN101161,USER192,USER388,1260.11,2026-09-19T09:26:23.128862,19,DEVICE198,0,Dhaka,0,448,555,4,-291.96,0,1,1,0
TXN103574,USER228,USER033,3104.04,2026-09-29T13:02:59.128862,23,DEVICE164,0,Dhaka,0,190,736,1,1.7,0,0,0,0
TXN104476,USER288,USER147,780.74,2026-09-06T01:52:00.128862,12,DEVICE070,0,Chattogram,0,926,978,4,-268.47,1,1,0,0
TXN104581,USER015,USER501,2843.31,2026-09-11T07:07:24.128862,17,DEVICE054,0,Dhaka,0,681,198,1,288.62,0,0,0,0
TXN200150,USER055,USER231,34175.03,2026-09-30T04:14:33.128862,14,DEVICE050,0,Chattogram,0,5,28,11,31625.33,1,1,0,1
TXN103002,USER119,USER305,2142.24,2026-09-30T08:07:49.128862,18,DEVICE179,0,Chattogram,0,1092,879,1,-301.98,0,0,0,0
TXN100247,USER103,USER060,2281.87,2026-09-17T22:49:11.128862,9,DEVICE111,0,Chattogram,0,589,437,2,-358.75,0,0,0,0
TXN200076,USER191,USER597,47908.96,2026-09-13T17:06:18.128862,3,DEVICE_ROGUE_994,1,Unknown,1,438,15,6,45969.88,1,1,3,1
TXN103529,USER182,USER203,2405.9,2026-09-05T04:51:01.128862,15,DEVICE179,0,Sylhet,0,690,689,1,-212.18,0,0,0,0
TXN100800,USER098,USER398,2319.28,2026-09-14T12:34:36.128862,22,DEVICE190,0,Chattogram,0,1132,189,1,90.67,0,0,0,0
TXN101684,USER082,USER029,1284.35,2026-09-25T06:25:29.128862,16,DEVICE112,0,Sylhet,0,1082,618,1,-225.05,0,0,0,0
TXN104681,USER053,USER393,1487.71,2026-09-29T13:29:42.128862,23,DEVICE007,0,Sylhet,0,765,165,1,-33.13,0,0,0,0
TXN104196,USER293,USER335,2275.43,2026-10-02T06:20:44.128862,16,DEVICE087,0,Chattogram,0,713,655,1,-244.78,0,0,0,0
TXN101921,USER058,USER385,3213.27,2026-09-24T22:05:56.128862,8,DEVICE072,0,Sylhet,0,165,721,1,444.63,0,0,0,0
TXN102209,USER058,USER425,1922.03,2026-10-01T03:44:13.128862,13,DEVICE072,0,Sylhet,0,165,716,2,-846.61,0,0,0,0
TXN101221,USER035,USER061,2083.54,2026-09-08T07:54:43.128862,18,DEVICE106,0,Sylhet,0,641,886,1,261.5,0,0,0,0
TXN104003,USER163,USER595,1411.79,2026-09-20T20:50:41.128862,7,DEVICE061,0,Dhaka,0,738,797,1,-6.35,0,0,0,0
TXN101513,USER300,USER338,2565.52,2026-09-09T10:38:51.128862,20,DEVICE033,0,Chattogram,0,885,519,2,-618.87,0,0,0,0
TXN104351,USER264,USER488,1132.35,2026-09-05T23:50:00.128862,10,DEVICE108,0,Chattogram,0,378,326,1,-93.57,0,0,0,0
TXN101253,USER093,USER031,3558.87,2026-09-19T06:31:20.128862,16,DEVICE001,0,Sylhet,0,1035,473,1,620.26,0,0,0,0
TXN200530,USER026,USER161,23711.55,2026-09-07T19:20:01.128862,5,DEVICE220,1,Chattogram,0,254,20,8,22002.74,1,1,2,1
TXN200369,USER033,USER456,10072.67,2026-09-16T20:55:10.128862,7,DEVICE342,1,Chattogram,0,558,62,13,7824.85,1,1,1,1
TXN100598,USER033,USER209,1562.73,2026-09-12T09:37:31.128862,19,DEVICE189,0,Chattogram,0,558,675,2,-685.09,0,0,0,0
TXN101609,USER088,USER414,1878.71,2026-09-11T11:40:57.128862,21,DEVICE049,0,Sylhet,0,118,860,2,-297.01,0,0,0,0
TXN100315,USER153,USER383,2226.99,2026-09-04T11:21:08.128862,21,DEVICE169,0,Chattogram,0,406,65,1,244.12,0,0,0,0
TXN200442,USER003,USER594,23601.81,2026-09-08T03:54:24.128862,14,DEVICE010,0,Dhaka,0,21,8,9,22059.23,1,1,0,1
TXN102276,USER180,USER543,1977.52,2026-10-01T23:39:07.128862,9,DEVICE050,0,Chattogram,0,754,475,1,-83.45,1,0,0,0
TXN100149,USER036,USER419,2021.85,2026-09-08T06:25:32.128862,16,DEVICE172,0,Dhaka,0,172,792,1,-268.66,0,0,0,0
TXN104733,USER019,USER478,3959.3,2026-09-27T11:46:42.128862,22,DEVICE027,0,Dhaka,0,712,809,1,973.84,1,0,1,0
TXN101844,USER183,USER172,3506.61,2026-09-06T21:50:36.128862,8,DEVICE099,0,Chattogram,0,824,998,1,49.36,0,0,0,0
TXN100290,USER259,USER138,1015.99,2026-09-04T11:19:00.128862,21,DEVICE222,1,Sylhet,0,694,554,3,-500.05,0,0,0,0
TXN100453,USER292,USER030,2880.52,2026-09-10T09:07:06.128862,19,DEVICE100,0,Chattogram,0,166,998,1,-1.5,0,0,1,0
TXN201161,USER226,USER340,27755.73,2026-09-06T23:59:27.128862,10,DEVICE384,1,Chattogram,0,21,13,10,25378.45,1,1,0,1
TXN200008,USER193,USER491,14604.39,2026-09-04T04:00:02.128862,14,DEVICE190,1,Sylhet,0,251,74,13,13129.91,1,1,2,1
TXN103396,USER157,USER558,1524.18,2026-09-28T04:05:19.128862,14,DEVICE114,1,Chattogram,0,783,460,2,-188.65,0,0,0,0
TXN100691,USER229,USER086,1114.26,2026-09-20T08:59:03.128862,19,DEVICE071,0,Sylhet,0,1107,232,2,-110.81,0,0,0,0
TXN101144,USER163,USER515,1178.24,2026-09-16T04:00:07.128862,14,DEVICE061,0,Dhaka,0,738,353,1,-239.9,0,0,0,0
TXN101634,USER062,USER481,2831.83,2026-09-17T22:28:26.128862,8,DEVICE090,0,Dhaka,0,606,805,1,303.83,0,0,0,0
TXN104192,USER276,USER329,644.9,2026-09-14T02:53:36.128862,13,DEVICE077,0,Sylhet,0,626,562,2,-466.76,0,0,0,0
TXN101780,USER117,USER392,1526.12,2026-09-29T10:43:53.128862,20,DEVICE084,0,Sylhet,0,669,996,3,-79.68,1,0,0,0
TXN200170,USER248,USER243,42044.3,2026-09-03T16:11:51.128862,2,DEVICE039,0,Dhaka,0,449,285,4,40175.68,1,0,1,1
TXN103651,USER127,USER565,413.55,2026-09-06T08:34:56.128862,18,DEVICE174,0,Sylhet,0,1022,878,1,-439.04,1,0,0,0
TXN100655,USER258,USER033,1606.38,2026-09-14T08:12:20.128862,18,DEVICE085,0,Sylhet,0,1076,289,1,230.86,0,0,0,0
TXN103135,USER055,USER469,2265.56,2026-10-02T00:55:49.128862,11,DEVICE050,0,Chattogram,0,1104,184,2,-284.14,0,0,0,0
TXN101902,USER144,USER391,3782.42,2026-09-05T07:55:09.128862,18,DEVICE120,0,Chattogram,0,769,738,1,626.85,0,0,0,0
TXN104427,USER166,USER066,796.14,2026-09-30T23:25:23.128862,9,DEVICE058,0,Chattogram,0,163,78,1,-195.17,1,0,0,0
TXN101039,USER118,USER584,2184.82,2026-09-08T09:44:47.128862,19,DEVICE104,0,Sylhet,0,701,750,3,-340.34,0,0,0,0
TXN104629,USER121,USER321,2877.95,2026-09-13T04:21:10.128862,14,DEVICE142,0,Dhaka,0,1004,197,1,19.17,0,0,0,0
TXN101411,USER134,USER491,4464.65,2026-09-10T22:39:50.128862,8,DEVICE141,0,Chattogram,0,179,889,2,1107.89,1,0,1,0
TXN200947,USER253,USER270,10810.1,2026-09-09T18:47:26.128862,5,DEVICE337,1,Dhaka,0,1177,97,17,9814.23,1,1,2,1
TXN101672,USER130,USER509,1658.97,2026-09-06T18:20:13.128862,4,DEVICE158,0,Chattogram,0,579,882,3,-1386.53,0,0,0,0
TXN200295,USER170,USER116,28483.66,2026-09-08T13:09:22.128862,23,DEVICE_ROGUE_904,1,Sylhet,1,555,13,6,27326.42,1,1,2,1
TXN101370,USER017,USER512,1507.39,2026-09-04T00:01:57.128862,10,DEVICE064,0,Chattogram,0,344,830,1,112.2,0,0,0,0
TXN200282,USER159,USER201,24365.14,2026-09-18T07:53:53.128862,18,DEVICE159,0,Sylhet,0,8,29,15,22943.83,1,1,0,1
TXN103133,USER009,USER034,1446.64,2026-09-11T00:11:29.128862,10,DEVICE033,0,Dhaka,0,634,483,1,-492.55,0,0,0,0
TXN102380,USER282,USER409,1614.31,2026-09-09T03:20:11.128862,13,DEVICE189,0,Dhaka,0,141,367,1,264.6,0,0,0,0
TXN103720,USER120,USER330,953.31,2026-09-11T02:06:23.128862,12,DEVICE076,0,Chattogram,0,394,541,1,-259.36,0,0,0,0
TXN104091,USER257,USER003,1448.23,2026-09-10T00:00:20.128862,10,DEVICE105,0,Sylhet,0,616,490,1,450.43,0,0,0,0
TXN200206,USER201,USER167,21723.29,2026-09-23T10:54:16.128862,21,DEVICE081,1,Chattogram,0,1031,69,16,18307.0,1,1,2,1
TXN101623,USER158,USER382,896.82,2026-09-22T06:27:09.128862,16,DEVICE163,0,Sylhet,0,904,194,1,-1491.61,0,0,0,0
TXN103669,USER176,USER029,1377.0,2026-09-29T02:05:13.128862,12,DEVICE117,0,Chattogram,0,430,227,2,62.89,0,0,0,0
TXN100381,USER212,USER193,3609.88,2026-09-09T08:53:31.128862,19,DEVICE082,0,Dhaka,0,602,523,2,692.89,0,0,0,0
TXN103114,USER157,USER574,1991.0,2026-09-22T18:18:51.128862,4,DEVICE170,0,Chattogram,0,783,600,1,278.17,0,0,0,0
TXN101820,USER177,USER237,1217.59,2026-09-18T11:14:42.128862,21,DEVICE107,0,Chattogram,0,703,158,1,155.88,0,0,0,0
TXN103630,USER297,USER419,1703.97,2026-09-17T00:45:15.128862,11,DEVICE186,0,Sylhet,0,570,847,1,-250.78,0,0,0,0
TXN100422,USER257,USER469,1395.55,2026-09-26T04:46:15.128862,15,DEVICE105,0,Sylhet,0,616,401,1,397.75,0,0,0,0
TXN100808,USER296,USER141,2794.57,2026-09-19T02:04:10.128862,12,DEVICE104,0,Chattogram,0,289,826,1,505.03,1,0,0,0
TXN101379,USER269,USER378,1523.02,2026-09-07T06:11:43.128862,16,DEVICE224,1,Sylhet,0,898,492,1,-1042.72,1,0,0,0
TXN101669,USER176,USER063,1133.09,2026-09-10T03:17:15.128862,13,DEVICE117,0,Chattogram,0,430,115,5,-181.02,0,1,0,0
TXN102098,USER071,USER480,1167.35,2026-09-05T05:30:27.128862,15,DEVICE067,0,Chattogram,0,474,168,1,-202.3,0,0,0,0
TXN200725,USER124,USER520,21285.75,2026-09-25T23:59:27.128862,10,DEVICE371,1,Chattogram,0,26,26,14,19053.8,1,1,0,1
TXN100124,USER164,USER209,3742.56,2026-09-17T00:47:49.128862,11,DEVICE173,0,Chattogram,0,1089,76,1,497.93,0,0,0,0
TXN100102,USER158,USER164,3249.03,2026-09-20T02:45:10.128862,12,DEVICE163,0,Sylhet,0,904,766,2,860.6,1,0,0,0
TXN104058,USER223,USER127,2636.66,2026-09-09T23:03:22.128862,9,DEVICE122,0,Sylhet,0,694,148,1,372.73,0,0,0,0
TXN101732,USER182,USER013,2219.91,2026-09-05T06:37:07.128862,16,DEVICE179,0,Sylhet,0,690,312,2,-398.17,0,0,0,0
TXN103035,USER076,USER411,1451.37,2026-09-06T07:30:54.128862,17,DEVICE028,0,Sylhet,0,195,508,1,-416.84,1,0,0,0
TXN102915,USER041,USER288,3108.19,2026-09-27T20:49:46.128862,7,DEVICE180,0,Dhaka,0,659,935,1,405.85,0,0,0,0
TXN100486,USER176,USER548,1407.18,2026-09-19T08:14:45.128862,18,DEVICE117,0,Chattogram,0,430,399,1,93.07,0,0,0,0
TXN101128,USER025,USER476,3304.55,2026-09-07T00:40:44.128862,10,DEVICE192,0,Gazipur,1,986,762,1,-79.93,0,0,0,0
TXN103617,USER114,USER461,1443.99,2026-09-26T10:23:20.128862,20,DEVICE080,0,Chattogram,0,1129,673,1,161.63,0,0,0,0
TXN101514,USER228,USER286,2989.69,2026-09-22T23:59:12.128862,10,DEVICE164,0,Dhaka,0,190,80,1,-112.65,1,0,0,0
TXN100135,USER162,USER017,2986.53,2026-09-22T10:55:01.128862,21,DEVICE193,0,Dhaka,0,868,138,1,482.55,0,0,0,0
TXN102598,USER223,USER496,2599.45,2026-09-03T21:07:21.128862,7,DEVICE122,0,Sylhet,0,694,559,2,335.52,1,0,0,0
TXN102002,USER201,USER536,3773.78,2026-09-08T21:31:26.128862,7,DEVICE013,0,Chattogram,0,1031,574,1,357.49,0,0,0,0
TXN102833,USER287,USER411,2463.32,2026-10-03T10:58:50.128862,21,DEVICE057,0,Dhaka,0,708,612,1,-621.16,0,0,0,0
TXN101817,USER007,USER131,4109.28,2026-09-09T18:48:30.128862,5,DEVICE038,0,Sylhet,0,550,284,1,900.4,0,0,0,0
TXN100752,USER176,USER409,1485.68,2026-09-16T08:47:13.128862,19,DEVICE117,0,Chattogram,0,430,199,5,171.57,0,1,0,0
TXN104001,USER002,USER259,716.37,2026-09-28T03:11:14.128862,13,DEVICE140,0,Sylhet,0,568,716,1,-151.16,0,0,0,0
TXN200227,USER183,USER048,44628.94,2026-09-23T17:09:27.128862,3,DEVICE_ROGUE_988,1,Unknown,1,824,7,5,41171.69,1,1,4,1
TXN101103,USER060,USER093,1534.12,2026-09-05T21:56:33.128862,8,DEVICE198,0,Sylhet,0,270,845,1,-290.41,1,0,1,0
TXN200570,USER275,USER041,35024.02,2026-09-22T16:12:56.128862,2,DEVICE091,0,Dhaka,0,844,341,5,33861.43,1,0,0,1
TXN102316,USER268,USER409,2794.55,2026-09-28T00:33:35.128862,10,DEVICE179,0,Chattogram,0,274,236,1,-670.98,0,0,0,0
TXN101918,USER038,USER466,2917.29,2026-10-01T09:37:44.128862,19,DEVICE064,0,Rajshahi,1,1053,672,1,447.29,1,0,0,0
TXN101543,USER209,USER036,1109.59,2026-09-06T07:44:01.128862,17,DEVICE136,0,Chattogram,0,797,836,1,-713.64,0,0,0,0
TXN103667,USER087,USER443,3155.69,2026-09-28T01:46:23.128862,12,DEVICE148,0,Chattogram,0,726,366,1,-337.66,1,0,0,0
TXN104441,USER004,USER416,1398.74,2026-09-30T07:23:20.128862,17,DEVICE095,0,Chattogram,0,495,93,2,-3.93,0,0,0,0
TXN103706,USER247,USER170,1544.89,2026-09-29T05:24:47.128862,15,DEVICE036,0,Dhaka,0,940,940,1,100.44,0,0,0,0
TXN101176,USER138,USER235,2104.45,2026-09-19T11:45:07.128862,21,DEVICE054,0,Chattogram,0,880,373,2,-749.18,0,0,0,0
TXN101559,USER010,USER049,631.53,2026-09-22T04:22:58.128862,14,DEVICE011,0,Sylhet,0,381,647,2,-248.92,1,0,1,0
TXN200863,USER261,USER265,22845.84,2026-09-30T02:31:08.128862,12,DEVICE107,0,Sylhet,0,8,16,8,19667.51,1,1,0,1
TXN100144,USER154,USER496,1030.66,2026-09-15T08:01:28.128862,18,DEVICE022,0,Sylhet,0,243,691,1,-1166.79,1,0,0,0
TXN100380,USER123,USER530,2985.39,2026-10-03T08:25:04.128862,18,DEVICE050,0,Chattogram,0,1081,724,2,83.1,0,0,0,0
TXN101433,USER108,USER001,1923.67,2026-09-09T13:39:15.128862,23,DEVICE081,0,Sylhet,0,1130,127,2,-50.2,0,0,0,0
TXN101095,USER100,USER006,2154.26,2026-09-14T04:52:11.128862,15,DEVICE172,0,Chattogram,0,940,73,3,-969.85,0,0,1,0
TXN200613,USER162,USER505,49832.67,2026-09-16T15:12:05.128862,1,DEVICE_ROGUE_952,1,Coxs Bazar,1,868,13,9,47328.69,1,1,4,1
TXN100121,USER097,USER573,2445.58,2026-09-09T23:41:11.128862,9,DEVICE185,0,Chattogram,0,687,75,1,-1043.95,0,0,0,0
TXN200765,USER090,USER445,43435.84,2026-09-17T17:00:54.128862,3,DEVICE012,0,Sylhet,0,280,202,5,42508.63,1,0,0,1
TXN100611,USER134,USER519,1476.93,2026-09-16T20:23:59.128862,6,DEVICE141,0,Chattogram,0,179,524,1,-1879.83,0,0,0,0
TXN200024,USER089,USER197,24941.99,2026-09-13T09:33:17.128862,19,DEVICE258,1,Chattogram,0,925,24,8,23896.53,1,1,1,1
TXN101941,USER229,USER158,1249.25,2026-09-17T09:22:52.128862,19,DEVICE071,0,Sylhet,0,1107,649,3,24.18,0,0,0,0
TXN100418,USER105,USER560,2133.81,2026-09-12T04:20:43.128862,14,DEVICE171,0,Dhaka,0,386,771,2,613.38,0,0,1,0
TXN102252,USER134,USER278,3805.07,2026-09-23T07:10:55.128862,17,DEVICE141,0,Chattogram,0,179,179,1,448.31,0,0,0,0
TXN101350,USER128,USER080,4363.49,2026-10-02T05:46:07.128862,16,DEVICE026,1,Sylhet,0,749,340,2,1054.92,0,0,0,0
TXN102303,USER054,USER536,3628.94,2026-09-22T10:30:02.128862,20,DEVICE169,0,Chattogram,0,933,648,1,299.97,0,0,0,0
TXN200633,USER052,USER559,21373.61,2026-09-27T08:32:12.128862,18,DEVICE111,1,Chattogram,0,419,98,16,20007.94,1,1,2,1
TXN104258,USER027,USER005,1083.37,2026-09-14T02:19:31.128862,12,DEVICE061,0,Dhaka,0,171,306,1,32.96,0,0,0,0
TXN101978,USER119,USER548,2348.26,2026-09-03T23:17:06.128862,9,DEVICE179,0,Chattogram,0,1092,401,3,-95.96,0,0,0,0
TXN104479,USER091,USER415,897.92,2026-09-19T02:25:59.128862,12,DEVICE280,1,Chattogram,0,550,595,1,-198.13,0,0,0,0
TXN101302,USER214,USER174,1814.84,2026-09-12T00:57:45.128862,11,DEVICE114,0,Dhaka,0,708,997,1,-127.28,1,0,0,0
TXN103055,USER060,USER093,1357.56,2026-09-05T07:43:57.128862,17,DEVICE198,0,Sylhet,0,270,942,2,-466.97,1,0,0,0
TXN100248,USER064,USER032,1272.33,2026-09-18T23:23:41.128862,9,DEVICE131,0,Dhaka,0,327,660,1,-1376.13,0,0,0,0
TXN101397,USER193,USER564,1552.66,2026-09-04T11:49:25.128862,22,DEVICE028,0,Sylhet,0,251,566,1,78.18,0,0,0,0
TXN104028,USER290,USER037,1843.74,2026-09-20T09:08:46.128862,19,DEVICE125,0,Sylhet,0,376,327,3,296.7,0,0,0,0
TXN100447,USER035,USER438,2229.69,2026-09-06T09:03:43.128862,19,DEVICE106,0,Sylhet,0,641,341,1,407.65,0,0,0,0
TXN101425,USER191,USER210,1917.04,2026-09-17T02:48:28.128862,13,DEVICE193,0,Chattogram,0,438,163,1,-22.04,0,0,0,0
TXN104686,USER088,USER339,2419.91,2026-09-14T22:31:59.128862,8,DEVICE049,0,Sylhet,0,118,715,1,244.19,0,0,0,0
TXN101199,USER195,USER431,1618.2,2026-10-01T01:51:35.128862,12,DEVICE109,0,Sylhet,0,583,126,3,-378.25,0,0,0,0
TXN101421,USER239,USER533,2057.8,2026-09-23T01:21:58.128862,11,DEVICE183,0,Dhaka,0,722,317,1,-347.4,0,0,0,0
TXN104557,USER154,USER216,2080.59,2026-09-10T09:07:09.128862,19,DEVICE022,0,Sylhet,0,243,244,1,-116.86,0,0,0,0
TXN103764,USER293,USER188,2376.35,2026-09-14T22:37:49.128862,8,DEVICE087,0,Chattogram,0,713,196,2,-143.86,0,0,0,0
TXN103916,USER233,USER203,2461.09,2026-10-01T00:02:04.128862,10,DEVICE125,0,Chattogram,0,538,80,1,54.5,0,0,0,0
TXN104473,USER221,USER035,4063.48,2026-09-29T11:31:53.128862,21,DEVICE041,0,Sylhet,0,825,871,1,647.96,1,0,0,0
TXN104664,USER115,USER047,3834.56,2026-09-08T19:06:35.128862,5,DEVICE171,0,Chattogram,0,637,408,1,570.46,0,0,0,0
TXN104727,USER148,USER333,3123.24,2026-09-26T07:54:14.128862,18,DEVICE055,0,Dhaka,0,1167,803,1,352.43,0,0,0,0
TXN104113,USER036,USER126,1917.0,2026-09-18T23:06:09.128862,9,DEVICE172,0,Dhaka,0,172,506,1,-373.51,1,0,0,0
TXN103509,USER257,USER588,881.13,2026-09-15T22:38:49.128862,8,DEVICE105,0,Sylhet,0,616,349,1,-116.67,0,0,0,0
TXN102885,USER107,USER040,1040.37,2026-10-02T00:10:55.128862,10,DEVICE160,0,Dhaka,0,480,628,2,-60.82,0,0,0,0
TXN101535,USER200,USER161,3803.0,2026-09-28T01:09:01.128862,11,DEVICE119,0,Chattogram,0,610,251,1,745.73,0,0,0,0
TXN100414,USER137,USER441,1035.62,2026-10-03T00:21:18.128862,10,DEVICE074,0,Dhaka,0,870,434,1,48.75,0,0,0,0
TXN104585,USER121,USER099,3022.4,2026-09-08T01:58:21.128862,12,DEVICE142,0,Dhaka,0,1004,916,1,163.62,0,0,0,0
TXN101720,USER093,USER463,2014.4,2026-10-02T02:15:57.128862,12,DEVICE001,0,Sylhet,0,1035,197,3,-924.21,0,0,0,0
TXN100654,USER253,USER311,956.0,2026-09-20T22:48:14.128862,9,DEVICE181,0,Dhaka,0,1177,753,1,-39.87,1,0,0,0
TXN103560,USER132,USER035,950.99,2026-10-02T02:28:48.128862,12,DEVICE078,0,Dhaka,0,568,637,1,-5.41,0,0,0,0
TXN101002,USER271,USER509,3187.55,2026-09-09T23:22:05.128862,9,DEVICE148,0,Dhaka,0,631,693,1,181.37,0,0,0,0
TXN104454,USER017,USER099,1244.87,2026-09-18T01:24:15.128862,11,DEVICE064,0,Chattogram,0,344,627,1,-150.32,1,0,0,0
TXN103372,USER167,USER461,1202.49,2026-09-24T06:37:55.128862,16,DEVICE051,0,Sylhet,0,230,905,1,-240.12,0,0,0,0
TXN103973,USER088,USER297,1851.92,2026-09-15T08:09:40.128862,18,DEVICE049,0,Sylhet,0,118,861,1,-323.8,0,0,0,0
TXN201112,USER274,USER327,46162.91,2026-09-07T17:55:10.128862,4,DEVICE_ROGUE_936,1,Sylhet,1,1021,7,6,42827.8,1,1,3,1
TXN101487,USER131,USER510,1349.52,2026-09-06T14:10:50.128862,0,DEVICE146,0,Chattogram,0,874,191,1,-280.77,0,0,0,0
TXN100589,USER044,USER068,1265.4,2026-09-07T09:06:23.128862,19,DEVICE167,1,Rangpur,1,1097,641,1,-315.95,0,0,0,0
TXN102086,USER142,USER290,3710.79,2026-09-06T06:34:20.128862,16,DEVICE168,0,Sylhet,0,348,564,1,1426.32,0,0,0,0
TXN103608,USER008,USER218,391.73,2026-09-11T06:56:45.128862,17,DEVICE111,0,Dhaka,0,395,963,1,-643.0,0,0,0,0
TXN104516,USER035,USER352,1655.43,2026-09-05T23:13:37.128862,9,DEVICE106,0,Sylhet,0,641,228,1,-166.61,0,0,0,0
TXN101600,USER096,USER027,1808.7,2026-09-18T11:02:37.128862,21,DEVICE176,0,Dhaka,0,1110,125,1,-21.67,0,0,0,0
TXN200489,USER010,USER128,28452.14,2026-09-11T18:28:54.128862,4,DEVICE_ROGUE_934,1,Unknown,1,381,2,9,27571.69,1,1,2,1
TXN102836,USER219,USER009,1156.41,2026-09-27T22:56:47.128862,9,DEVICE141,0,Dhaka,0,575,79,3,-61.54,0,0,0,0
TXN102357,USER219,USER525,1349.29,2026-09-17T00:15:49.128862,10,DEVICE141,0,Rajshahi,1,575,899,1,131.34,0,0,0,0
TXN100994,USER072,USER286,3812.85,2026-09-25T08:05:12.128862,18,DEVICE046,0,Sylhet,0,1151,720,1,466.99,0,0,0,0
TXN102197,USER258,USER338,1300.92,2026-09-29T07:37:15.128862,17,DEVICE085,0,Sylhet,0,1076,646,3,-74.6,0,0,0,0
TXN101879,USER062,USER071,2571.02,2026-09-04T01:34:35.128862,11,DEVICE090,0,Dhaka,0,606,349,4,43.02,0,1,0,0
TXN104564,USER129,USER278,1750.33,2026-09-28T09:53:48.128862,20,DEVICE165,1,Sylhet,0,476,77,1,-1422.22,1,0,0,0
TXN101371,USER180,USER503,2147.56,2026-09-16T12:47:44.128862,23,DEVICE050,0,Chattogram,0,754,318,1,86.59,0,0,0,0
TXN101873,USER037,USER509,4805.79,2026-09-26T21:27:18.128862,7,DEVICE189,0,Sylhet,0,448,266,3,1766.4,0,0,0,0
TXN100208,USER154,USER267,1224.95,2026-09-09T08:46:38.128862,19,DEVICE022,0,Sylhet,0,243,623,3,-972.5,0,0,0,0
TXN200012,USER198,USER169,35936.55,2026-09-30T16:40:46.128862,2,DEVICE179,0,Dhaka,0,565,291,4,34999.96,1,0,0,1
TXN104240,USER060,USER302,2062.77,2026-10-02T22:44:13.128862,8,DEVICE198,0,Sylhet,0,270,611,1,238.24,1,0,0,0
TXN100425,USER045,USER392,862.88,2026-09-25T04:25:08.128862,14,DEVICE121,0,Dhaka,0,276,306,2,-152.56,0,0,0,0
TXN200986,USER089,USER399,20625.5,2026-09-10T02:57:33.128862,13,DEVICE066,0,Chattogram,0,28,8,15,19580.04,1,1,0,1
TXN101406,USER227,USER154,1941.98,2026-09-16T07:39:52.128862,17,DEVICE064,0,Khulna,1,106,270,2,-215.72,0,0,0,0
TXN200848,USER240,USER446,26527.46,2026-09-18T15:50:24.128862,2,DEVICE_ROGUE_944,1,Unknown,1,992,15,11,24055.13,1,1,3,1
TXN101108,USER223,USER356,855.58,2026-09-25T06:35:31.128862,16,DEVICE122,0,Sylhet,0,694,575,1,-1408.35,0,0,0,0
TXN200472,USER174,USER188,20989.42,2026-09-27T22:50:25.128862,9,DEVICE275,1,Sylhet,0,24,14,10,18070.95,1,1,0,1
TXN100110,USER196,USER460,2665.11,2026-10-03T09:09:37.128862,19,DEVICE057,0,Dhaka,0,1109,955,1,-460.53,0,0,0,0
TXN103074,USER277,USER049,945.62,2026-09-17T09:49:33.128862,20,DEVICE193,0,Dhaka,0,870,697,2,-143.38,0,0,0,0
TXN201025,USER152,USER166,9061.29,2026-09-14T15:57:36.128862,2,DEVICE079,1,Chattogram,0,929,44,17,6506.62,1,1,1,1
TXN102263,USER207,USER034,1893.04,2026-09-18T00:36:56.128862,10,DEVICE119,0,Dhaka,0,241,78,1,10.23,0,0,0,0
TXN102548,USER054,USER416,4170.23,2026-09-17T08:15:57.128862,18,DEVICE169,0,Chattogram,0,933,550,1,841.26,0,0,0,0
TXN102034,USER254,USER306,2695.47,2026-09-09T08:03:13.128862,18,DEVICE055,0,Dhaka,0,1117,721,4,658.1,0,1,0,0
TXN101172,USER094,USER500,2376.49,2026-10-01T15:17:43.128862,1,DEVICE134,0,Sylhet,0,330,838,1,436.66,0,0,0,0
TXN103768,USER106,USER362,2904.55,2026-09-15T03:10:52.128862,13,DEVICE085,0,Chattogram,0,875,682,2,373.95,0,0,0,0
TXN102445,USER161,USER199,1038.24,2026-09-28T00:14:12.128862,10,DEVICE024,0,Chattogram,0,1182,603,4,46.56,0,1,0,0
TXN103182,USER028,USER008,1549.27,2026-09-22T04:04:22.128862,14,DEVICE042,0,Chattogram,0,974,977,1,488.14,1,0,0,0
TXN102945,USER264,USER084,969.97,2026-09-05T22:39:27.128862,8,DEVICE345,1,Chattogram,0,378,584,2,-255.95,1,0,0,0
TXN104591,USER164,USER287,4326.08,2026-10-03T08:23:18.128862,18,DEVICE173,0,Gazipur,1,1089,839,2,1081.45,0,0,0,0
TXN104589,USER234,USER063,2643.02,2026-09-28T07:10:30.128862,17,DEVICE161,0,Chattogram,0,479,498,1,19.95,0,0,0,0
TXN103611,USER113,USER502,2680.36,2026-09-14T02:01:41.128862,12,DEVICE130,0,Sylhet,0,786,514,1,528.78,0,0,0,0
TXN103937,USER160,USER038,1262.25,2026-09-15T04:02:53.128862,14,DEVICE086,0,Chattogram,0,762,204,1,-132.34,0,0,0,0
TXN102146,USER086,USER251,1501.33,2026-09-05T00:55:04.128862,11,DEVICE099,0,Dhaka,0,414,399,1,109.16,0,0,0,0
TXN200951,USER163,USER480,22467.42,2026-09-28T03:22:15.128862,13,DEVICE061,0,Dhaka,0,21,11,13,21049.28,1,1,0,1
TXN101468,USER048,USER362,750.04,2026-09-28T21:57:47.128862,8,DEVICE118,0,Sylhet,0,926,992,1,-800.49,0,0,0,0
TXN100437,USER232,USER093,1430.87,2026-09-07T06:57:02.128862,17,DEVICE134,0,Chattogram,0,811,619,1,129.14,1,0,0,0
TXN200987,USER215,USER134,12940.35,2026-10-02T05:43:45.128862,15,DEVICE345,1,Sylhet,0,497,56,20,9555.59,1,1,1,1
TXN101057,USER255,USER290,3232.33,2026-09-23T22:41:18.128862,8,DEVICE017,0,Sylhet,0,648,827,1,-263.5,0,0,0,0
TXN102795,USER026,USER307,2342.66,2026-09-15T21:37:49.128862,7,DEVICE040,0,Chattogram,0,254,906,1,633.85,0,0,0,0
TXN100107,USER068,USER526,1354.68,2026-09-22T01:48:48.128862,12,DEVICE085,0,Sylhet,0,1036,800,2,468.01,1,0,0,0
TXN103552,USER265,USER476,2286.39,2026-09-07T11:14:36.128862,21,DEVICE100,0,Chattogram,0,552,262,1,-764.72,1,0,1,0
TXN100029,USER162,USER155,2316.8,2026-09-19T02:13:53.128862,12,DEVICE193,0,Dhaka,0,868,117,1,-187.18,0,0,0,0
TXN102232,USER254,USER462,2062.5,2026-09-15T06:44:02.128862,16,DEVICE055,0,Dhaka,0,1117,312,1,25.13,0,0,0,0
TXN100889,USER048,USER535,1495.9,2026-09-08T01:32:26.128862,11,DEVICE118,0,Rangpur,1,926,248,1,-54.63,0,0,0,0
TXN103065,USER133,USER463,3713.37,2026-09-06T08:00:30.128862,18,DEVICE313,1,Chattogram,0,931,199,2,542.74,0,0,0,0
TXN101630,USER005,USER093,1842.53,2026-09-17T04:01:44.128862,14,DEVICE150,0,Sylhet,0,960,534,1,-945.94,0,0,0,0
TXN100751,USER167,USER420,2157.32,2026-09-12T02:58:45.128862,13,DEVICE014,1,Sylhet,0,230,771,1,714.71,0,0,0,0
TXN102358,USER219,USER306,1844.53,2026-09-06T09:12:26.128862,19,DEVICE141,0,Dhaka,0,575,551,3,626.58,0,0,0,0
TXN100584,USER017,USER441,1021.23,2026-09-07T10:09:41.128862,20,DEVICE064,0,Chattogram,0,344,530,1,-373.96,1,0,0,0
TXN101934,USER191,USER552,1619.9,2026-09-16T22:19:39.128862,8,DEVICE193,0,Chattogram,0,438,365,1,-319.18,0,0,0,0
TXN200182,USER216,USER415,31585.47,2026-09-30T22:58:53.128862,9,DEVICE060,1,Sylhet,0,30,18,11,28097.83,1,1,0,1
TXN102350,USER116,USER196,3857.95,2026-09-26T01:13:13.128862,11,DEVICE105,0,Chattogram,0,95,817,1,707.55,1,0,0,0
TXN200805,USER180,USER223,34107.88,2026-09-28T07:59:30.128862,18,DEVICE154,1,Chattogram,0,13,26,14,32046.91,1,1,0,1
TXN200414,USER256,USER479,13944.16,2026-09-23T06:32:09.128862,16,DEVICE321,1,Chattogram,0,426,190,19,10454.7,1,1,2,1
TXN103846,USER019,USER392,3423.87,2026-09-28T07:12:00.128862,17,DEVICE338,1,Dhaka,0,712,247,1,438.41,0,0,0,0
TXN200318,USER291,USER228,38402.28,2026-09-05T09:49:18.128862,20,DEVICE008,0,Sylhet,0,21,23,10,37592.71,1,1,0,1
TXN201148,USER078,USER348,31030.02,2026-09-19T00:17:34.128862,10,DEVICE389,1,Dhaka,0,14,7,18,28991.12,1,1,0,1
TXN102317,USER003,USER008,1393.6,2026-09-19T19:13:34.128862,5,DEVICE010,0,Dhaka,0,631,887,1,-148.98,0,0,0,0
TXN101344,USER204,USER218,1570.5,2026-09-03T22:43:53.128862,8,DEVICE032,0,Sylhet,0,1042,629,1,321.46,0,0,0,0
TXN103441,USER175,USER266,3537.21,2026-09-05T03:31:55.128862,13,DEVICE019,0,Rajshahi,1,998,644,3,556.97,0,0,0,0
TXN104635,USER212,USER045,3559.15,2026-09-21T11:45:36.128862,22,DEVICE082,0,Chattogram,1,602,943,1,642.16,0,0,0,0
TXN201070,USER214,USER011,12516.28,2026-09-27T00:34:17.128862,10,DEVICE392,1,Dhaka,0,708,48,14,10574.16,1,1,1,1
TXN100969,USER248,USER116,2578.36,2026-09-20T00:31:53.128862,10,DEVICE211,1,Dhaka,0,449,735,1,709.74,0,0,0,0
TXN100179,USER085,USER054,1587.06,2026-09-13T02:31:57.128862,12,DEVICE030,0,Sylhet,0,580,153,1,-291.32,0,0,1,0
TXN102794,USER248,USER068,1569.57,2026-09-09T05:51:44.128862,16,DEVICE039,0,Dhaka,0,449,596,1,-299.05,0,0,0,0
TXN101507,USER143,USER001,1124.63,2026-09-15T02:44:35.128862,12,DEVICE083,0,Sylhet,0,1118,228,2,-391.02,1,0,0,0
TXN104046,USER060,USER408,1899.3,2026-09-21T12:43:48.128862,22,DEVICE198,0,Sylhet,0,270,295,1,74.77,0,0,0,0
TXN102138,USER180,USER564,3453.68,2026-09-26T00:23:27.128862,10,DEVICE050,0,Chattogram,0,754,533,1,1392.71,0,0,0,0
TXN201028,USER025,USER486,27889.41,2026-09-20T17:59:31.128862,4,DEVICE_ROGUE_996,1,Coxs Bazar,1,986,5,11,24504.93,1,1,2,1
TXN103487,USER121,USER345,3985.26,2026-09-27T01:14:49.128862,11,DEVICE142,0,Mymensingh,1,1004,838,1,1126.48,0,0,0,0
TXN104536,USER234,USER326,3395.83,2026-10-01T12:24:28.128862,22,DEVICE161,0,Chattogram,0,479,450,2,772.76,0,0,0,0
TXN200486,USER011,USER524,18946.64,2026-09-21T12:42:49.128862,22,DEVICE235,1,Chattogram,0,236,119,13,17556.32,1,1,2,1
TXN200695,USER291,USER046,42135.85,2026-09-23T15:51:21.128862,2,DEVICE_ROGUE_917,1,Chattogram,1,182,3,6,41326.28,1,1,3,1
TXN101867,USER118,USER573,1498.82,2026-09-28T10:52:54.128862,21,DEVICE104,0,Sylhet,0,701,969,2,-1026.34,0,0,0,0
TXN100090,USER141,USER295,1738.59,2026-09-24T21:19:37.128862,7,DEVICE156,0,Chattogram,0,165,413,1,-344.67,0,0,0,0
TXN102815,USER199,USER021,2721.62,2026-10-01T09:03:23.128862,19,DEVICE133,0,Sylhet,0,1034,858,1,-776.44,0,0,0,0
TXN103409,USER034,USER125,4004.48,2026-09-20T05:41:08.128862,15,DEVICE061,1,Gazipur,1,132,967,2,577.07,0,0,0,0
TXN102405,USER078,USER305,2949.57,2026-09-18T20:50:23.128862,7,DEVICE112,0,Dhaka,0,636,774,3,910.67,0,0,0,0
TXN102471,USER253,USER066,1189.3,2026-09-15T04:07:51.128862,14,DEVICE181,0,Dhaka,0,1177,653,1,193.43,0,0,0,0
TXN100624,USER073,USER267,1816.7,2026-09-04T20:53:44.128862,7,DEVICE149,0,Dhaka,0,830,825,2,-1349.49,0,0,0,0
TXN100069,USER166,USER231,1351.54,2026-09-20T01:42:31.128862,11,DEVICE058,0,Chattogram,0,163,710,1,360.23,0,0,0,0
TXN103624,USER112,USER041,1056.87,2026-09-21T15:48:10.128862,2,DEVICE077,0,Sylhet,0,939,709,3,-454.28,0,0,0,0
TXN101505,USER048,USER257,1613.24,2026-09-21T08:32:53.128862,18,DEVICE118,0,Sylhet,0,926,547,1,62.71,0,0,0,0
TXN103491,USER110,USER550,4468.23,2026-09-21T20:59:52.128862,7,DEVICE032,0,Sylhet,0,232,224,1,1092.93,1,0,0,0
TXN200337,USER092,USER523,43319.59,2026-10-02T17:39:10.128862,3,DEVICE112,0,Dhaka,0,322,129,2,40825.49,1,0,0,1
TXN104669,USER078,USER296,2682.22,2026-09-24T20:24:42.128862,6,DEVICE112,0,Dhaka,0,636,796,1,643.32,1,0,0,0
TXN100764,USER007,USER239,3363.15,2026-09-27T17:42:20.128862,3,DEVICE038,0,Sylhet,0,550,835,1,154.27,0,0,0,0
TXN100293,USER154,USER561,2165.64,2026-09-26T09:33:12.128862,19,DEVICE022,0,Sylhet,0,243,274,2,-31.81,0,0,0,0
TXN104352,USER252,USER138,2119.18,2026-09-04T09:13:33.128862,19,DEVICE040,0,Dhaka,0,839,159,2,-710.85,0,0,0,0
TXN100445,USER296,USER306,3290.97,2026-09-06T00:48:19.128862,11,DEVICE104,0,Chattogram,0,289,748,1,1001.43,0,0,0,0
TXN100468,USER239,USER482,1748.39,2026-09-10T22:55:08.128862,9,DEVICE183,0,Dhaka,0,722,432,4,-656.81,0,1,0,0
TXN103435,USER213,USER117,1737.68,2026-09-07T23:34:07.128862,9,DEVICE194,0,Chattogram,0,1025,438,2,-290.84,0,0,0,0
TXN101219,USER078,USER554,2028.98,2026-09-23T11:13:07.128862,21,DEVICE112,0,Rangpur,1,636,363,1,-9.92,0,0,0,0
TXN100432,USER139,USER423,2686.59,2026-09-24T22:58:01.128862,9,DEVICE111,0,Chattogram,0,401,509,1,-181.16,0,0,0,0
TXN103187,USER183,USER315,4200.23,2026-09-30T00:29:22.128862,10,DEVICE099,0,Chattogram,0,824,773,1,742.98,0,0,0,0
TXN101488,USER298,USER123,970.82,2026-09-11T11:53:58.128862,22,DEVICE128,1,Chattogram,0,1190,808,1,144.71,1,0,0,0
TXN103547,USER240,USER461,2336.32,2026-10-02T08:59:19.128862,19,DEVICE074,0,Dhaka,0,992,257,2,-136.01,0,0,0,0
TXN103751,USER178,USER047,1338.1,2026-09-24T21:04:37.128862,7,DEVICE162,0,Gazipur,1,149,755,1,-625.74,0,0,0,0
TXN100577,USER092,USER014,1712.02,2026-09-19T13:28:19.128862,23,DEVICE112,0,Dhaka,0,322,752,1,-782.08,1,0,0,0
TXN102173,USER091,USER138,1395.22,2026-09-29T22:14:18.128862,8,DEVICE182,0,Chattogram,0,550,451,1,299.17,0,0,0,0
TXN100245,USER227,USER217,2521.42,2026-09-17T10:32:44.128862,20,DEVICE064,0,Dhaka,0,106,900,1,363.72,1,0,0,0
TXN104190,USER140,USER035,1123.19,2026-09-18T01:40:07.128862,11,DEVICE149,0,Chattogram,0,1104,198,3,-23.47,0,0,0,0
TXN100367,USER132,USER353,791.86,2026-09-06T17:08:08.128862,3,DEVICE078,0,Dhaka,0,568,650,1,-164.54,0,0,0,0
TXN104568,USER196,USER152,3232.65,2026-09-13T10:23:44.128862,20,DEVICE057,0,Dhaka,0,1109,810,1,107.01,0,0,0,0
TXN102900,USER245,USER139,905.48,2026-09-07T00:10:26.128862,10,DEVICE396,1,Sylhet,0,694,598,3,-446.02,0,0,0,0
TXN101611,USER287,USER333,3897.18,2026-09-13T16:33:44.128862,2,DEVICE057,0,Dhaka,0,708,327,3,812.7,0,0,0,0
TXN102845,USER255,USER495,2330.71,2026-09-04T06:24:21.128862,16,DEVICE017,0,Sylhet,0,648,107,3,-1165.12,1,0,0,0
TXN103784,USER199,USER112,2105.74,2026-09-24T09:05:55.128862,19,DEVICE133,0,Sylhet,0,1034,742,1,-1392.32,0,0,0,0
TXN104209,USER130,USER158,1891.61,2026-10-02T23:04:05.128862,9,DEVICE158,0,Chattogram,0,579,798,1,-1153.89,0,0,0,0
TXN200700,USER040,USER064,19630.81,2026-09-29T01:01:28.128862,11,DEVICE041,0,Dhaka,0,26,30,11,17271.96,1,1,0,1
TXN101242,USER254,USER230,1644.8,2026-09-11T09:01:09.128862,19,DEVICE055,0,Dhaka,0,1117,281,1,-392.57,1,0,0,0
TXN102370,USER232,USER471,1616.11,2026-09-26T21:09:39.128862,7,DEVICE134,0,Chattogram,0,811,61,2,314.38,1,0,0,0
TXN104269,USER184,USER095,1274.1,2026-09-07T08:53:14.128862,19,DEVICE127,0,Chattogram,0,857,63,1,208.37,0,0,0,0
TXN104472,USER204,USER531,1711.57,2026-09-11T05:54:49.128862,16,DEVICE032,0,Sylhet,0,1042,890,3,462.53,0,0,0,0
TXN104385,USER131,USER492,2064.75,2026-09-25T03:22:57.128862,13,DEVICE146,0,Chattogram,0,874,351,1,434.46,0,0,1,0
TXN100555,USER045,USER148,1175.58,2026-09-18T23:40:46.128862,9,DEVICE121,0,Gazipur,1,276,834,2,160.14,0,0,1,0
TXN102163,USER030,USER170,2556.62,2026-09-26T01:19:55.128862,11,DEVICE106,0,Sylhet,0,602,118,1,126.56,0,0,0,0
TXN201168,USER174,USER561,37522.05,2026-09-30T17:40:40.128862,3,DEVICE_ROGUE_984,1,Coxs Bazar,1,295,4,10,34603.58,1,1,2,1
TXN201159,USER192,USER045,18934.64,2026-09-19T08:33:11.128862,18,DEVICE380,1,Dhaka,0,448,95,18,17382.57,1,1,1,1
TXN104742,USER063,USER121,2357.59,2026-09-25T20:12:24.128862,6,DEVICE165,0,Chattogram,0,752,158,1,53.83,0,0,0,0
TXN201051,USER062,USER021,20845.49,2026-09-21T20:19:16.128862,6,DEVICE112,1,Dhaka,0,606,19,13,18317.49,1,1,1,1
TXN104275,USER291,USER228,100.0,2026-09-16T10:22:31.128862,20,DEVICE008,0,Sylhet,0,182,272,1,-709.57,0,0,0,0
TXN101963,USER195,USER300,2381.17,2026-09-21T07:46:29.128862,18,DEVICE109,0,Gazipur,1,583,230,2,384.72,0,0,0,0
TXN104264,USER280,USER336,3351.22,2026-09-14T10:04:43.128862,20,DEVICE138,0,Dhaka,0,568,853,2,918.18,1,0,0,0
TXN103289,USER102,USER423,2872.83,2026-09-19T12:24:23.128862,22,DEVICE094,0,Sylhet,0,1057,659,1,126.88,0,0,0,0
TXN200784,USER202,USER446,47662.62,2026-09-19T18:25:19.128862,4,DEVICE143,0,Sylhet,0,612,377,5,44361.43,1,0,1,1
TXN100151,USER275,USER088,1522.35,2026-09-10T21:27:55.128862,7,DEVICE091,0,Dhaka,0,844,105,1,359.76,0,0,0,0
TXN104674,USER162,USER537,1786.21,2026-09-21T06:03:25.128862,16,DEVICE193,0,Dhaka,0,868,709,3,-717.77,0,0,0,0
TXN104732,USER032,USER446,1958.05,2026-09-24T02:27:37.128862,12,DEVICE046,0,Dhaka,0,277,483,1,-812.23,0,0,0,0
TXN104758,USER206,USER060,1065.79,2026-09-21T10:44:08.128862,20,DEVICE035,0,Chattogram,0,413,854,1,-311.33,1,0,0,0
TXN200470,USER037,USER159,37448.98,2026-09-14T15:19:09.128862,1,DEVICE_ROGUE_906,1,Chattogram,1,448,7,6,34409.59,1,1,3,1
TXN104214,USER203,USER572,2818.31,2026-09-28T07:30:44.128862,17,DEVICE064,0,Sylhet,0,109,582,1,-273.17,0,0,0,0
TXN103494,USER207,USER320,2436.57,2026-09-05T07:00:53.128862,17,DEVICE119,0,Dhaka,0,241,957,2,553.76,0,0,0,0
TXN201030,USER104,USER098,46694.46,2026-09-23T01:16:37.128862,11,DEVICE164,1,Sylhet,0,26,12,10,44444.64,1,1,0,1
TXN103692,USER285,USER430,1290.38,2026-09-09T21:57:36.128862,8,DEVICE057,0,Dhaka,0,219,332,3,-828.66,0,0,0,0
TXN104620,USER134,USER479,3540.18,2026-09-26T01:57:07.128862,12,DEVICE141,0,Chattogram,0,179,925,1,183.42,0,0,0,0
TXN103607,USER141,USER164,2557.34,2026-10-01T20:03:46.128862,6,DEVICE156,0,Chattogram,0,165,414,1,474.08,1,0,0,0
TXN101755,USER120,USER553,1405.34,2026-09-21T02:19:10.128862,12,DEVICE076,0,Chattogram,0,394,601,1,192.67,0,0,0,0
TXN200473,USER293,USER589,19151.22,2026-09-10T03:48:28.128862,14,DEVICE206,1,Chattogram,0,713,154,17,16631.01,1,1,1,1
TXN104559,USER044,USER255,1909.17,2026-09-20T08:03:58.128862,18,DEVICE010,0,Dhaka,0,1097,134,1,327.82,0,0,0,0
TXN100748,USER153,USER401,1746.8,2026-09-29T06:39:24.128862,16,DEVICE169,0,Chattogram,0,406,692,3,-236.07,0,0,0,0
TXN200980,USER180,USER291,23507.1,2026-09-12T19:04:04.128862,5,DEVICE228,1,Chattogram,0,754,142,15,21446.13,1,1,1,1
TXN101533,USER293,USER315,2410.06,2026-09-09T01:46:28.128862,12,DEVICE087,0,Chattogram,0,713,193,1,-110.15,0,0,0,0
TXN101042,USER065,USER035,2228.12,2026-09-04T09:29:23.128862,19,DEVICE103,0,Sylhet,0,917,947,1,-847.58,0,0,0,0
TXN200691,USER269,USER284,17587.39,2026-09-16T09:11:12.128862,19,DEVICE372,1,Sylhet,0,898,17,17,15021.65,1,1,1,1
TXN103879,USER206,USER555,1324.78,2026-09-27T10:22:19.128862,20,DEVICE035,0,Chattogram,0,413,823,4,-52.34,1,1,0,0
TXN102663,USER175,USER281,1474.61,2026-09-19T22:14:26.128862,8,DEVICE019,0,Sylhet,0,998,817,1,-1505.63,0,0,0,0
TXN200306,USER050,USER326,21800.16,2026-09-24T22:32:29.128862,8,DEVICE003,1,Sylhet,0,747,33,13,20015.11,1,1,1,1
TXN101557,USER003,USER541,955.96,2026-09-28T11:57:34.128862,22,DEVICE010,0,Dhaka,0,631,743,1,-586.62,0,0,0,0
TXN100491,USER044,USER149,1461.77,2026-09-30T04:55:06.128862,15,DEVICE010,0,Dhaka,0,1097,848,3,-119.58,0,0,0,0
TXN104373,USER182,USER017,4043.17,2026-09-09T21:40:01.128862,7,DEVICE179,0,Sylhet,0,690,523,1,1425.09,0,0,0,0
TXN103382,USER152,USER595,3226.9,2026-09-17T09:08:52.128862,19,DEVICE044,0,Chattogram,0,929,195,1,672.23,0,0,0,0
TXN200727,USER060,USER351,10016.34,2026-09-30T05:12:18.128862,15,DEVICE208,1,Sylhet,0,270,104,15,8191.81,1,1,2,1
TXN100471,USER237,USER411,3493.46,2026-09-11T05:24:28.128862,15,DEVICE113,0,Chattogram,0,288,453,1,289.68,1,0,0,0
TXN200503,USER276,USER062,20781.74,2026-09-23T19:57:17.128862,6,DEVICE045,1,Sylhet,0,626,178,13,19670.08,1,1,1,1
TXN102312,USER240,USER589,3347.79,2026-10-01T05:02:38.128862,15,DEVICE348,1,Dhaka,0,992,498,1,875.46,0,0,0,0
TXN200797,USER279,USER472,38705.79,2026-09-12T03:31:12.128862,13,DEVICE108,0,Sylhet,0,25,5,18,37170.45,1,1,0,1
TXN100807,USER050,USER135,1692.46,2026-09-29T00:23:08.128862,10,DEVICE079,0,Sylhet,0,747,786,1,-92.59,0,0,0,0
TXN200870,USER070,USER045,25067.32,2026-09-07T03:25:41.128862,13,DEVICE030,0,Chattogram,0,20,27,10,23544.42,1,1,0,1
TXN200079,USER088,USER581,41578.86,2026-09-15T15:06:02.128862,1,DEVICE_ROGUE_919,1,Chattogram,1,118,11,12,39403.14,1,1,2,1
TXN100896,USER048,USER238,1279.73,2026-09-29T10:28:54.128862,20,DEVICE118,0,Sylhet,0,926,573,1,-270.8,0,0,0,0
TXN200571,USER127,USER367,45775.45,2026-09-23T16:58:28.128862,3,DEVICE_ROGUE_979,1,Chattogram,1,1022,2,12,44922.86,1,1,3,1
TXN102503,USER001,USER080,2402.99,2026-09-13T21:03:38.128862,7,DEVICE039,0,Sylhet,0,235,981,1,-123.46,0,0,0,0
TXN200883,USER081,USER149,22044.93,2026-09-13T09:02:42.128862,19,DEVICE139,1,Chattogram,0,25,23,18,19729.24,1,1,0,1
TXN104322,USER117,USER051,2136.89,2026-09-07T08:11:12.128862,18,DEVICE084,0,Sylhet,0,669,80,1,531.09,0,0,0,0
TXN100354,USER113,USER236,2127.06,2026-09-17T08:07:46.128862,18,DEVICE130,0,Sylhet,0,786,329,1,-24.52,0,0,0,0
TXN100251,USER089,USER009,842.16,2026-09-22T23:36:32.128862,9,DEVICE066,0,Chattogram,0,925,341,1,-203.3,0,0,0,0
TXN100185,USER014,USER309,515.78,2026-09-22T23:17:25.128862,9,DEVICE092,0,Dhaka,0,719,115,1,-821.08,0,0,0,0
TXN102378,USER153,USER047,2239.32,2026-10-02T18:40:03.128862,4,DEVICE169,0,Chattogram,0,406,62,2,256.45,0,0,0,0
TXN101183,USER154,USER588,2020.72,2026-09-05T23:13:28.128862,9,DEVICE022,0,Sylhet,0,243,736,1,-176.73,0,0,0,0
TXN102110,USER282,USER398,1330.8,2026-09-16T07:31:03.128862,17,DEVICE189,0,Dhaka,0,141,689,1,-18.91,0,0,0,0
TXN104274,USER064,USER209,2865.55,2026-09-23T03:39:32.128862,13,DEVICE131,0,Dhaka,0,327,380,1,217.09,0,0,0,0
TXN100227,USER198,USER449,1164.54,2026-09-09T07:41:39.128862,17,DEVICE179,0,Dhaka,0,565,619,1,227.95,0,0,0,0
TXN102153,USER138,USER096,3787.57,2026-10-02T05:13:34.128862,15,DEVICE054,0,Chattogram,0,880,660,1,933.94,1,0,0,0
TXN200967,USER195,USER551,47701.03,2026-09-06T17:19:35.128862,3,DEVICE109,0,Sylhet,0,583,169,4,45704.58,1,0,0,1
TXN101295,USER104,USER155,3166.15,2026-09-13T11:38:17.128862,21,DEVICE018,0,Sylhet,0,1025,657,1,916.33,0,0,0,0
TXN201131,USER207,USER120,16297.24,2026-09-14T11:12:37.128862,21,DEVICE119,0,Dhaka,0,14,15,12,14414.43,1,1,0,1
TXN200051,USER015,USER368,20909.21,2026-09-25T10:20:47.128862,20,DEVICE222,1,Dhaka,0,28,10,10,18354.52,1,1,0,1
TXN103938,USER272,USER362,1433.4,2026-10-03T05:17:20.128862,15,DEVICE098,0,Gazipur,1,1188,452,3,-174.92,0,0,0,0
TXN200660,USER257,USER286,41688.74,2026-09-06T15:51:01.128862,2,DEVICE105,0,Sylhet,0,616,268,2,40690.94,1,0,1,1
TXN102802,USER234,USER376,3571.93,2026-09-20T07:45:22.128862,18,DEVICE161,0,Chattogram,0,479,297,1,948.86,1,0,0,0
TXN103184,USER108,USER547,2564.1,2026-09-16T00:26:02.128862,10,DEVICE081,0,Sylhet,0,1130,721,3,590.23,0,0,0,0
TXN101905,USER082,USER204,1300.47,2026-09-19T22:54:52.128862,9,DEVICE112,0,Dhaka,1,1082,197,1,-208.93,0,0,0,0
TXN200236,USER041,USER295,38582.25,2026-09-13T17:27:13.128862,3,DEVICE180,0,Dhaka,0,659,43,2,35879.91,1,0,0,1
TXN102223,USER068,USER301,1321.82,2026-09-13T22:54:07.128862,9,DEVICE085,0,Sylhet,0,1036,103,1,435.15,0,0,0,0
TXN103838,USER269,USER552,3362.68,2026-09-03T22:21:23.128862,8,DEVICE006,0,Sylhet,0,898,241,1,796.94,0,0,0,0
TXN103181,USER113,USER510,1992.2,2026-09-09T06:07:01.128862,16,DEVICE130,0,Sylhet,0,786,298,1,-159.38,0,0,0,0
TXN100292,USER215,USER255,2093.01,2026-09-14T00:03:41.128862,10,DEVICE157,0,Sylhet,0,497,676,2,-1291.75,0,0,0,0
TXN102721,USER180,USER091,2833.04,2026-09-09T00:42:58.128862,10,DEVICE050,0,Chattogram,0,754,584,2,772.07,0,0,0,0
TXN100549,USER149,USER588,1664.26,2026-09-29T06:21:59.128862,16,DEVICE131,0,Dhaka,0,1025,765,2,321.15,1,0,0,0
TXN104254,USER178,USER555,2358.69,2026-10-03T09:41:00.128862,19,DEVICE162,0,Sylhet,0,149,115,2,394.85,1,0,0,0
TXN200729,USER138,USER512,35563.92,2026-09-22T07:50:31.128862,18,DEVICE054,0,Chattogram,0,14,21,16,32710.29,1,1,0,1
TXN101569,USER282,USER151,1534.04,2026-09-28T02:07:47.128862,12,DEVICE189,0,Dhaka,0,141,332,3,184.33,1,0,0,0
TXN101075,USER119,USER458,1742.92,2026-09-22T00:51:54.128862,11,DEVICE179,0,Chattogram,0,1092,705,2,-701.3,0,0,0,0
TXN104440,USER055,USER022,2477.04,2026-09-08T21:45:19.128862,8,DEVICE050,0,Chattogram,0,1104,674,1,-72.66,0,0,0,0
TXN102447,USER238,USER537,1407.13,2026-09-07T23:44:47.128862,9,DEVICE038,1,Khulna,1,170,164,1,-57.65,0,0,0,0
TXN101322,USER282,USER285,1463.14,2026-09-18T23:23:59.128862,9,DEVICE189,0,Dhaka,0,141,932,1,113.43,1,0,0,0
TXN200259,USER243,USER588,25959.09,2026-09-11T10:43:35.128862,20,DEVICE086,0,Dhaka,0,20,12,9,23747.58,1,1,0,1
TXN102968,USER088,USER114,2298.14,2026-09-18T19:28:58.128862,5,DEVICE049,0,Sylhet,0,118,235,1,122.42,0,0,0,0
TXN103209,USER228,USER281,3739.09,2026-09-11T23:07:15.128862,9,DEVICE164,0,Dhaka,0,190,386,2,636.75,0,0,0,0
TXN102670,USER172,USER419,2191.32,2026-09-26T02:22:03.128862,12,DEVICE122,0,Chattogram,0,978,378,1,-150.5,1,0,0,0
TXN102420,USER037,USER445,2646.84,2026-09-10T02:47:17.128862,13,DEVICE189,0,Sylhet,0,448,153,1,-392.55,1,0,1,0
TXN103734,USER045,USER542,995.66,2026-09-11T06:11:54.128862,16,DEVICE121,0,Dhaka,0,276,740,2,-19.78,1,0,1,0
TXN200309,USER290,USER495,10260.76,2026-09-27T13:35:07.128862,23,DEVICE150,1,Sylhet,0,376,51,18,8713.72,1,1,1,1
TXN103053,USER173,USER516,1748.78,2026-09-13T02:32:15.128862,12,DEVICE157,0,Chattogram,0,291,331,2,-327.43,0,0,0,0
TXN102834,USER248,USER164,1606.64,2026-09-20T10:16:25.128862,20,DEVICE039,0,Dhaka,0,449,317,1,-261.98,0,0,0,0
TXN103717,USER215,USER217,1081.05,2026-09-25T01:15:11.128862,11,DEVICE157,0,Mymensingh,1,497,394,1,-2303.71,0,0,0,0
TXN103337,USER271,USER539,2599.17,2026-09-06T06:07:10.128862,16,DEVICE148,0,Dhaka,0,631,585,2,-407.01,1,0,0,0
TXN103196,USER206,USER248,1401.26,2026-09-18T10:03:26.128862,20,DEVICE035,0,Chattogram,0,413,293,1,24.14,0,0,0,0
TXN200066,USER080,USER578,35918.68,2026-09-06T16:06:22.128862,2,DEVICE187,0,Sylhet,0,679,343,3,34452.79,1,0,0,1
TXN103740,USER128,USER194,2616.91,2026-10-02T05:50:26.128862,16,DEVICE192,0,Sylhet,0,749,131,3,-691.66,0,0,0,0
TXN200086,USER179,USER016,45364.91,2026-09-08T17:29:41.128862,3,DEVICE148,0,Sylhet,0,184,346,5,43421.25,1,0,1,1
TXN201000,USER209,USER207,35016.55,2026-09-22T16:29:50.128862,2,DEVICE_ROGUE_951,1,Unknown,1,797,10,9,33193.32,1,1,2,1
TXN101142,USER193,USER551,770.65,2026-09-22T22:39:20.128862,8,DEVICE028,0,Sylhet,0,251,173,1,-703.83,0,0,0,0
TXN104643,USER028,USER145,975.19,2026-09-27T07:59:28.128862,18,DEVICE042,0,Chattogram,0,974,576,1,-85.94,0,0,0,0
TXN100932,USER093,USER306,1926.54,2026-09-08T15:27:49.128862,1,DEVICE001,0,Sylhet,0,1035,180,1,-1012.07,0,0,0,0
TXN100613,USER265,USER134,3468.15,2026-09-25T09:12:03.128862,19,DEVICE100,0,Chattogram,0,552,954,1,417.04,0,0,0,0
TXN102227,USER020,USER391,933.32,2026-09-18T02:24:02.128862,12,DEVICE091,0,Chattogram,0,914,350,1,115.77,0,0,0,0
TXN104738,USER021,USER282,3741.54,2026-09-10T06:49:14.128862,17,DEVICE200,0,Chattogram,0,647,69,1,765.83,0,0,0,0
TXN103240,USER274,USER295,3739.15,2026-09-28T03:09:51.128862,13,DEVICE002,0,Dhaka,0,1021,413,4,404.04,1,1,0,0
TXN103469,USER290,USER592,1014.48,2026-09-29T05:43:38.128862,15,DEVICE125,0,Sylhet,0,376,446,1,-532.56,0,0,0,0
TXN200250,USER125,USER554,48358.99,2026-09-20T18:18:18.128862,4,DEVICE171,0,Dhaka,0,770,284,2,47557.45,1,0,0,1
TXN104691,USER187,USER170,2332.77,2026-09-04T23:17:44.128862,9,DEVICE192,1,Dhaka,0,590,873,1,-793.75,0,0,0,0
TXN103815,USER164,USER449,3953.1,2026-09-15T00:17:52.128862,10,DEVICE173,0,Chattogram,0,1089,755,1,708.47,0,0,0,0
TXN104101,USER242,USER088,2831.01,2026-09-10T02:54:21.128862,13,DEVICE070,0,Chattogram,0,837,699,1,455.09,0,0,0,0
TXN200607,USER233,USER287,8897.56,2026-09-06T23:38:06.128862,9,DEVICE145,1,Chattogram,0,538,71,10,6490.97,1,1,2,1
TXN100505,USER002,USER528,373.82,2026-09-28T07:16:43.128862,17,DEVICE140,0,Sylhet,0,568,859,1,-493.71,0,0,0,0
TXN101509,USER102,USER136,2211.29,2026-09-05T00:27:41.128862,10,DEVICE094,0,Sylhet,0,1057,180,3,-534.66,0,0,0,0
TXN101666,USER057,USER046,1686.97,2026-09-28T04:53:04.128862,15,DEVICE085,0,Sylhet,0,910,272,2,424.9,1,0,0,0
TXN100272,USER021,USER562,2017.2,2026-09-10T03:30:12.128862,13,DEVICE200,0,Chattogram,0,647,73,1,-958.51,0,0,0,0
TXN102115,USER237,USER165,3622.28,2026-09-15T22:46:22.128862,9,DEVICE113,0,Chattogram,0,288,836,1,418.5,0,0,0,0
TXN200364,USER144,USER381,33673.74,2026-09-26T11:24:47.128862,21,DEVICE120,0,Chattogram,0,28,16,13,30518.17,1,1,0,1
TXN104505,USER263,USER197,1944.06,2026-09-13T02:20:09.128862,12,DEVICE053,0,Chattogram,0,244,836,1,146.34,0,0,0,0
TXN101485,USER296,USER193,3519.29,2026-09-11T02:48:40.128862,13,DEVICE104,0,Chattogram,0,289,257,1,1229.75,0,0,0,0
TXN104301,USER059,USER341,1006.7,2026-09-13T02:11:37.128862,12,DEVICE018,0,Sylhet,0,1021,774,1,-234.49,0,0,0,0
TXN100701,USER114,USER240,987.61,2026-09-15T11:47:30.128862,22,DEVICE080,0,Chattogram,0,1129,680,4,-294.75,0,1,0,0
TXN103833,USER143,USER066,1843.62,2026-09-23T08:55:33.128862,19,DEVICE083,0,Sylhet,0,1118,998,1,327.97,0,0,0,0
TXN103589,USER021,USER425,5030.95,2026-09-09T10:24:05.128862,20,DEVICE200,0,Chattogram,0,647,297,1,2055.24,0,0,0,0
TXN100106,USER168,USER533,2205.44,2026-09-25T01:58:58.128862,12,DEVICE038,0,Dhaka,0,570,582,2,-400.8,0,0,0,0
TXN200247,USER006,USER174,26685.9,2026-09-30T23:01:36.128862,9,DEVICE142,0,Sylhet,0,5,24,18,24058.81,1,1,0,1
TXN200200,USER100,USER209,20210.99,2026-09-28T10:31:06.128862,20,DEVICE120,1,Chattogram,0,940,191,18,17086.88,1,1,1,1
TXN200517,USER192,USER494,41424.68,2026-09-11T17:23:07.128862,3,DEVICE_ROGUE_944,1,Chattogram,1,448,5,10,39872.61,1,1,2,1
TXN104767,USER008,USER243,740.39,2026-09-05T22:13:41.128862,8,DEVICE111,0,Dhaka,0,395,772,1,-294.34,1,0,0,0
TXN200441,USER252,USER545,21364.21,2026-10-01T23:05:26.128862,9,DEVICE168,1,Dhaka,0,839,133,19,18534.18,1,1,2,1
TXN103849,USER279,USER295,1609.6,2026-09-19T00:41:12.128862,10,DEVICE108,0,Sylhet,0,311,990,2,74.26,1,0,0,0
TXN100952,USER245,USER502,927.7,2026-09-14T12:34:59.128862,22,DEVICE139,0,Sylhet,0,694,844,1,-423.8,0,0,0,0
TXN102364,USER294,USER366,816.36,2026-09-24T03:51:11.128862,14,DEVICE172,0,Dhaka,0,1098,684,1,-690.92,1,0,0,0
TXN103895,USER166,USER193,1210.51,2026-09-27T12:29:22.128862,22,DEVICE058,0,Chattogram,0,163,116,1,219.2,0,0,0,0
TXN103839,USER149,USER405,1256.92,2026-10-02T03:27:26.128862,13,DEVICE131,0,Dhaka,0,1025,267,2,-86.19,0,0,0,0
TXN102650,USER146,USER106,1238.21,2026-09-14T23:57:52.128862,10,DEVICE114,0,Dhaka,0,991,978,1,-133.65,1,0,1,0
TXN103226,USER110,USER490,4351.82,2026-09-06T09:45:12.128862,19,DEVICE032,0,Sylhet,0,232,629,1,976.52,0,0,0,0
TXN200130,USER151,USER551,22829.52,2026-09-13T16:33:38.128862,2,DEVICE300,1,Sylhet,0,385,161,8,19342.62,1,1,2,1
TXN102910,USER202,USER196,3074.53,2026-09-11T07:40:42.128862,17,DEVICE143,0,Sylhet,0,612,435,1,-226.66,1,0,0,0
TXN101084,USER085,USER537,1235.83,2026-09-19T06:45:33.128862,17,DEVICE030,0,Sylhet,0,580,128,1,-642.55,0,0,1,0
TXN103539,USER041,USER126,741.17,2026-09-15T10:45:21.128862,21,DEVICE180,0,Dhaka,0,659,604,1,-1961.17,0,0,0,0
TXN103544,USER129,USER535,3570.62,2026-10-02T01:21:55.128862,11,DEVICE045,0,Sylhet,0,476,911,2,398.07,0,0,0,0
TXN104641,USER080,USER573,1343.84,2026-09-14T02:20:02.128862,12,DEVICE187,0,Sylhet,0,679,231,1,-122.05,0,0,0,0
TXN101420,USER070,USER001,1577.27,2026-09-20T00:36:44.128862,10,DEVICE030,0,Chattogram,0,201,614,1,54.37,0,0,0,0
TXN102770,USER253,USER501,1425.51,2026-09-29T07:37:57.128862,17,DEVICE181,0,Dhaka,0,1177,629,2,429.64,0,0,0,0
TXN101786,USER138,USER086,3474.82,2026-09-04T07:42:18.128862,17,DEVICE054,0,Chattogram,0,880,982,1,621.19,0,0,0,0
TXN104480,USER281,USER200,2299.05,2026-09-12T19:20:55.128862,5,DEVICE192,0,Dhaka,0,1055,971,1,-438.5,1,0,0,0
TXN101888,USER132,USER075,890.95,2026-09-13T08:24:20.128862,18,DEVICE078,0,Dhaka,0,568,663,1,-65.45,0,0,0,0
TXN200861,USER233,USER097,11741.37,2026-09-12T17:29:45.128862,3,DEVICE390,1,Chattogram,0,538,29,13,9334.78,1,1,2,1
TXN200849,USER174,USER263,22866.71,2026-09-06T07:23:38.128862,17,DEVICE155,1,Sylhet,0,295,122,17,19948.24,1,1,2,1
TXN100416,USER120,USER205,978.73,2026-09-08T07:33:59.128862,17,DEVICE076,0,Chattogram,0,394,115,2,-233.94,0,0,0,0
TXN101215,USER235,USER114,1204.66,2026-09-25T21:03:21.128862,7,DEVICE062,0,Dhaka,0,603,506,1,-230.39,0,0,0,0
TXN200038,USER248,USER555,16971.86,2026-10-01T06:52:19.128862,17,DEVICE039,0,Dhaka,0,21,20,8,15103.24,1,1,0,1
TXN200946,USER177,USER366,12375.04,2026-09-30T18:01:46.128862,4,DEVICE080,1,Chattogram,0,703,132,8,11313.33,1,1,1,1
TXN100564,USER191,USER497,1925.74,2026-10-03T02:43:23.128862,12,DEVICE193,0,Chattogram,0,438,286,2,-13.34,0,0,0,0
TXN100478,USER184,USER113,749.23,2026-10-01T08:46:28.128862,19,DEVICE127,0,Chattogram,0,857,700,1,-316.5,0,0,0,0
TXN201037,USER250,USER060,21457.26,2026-09-12T09:05:22.128862,19,DEVICE149,1,Sylhet,0,360,75,13,19847.27,1,1,1,1
TXN100142,USER167,USER395,1402.6,2026-09-16T16:10:02.128862,2,DEVICE051,0,Sylhet,0,230,986,1,-40.01,0,0,0,0
TXN101212,USER177,USER193,1615.41,2026-09-30T06:21:38.128862,16,DEVICE107,0,Chattogram,0,703,696,1,553.7,0,0,0,0
TXN200497,USER048,USER350,9878.87,2026-09-16T16:38:22.128862,2,DEVICE019,1,Sylhet,0,926,10,14,8328.34,1,1,2,1
TXN101097,USER242,USER466,2643.6,2026-09-19T03:33:08.128862,13,DEVICE070,0,Chattogram,0,837,166,1,267.68,1,0,1,0
TXN102142,USER001,USER518,2011.84,2026-09-17T09:05:05.128862,19,DEVICE384,1,Sylhet,0,235,432,1,-514.61,0,0,0,0
TXN100605,USER029,USER503,3849.28,2026-09-26T03:52:33.128862,14,DEVICE046,0,Dhaka,0,750,312,1,761.05,0,0,0,0
TXN103786,USER164,USER470,2714.35,2026-09-29T03:12:08.128862,13,DEVICE173,0,Chattogram,0,1089,303,1,-530.28,0,0,0,0
TXN102575,USER003,USER248,822.47,2026-09-04T04:49:39.128862,15,DEVICE010,0,Dhaka,0,631,419,1,-720.11,1,0,1,0
TXN100497,USER093,USER321,3496.33,2026-09-25T03:46:06.128862,14,DEVICE001,0,Sylhet,0,1035,597,1,557.72,1,0,0,0
TXN102542,USER118,USER051,1674.65,2026-09-26T09:59:53.128862,20,DEVICE104,0,Sylhet,0,701,308,1,-850.51,0,0,0,0
TXN104481,USER222,USER011,1048.5,2026-09-05T04:41:56.128862,14,DEVICE191,0,Chattogram,0,695,130,3,-1315.29,0,0,0,0
TXN200421,USER292,USER428,49845.63,2026-09-13T13:34:33.128862,23,DEVICE_ROGUE_934,1,Sylhet,1,166,13,12,46963.61,1,1,2,1
TXN102463,USER174,USER299,2228.23,2026-10-03T01:00:07.128862,11,DEVICE197,0,Sylhet,0,295,889,2,-690.24,1,0,0,0
TXN100721,USER226,USER200,1970.79,2026-10-03T06:33:36.128862,16,DEVICE016,1,Chattogram,0,652,350,3,-406.49,1,0,0,0
TXN101086,USER287,USER232,3787.25,2026-09-04T01:44:25.128862,11,DEVICE057,0,Dhaka,0,708,948,1,702.77,0,0,0,0
TXN101025,USER141,USER088,2070.42,2026-09-28T13:19:31.128862,23,DEVICE156,0,Chattogram,0,165,690,1,-12.84,0,0,0,0
TXN101357,USER001,USER046,2720.74,2026-09-30T09:39:40.128862,19,DEVICE039,0,Sylhet,0,235,870,1,194.29,0,0,0,0
TXN103256,USER223,USER341,3051.83,2026-09-19T01:13:31.128862,11,DEVICE122,0,Sylhet,0,694,947,1,787.9,1,0,0,0
TXN102812,USER120,USER082,1245.65,2026-09-19T06:33:28.128862,16,DEVICE116,1,Chattogram,0,394,654,2,32.98,0,0,0,0
TXN103398,USER028,USER003,801.35,2026-09-21T05:42:31.128862,15,DEVICE042,0,Chattogram,0,974,329,1,-259.78,0,0,0,0
TXN200011,USER184,USER517,35141.02,2026-09-27T10:26:42.128862,20,DEVICE127,0,Chattogram,0,5,7,14,34075.29,1,1,0,1
TXN200032,USER065,USER379,21158.14,2026-09-12T23:08:37.128862,9,DEVICE103,0,Sylhet,0,30,11,11,18082.44,1,1,0,1
TXN102892,USER247,USER270,1083.11,2026-09-17T05:09:46.128862,15,DEVICE036,0,Dhaka,0,940,441,1,-361.34,1,0,0,0
TXN103407,USER134,USER402,2713.55,2026-09-03T22:15:47.128862,8,DEVICE141,0,Chattogram,0,179,210,1,-643.21,0,0,0,0
TXN102957,USER114,USER227,1763.87,2026-09-11T18:46:51.128862,5,DEVICE080,0,Cumilla,1,1129,571,1,481.51,0,0,0,0
TXN104751,USER170,USER046,910.3,2026-09-16T22:01:54.128862,8,DEVICE012,0,Sylhet,0,555,786,4,-246.94,0,1,0,0
TXN100336,USER094,USER524,2032.51,2026-09-27T00:28:34.128862,10,DEVICE134,0,Sylhet,0,330,130,1,92.68,0,0,0,0
TXN200457,USER072,USER398,26383.31,2026-09-09T16:09:35.128862,2,DEVICE_ROGUE_930,1,Sylhet,1,1151,5,12,23037.45,1,1,3,1
TXN101964,USER202,USER011,1896.61,2026-09-09T00:53:06.128862,11,DEVICE143,0,Rangpur,1,612,202,3,-1404.58,0,0,1,0
TXN103557,USER174,USER107,3475.24,2026-09-07T04:04:02.128862,14,DEVICE197,0,Rajshahi,1,295,726,1,556.77,0,0,0,0
TXN101561,USER193,USER304,1803.31,2026-09-24T09:24:01.128862,19,DEVICE028,0,Sylhet,0,251,754,1,328.83,0,0,0,0
TXN101738,USER124,USER127,1791.21,2026-09-17T22:17:45.128862,8,DEVICE108,0,Chattogram,0,796,812,2,-440.74,0,0,0,0
TXN104362,USER078,USER248,2315.81,2026-09-22T23:35:32.128862,9,DEVICE112,0,Dhaka,0,636,779,1,276.91,1,0,0,0
TXN102439,USER114,USER006,904.78,2026-09-16T12:17:54.128862,22,DEVICE080,0,Chattogram,0,1129,244,1,-377.58,0,0,0,0
TXN102018,USER154,USER420,2537.89,2026-09-05T09:08:20.128862,19,DEVICE343,1,Sylhet,0,243,61,3,340.44,1,0,0,0
TXN103096,USER281,USER078,2361.19,2026-09-24T18:46:20.128862,5,DEVICE192,0,Dhaka,0,1055,528,1,-376.36,0,0,0,0
TXN100724,USER223,USER067,2462.84,2026-10-01T21:44:21.128862,7,DEVICE122,0,Sylhet,0,694,447,1,198.91,0,0,0,0
TXN100765,USER071,USER384,1318.9,2026-09-10T02:54:37.128862,13,DEVICE067,0,Gazipur,1,474,514,1,-50.75,0,0,0,0
TXN100286,USER170,USER574,1147.12,2026-09-23T08:15:58.128862,18,DEVICE012,0,Sylhet,0,555,176,1,-10.12,1,0,0,0
TXN100307,USER198,USER263,1010.08,2026-09-13T03:47:11.128862,14,DEVICE179,0,Dhaka,0,565,586,1,73.49,0,0,0,0
TXN200410,USER049,USER035,11450.54,2026-09-26T04:49:10.128862,15,DEVICE063,1,Dhaka,0,772,38,16,8934.19,1,1,1,1
TXN104668,USER187,USER357,3056.37,2026-09-12T00:55:24.128862,11,DEVICE038,0,Dhaka,0,590,741,2,-70.15,1,0,0,0
TXN200635,USER082,USER427,14600.67,2026-09-25T01:12:33.128862,11,DEVICE197,1,Sylhet,0,1082,187,12,13091.27,1,1,1,1
TXN101730,USER252,USER087,3739.46,2026-10-02T03:34:38.128862,13,DEVICE040,0,Dhaka,0,839,360,3,909.43,0,0,0,0
TXN104409,USER063,USER215,2757.34,2026-09-18T03:49:48.128862,14,DEVICE165,0,Chattogram,0,752,105,1,453.58,0,0,0,0
TXN200285,USER117,USER004,46473.52,2026-09-19T16:01:06.128862,2,DEVICE084,0,Sylhet,0,669,186,4,44867.72,1,0,1,1
TXN101471,USER098,USER496,2429.54,2026-09-27T08:29:17.128862,18,DEVICE190,0,Chattogram,0,1132,914,3,200.93,0,0,0,0
TXN100071,USER173,USER578,2583.42,2026-09-30T18:46:18.128862,5,DEVICE329,1,Chattogram,0,291,331,1,507.21,0,0,0,0
TXN101566,USER016,USER453,1796.6,2026-09-09T22:04:48.128862,8,DEVICE175,0,Chattogram,0,989,592,1,-474.74,0,0,0,0
TXN100711,USER227,USER057,2899.1,2026-09-24T00:12:17.128862,10,DEVICE064,0,Dhaka,0,106,361,3,741.4,0,0,0,0
TXN103710,USER244,USER229,4793.78,2026-09-09T09:00:58.128862,19,DEVICE082,0,Sylhet,0,274,129,1,1470.07,0,0,0,0
TXN101020,USER197,USER508,2267.91,2026-09-15T17:09:41.128862,3,DEVICE106,1,Dhaka,0,383,735,1,-17.97,0,0,0,0
TXN101345,USER104,USER263,2740.46,2026-09-14T01:42:29.128862,11,DEVICE018,0,Sylhet,0,1025,522,1,490.64,1,0,0,0
TXN200198,USER288,USER205,38978.84,2026-09-28T16:48:38.128862,3,DEVICE_ROGUE_911,1,Sylhet,1,926,1,6,37929.63,1,1,3,1
TXN103158,USER071,USER425,2032.52,2026-09-16T10:02:53.128862,20,DEVICE067,0,Chattogram,0,474,158,1,662.87,0,0,0,0
TXN100737,USER237,USER349,4007.69,2026-09-14T08:39:25.128862,18,DEVICE113,0,Chattogram,0,288,487,1,803.91,0,0,0,0
TXN200600,USER299,USER510,48790.23,2026-09-17T16:20:42.128862,2,DEVICE120,0,Sylhet,0,367,307,5,47787.07,1,0,0,1
TXN102432,USER027,USER421,687.64,2026-09-17T05:27:24.128862,15,DEVICE061,0,Dhaka,0,171,319,1,-362.77,0,0,0,0
TXN201003,USER186,USER392,8328.6,2026-09-06T00:25:30.128862,10,DEVICE383,1,Chattogram,0,388,143,12,6612.48,1,1,2,1
TXN200770,USER006,USER428,21217.97,2026-09-11T08:34:32.128862,18,DEVICE142,0,Sylhet,0,16,28,10,18590.88,1,1,0,1
TXN101235,USER135,USER165,1162.97,2026-09-27T23:40:48.128862,9,DEVICE001,0,Dhaka,0,741,831,1,131.71,0,0,0,0
TXN102259,USER011,USER516,1911.03,2026-10-02T09:49:01.128862,20,DEVICE079,0,Chattogram,0,236,103,1,520.71,0,0,0,0
TXN200679,USER120,USER088,17101.45,2026-09-24T12:24:45.128862,22,DEVICE120,1,Chattogram,0,27,21,8,15888.78,1,1,0,1
TXN104379,USER226,USER050,2742.69,2026-09-27T00:04:31.128862,10,DEVICE193,0,Barishal,1,652,758,1,365.41,0,0,0,0
TXN103950,USER253,USER489,959.76,2026-09-09T03:14:42.128862,13,DEVICE181,0,Dhaka,0,1177,407,1,-36.11,1,0,0,0
TXN200688,USER298,USER269,26824.81,2026-09-23T06:19:05.128862,16,DEVICE043,0,Chattogram,0,21,13,12,25998.7,1,1,0,1
TXN100978,USER134,USER310,3919.64,2026-09-09T05:21:40.128862,15,DEVICE141,0,Chattogram,0,179,652,3,562.88,1,0,0,0
TXN104623,USER226,USER267,2710.55,2026-09-26T07:18:15.128862,17,DEVICE193,0,Chattogram,0,652,607,1,333.27,0,0,0,0
TXN200308,USER190,USER361,29096.24,2026-09-23T03:13:49.128862,13,DEVICE288,1,Dhaka,0,19,16,18,27084.98,1,1,0,1
TXN102022,USER002,USER584,731.71,2026-09-19T22:20:01.128862,8,DEVICE140,0,Sylhet,0,568,581,1,-135.82,0,0,0,0
TXN103520,USER189,USER062,1167.82,2026-09-12T04:39:52.128862,14,DEVICE177,0,Sylhet,0,933,378,1,-145.74,0,0,0,0
TXN200481,USER167,USER270,38698.23,2026-09-29T17:12:35.128862,3,DEVICE_ROGUE_934,1,Chattogram,1,230,10,8,37255.62,1,1,4,1
TXN100344,USER158,USER592,2607.63,2026-09-26T01:11:00.128862,11,DEVICE163,0,Sylhet,0,904,181,1,219.2,0,0,0,0
TXN200199,USER131,USER270,30033.66,2026-09-25T13:16:00.128862,23,DEVICE_ROGUE_931,1,Coxs Bazar,1,874,15,6,28403.37,1,1,3,1
TXN100911,USER293,USER399,2509.79,2026-09-21T09:36:10.128862,19,DEVICE087,0,Chattogram,0,713,743,2,-10.42,0,0,0,0
TXN102436,USER232,USER357,1642.62,2026-10-03T11:10:26.128862,21,DEVICE134,0,Chattogram,0,811,363,2,340.89,0,0,0,0
TXN100047,USER003,USER082,1832.56,2026-09-09T17:38:22.128862,3,DEVICE010,0,Dhaka,0,631,600,1,289.98,0,0,0,0
TXN104080,USER149,USER043,1464.84,2026-09-11T02:15:25.128862,12,DEVICE131,0,Dhaka,0,1025,524,1,121.73,1,0,0,0
TXN200395,USER045,USER342,37642.11,2026-10-01T07:12:34.128862,17,DEVICE262,1,Dhaka,0,8,30,12,36626.67,1,1,0,1
TXN100443,USER253,USER244,1030.53,2026-09-24T23:15:42.128862,9,DEVICE181,0,Dhaka,0,1177,674,1,34.66,1,0,0,0
TXN103592,USER011,USER081,1004.59,2026-09-06T21:37:08.128862,7,DEVICE079,0,Chattogram,0,236,470,1,-385.73,0,0,0,0
TXN103130,USER073,USER383,4075.7,2026-09-14T04:32:30.128862,14,DEVICE149,0,Dhaka,0,830,175,1,909.51,0,0,0,0
TXN102486,USER033,USER148,1781.11,2026-09-12T03:05:35.128862,13,DEVICE189,0,Chattogram,0,558,314,3,-466.71,0,0,0,0
TXN200908,USER107,USER402,36564.55,2026-09-07T16:35:59.128862,2,DEVICE_ROGUE_971,1,Coxs Bazar,1,480,13,8,35463.36,1,1,4,1
TXN101893,USER266,USER357,2254.78,2026-09-23T23:31:03.128862,9,DEVICE198,0,Sylhet,0,903,879,1,-444.78,0,0,0,0
TXN103017,USER003,USER263,1897.69,2026-09-14T01:36:34.128862,11,DEVICE010,0,Rangpur,1,631,277,1,355.11,0,0,0,0
TXN101220,USER216,USER488,4873.84,2026-09-08T03:31:32.128862,13,DEVICE129,1,Sylhet,0,877,744,1,1386.2,0,0,0,0
TXN103830,USER270,USER099,821.86,2026-10-01T04:58:11.128862,15,DEVICE196,0,Sylhet,0,118,243,2,0.74,0,0,0,0
TXN102268,USER274,USER309,2690.58,2026-09-14T16:17:05.128862,2,DEVICE002,0,Dhaka,0,1021,281,1,-644.53,0,0,0,0
TXN101055,USER020,USER444,712.87,2026-09-25T21:35:46.128862,7,DEVICE091,0,Chattogram,0,914,736,1,-104.68,0,0,0,0
TXN100848,USER097,USER153,4018.82,2026-09-07T23:10:15.128862,9,DEVICE185,0,Chattogram,0,687,209,3,529.29,0,0,0,0
TXN103892,USER137,USER265,966.84,2026-09-26T13:16:49.128862,23,DEVICE074,0,Dhaka,0,870,977,1,-20.03,0,0,0,0
TXN201046,USER021,USER314,38023.5,2026-10-02T08:01:09.128862,18,DEVICE200,0,Chattogram,0,17,9,13,35047.79,1,1,0,1
TXN103877,USER214,USER470,2133.46,2026-09-23T04:04:36.128862,14,DEVICE114,0,Dhaka,0,708,940,1,191.34,0,0,0,0
TXN102742,USER224,USER319,1828.97,2026-09-23T10:10:41.128862,20,DEVICE116,0,Dhaka,0,134,799,1,-990.56,1,0,0,0
TXN200806,USER192,USER122,13427.33,2026-09-18T14:06:12.128862,0,DEVICE386,1,Dhaka,0,448,150,18,11875.26,1,1,2,1
TXN104280,USER123,USER107,2744.41,2026-09-16T05:46:02.128862,16,DEVICE050,0,Sylhet,1,1081,567,2,-157.88,1,0,1,0
TXN101328,USER118,USER243,2766.3,2026-09-11T08:16:49.128862,18,DEVICE104,0,Cumilla,1,701,961,2,241.14,1,0,0,0
TXN102874,USER028,USER274,705.52,2026-09-26T05:48:30.128862,16,DEVICE042,0,Chattogram,0,974,897,1,-355.61,0,0,0,0
TXN104630,USER227,USER502,2879.13,2026-10-03T07:05:37.128862,17,DEVICE064,0,Dhaka,0,106,259,2,721.43,0,0,0,0
TXN100776,USER100,USER447,3890.18,2026-09-28T11:44:01.128862,21,DEVICE172,0,Chattogram,0,940,560,1,766.07,0,0,0,0
TXN200876,USER059,USER032,14670.13,2026-09-12T15:22:34.128862,1,DEVICE170,1,Sylhet,0,1021,57,18,13428.94,1,1,1,1
TXN100183,USER211,USER454,1141.61,2026-09-06T09:42:19.128862,19,DEVICE153,0,Chattogram,0,958,807,1,-374.44,0,0,0,0
TXN103129,USER240,USER344,2879.86,2026-09-04T05:38:49.128862,15,DEVICE074,0,Dhaka,0,992,931,4,407.53,0,1,0,0
TXN104098,USER189,USER090,1564.42,2026-09-17T03:00:36.128862,13,DEVICE177,0,Sylhet,0,933,727,1,250.86,0,0,0,0
TXN101193,USER079,USER194,1084.23,2026-09-10T08:04:24.128862,18,DEVICE089,0,Dhaka,0,358,924,1,-430.95,1,0,0,0
TXN103648,USER185,USER086,2196.98,2026-09-17T04:24:58.128862,14,DEVICE103,0,Chattogram,0,972,295,4,309.9,0,1,0,0
TXN100734,USER141,USER196,2124.35,2026-09-08T07:40:01.128862,17,DEVICE156,0,Chattogram,0,165,327,1,41.09,1,0,0,0
TXN101835,USER233,USER412,2575.64,2026-10-02T05:32:04.128862,15,DEVICE125,0,Chattogram,0,538,983,2,169.05,0,0,0,0
TXN102272,USER103,USER472,2535.96,2026-09-22T08:14:57.128862,18,DEVICE111,0,Chattogram,0,589,174,1,-104.66,0,0,0,0
TXN103793,USER113,USER454,1460.77,2026-09-03T21:57:54.128862,8,DEVICE130,0,Sylhet,0,786,316,1,-690.81,0,0,0,0
TXN100485,USER126,USER484,1697.83,2026-09-25T06:27:17.128862,16,DEVICE098,0,Chattogram,0,862,653,1,22.61,0,0,0,0
TXN101163,USER256,USER471,2882.42,2026-09-24T05:43:13.128862,15,DEVICE107,0,Chattogram,0,426,861,1,-607.04,0,0,0,0
TXN100452,USER145,USER261,2095.14,2026-09-13T08:04:45.128862,18,DEVICE114,0,Sylhet,0,295,176,1,152.67,0,0,0,0
TXN102298,USER018,USER344,2886.75,2026-09-09T06:24:45.128862,16,DEVICE171,0,Chattogram,0,1049,354,1,495.73,1,0,0,0
TXN104594,USER017,USER003,1004.47,2026-09-15T18:34:42.128862,4,DEVICE064,0,Chattogram,0,344,415,1,-390.72,0,0,0,0
TXN100030,USER237,USER463,4387.49,2026-09-14T19:38:31.128862,5,DEVICE113,0,Chattogram,0,288,935,1,1183.71,1,0,0,0
TXN100789,USER234,USER412,3179.53,2026-10-02T07:44:21.128862,17,DEVICE063,1,Chattogram,0,479,346,2,556.46,0,0,0,0
TXN200298,USER254,USER386,41787.59,2026-10-02T04:24:06.128862,14,DEVICE055,0,Dhaka,0,14,16,11,39750.22,1,1,0,1
TXN101965,USER205,USER297,1814.95,2026-10-02T04:48:14.128862,15,DEVICE117,0,Sylhet,0,679,607,1,-296.28,0,0,0,0
TXN101109,USER138,USER093,2384.03,2026-09-10T04:01:26.128862,14,DEVICE054,0,Chattogram,0,880,589,3,-469.6,0,0,0,0
TXN100100,USER045,USER411,951.32,2026-09-09T05:53:43.128862,16,DEVICE121,0,Dhaka,0,276,327,1,-64.12,0,0,0,0
TXN103970,USER225,USER095,578.9,2026-09-19T00:43:43.128862,10,DEVICE067,0,Sylhet,0,900,702,3,-375.45,1,0,0,0
TXN103012,USER018,USER600,2066.19,2026-09-14T23:05:36.128862,9,DEVICE171,0,Chattogram,0,1049,102,1,-324.83,0,0,0,0
TXN103167,USER105,USER563,1739.48,2026-09-30T13:21:54.128862,23,DEVICE171,0,Dhaka,0,386,479,1,219.05,0,0,0,0
TXN104724,USER136,USER106,2960.35,2026-09-27T08:27:16.128862,18,DEVICE078,0,Chattogram,0,1058,423,1,848.18,0,0,0,0
TXN101770,USER092,USER475,2395.4,2026-09-07T10:37:55.128862,20,DEVICE112,0,Dhaka,0,322,142,1,-98.7,0,0,0,0
TXN101919,USER129,USER364,3221.05,2026-09-13T22:33:09.128862,8,DEVICE045,0,Sylhet,0,476,164,1,48.5,1,0,0,0
TXN103755,USER148,USER184,1429.9,2026-09-26T07:43:55.128862,17,DEVICE055,0,Dhaka,0,1167,838,1,-1340.91,0,0,0,0
TXN104541,USER271,USER422,1810.1,2026-10-01T20:00:03.128862,6,DEVICE148,0,Dhaka,0,631,272,2,-1196.08,0,0,0,0
TXN100861,USER076,USER285,2771.81,2026-09-12T10:41:03.128862,20,DEVICE028,0,Sylhet,0,195,903,1,903.6,0,0,0,0
TXN101501,USER126,USER333,1523.77,2026-09-13T19:07:43.128862,5,DEVICE098,0,Chattogram,0,862,564,1,-151.45,0,0,0,0
TXN100903,USER022,USER059,2544.48,2026-09-11T07:30:05.128862,17,DEVICE144,0,Chattogram,0,1114,167,2,-140.5,0,0,0,0
TXN200255,USER151,USER245,9907.66,2026-10-02T05:01:50.128862,15,DEVICE264,1,Sylhet,0,385,153,9,6420.76,1,1,2,1
TXN100109,USER242,USER033,2499.22,2026-09-09T00:34:21.128862,10,DEVICE070,0,Chattogram,0,837,721,1,123.3,0,0,0,0
TXN200568,USER205,USER541,20774.97,2026-09-03T19:21:19.128862,5,DEVICE232,1,Sylhet,0,679,120,16,18663.74,1,1,1,1
TXN201072,USER017,USER486,19158.23,2026-09-29T04:48:04.128862,15,DEVICE072,1,Chattogram,0,8,10,9,17763.04,1,1,0,1
TXN200234,USER115,USER357,10433.6,2026-09-06T06:53:13.128862,17,DEVICE367,1,Chattogram,0,637,131,18,7169.5,1,1,2,1
TXN104397,USER167,USER536,1334.08,2026-10-01T19:05:03.128862,5,DEVICE051,0,Sylhet,0,230,359,1,-108.53,1,0,0,0
TXN101926,USER163,USER425,1381.98,2026-09-08T23:14:11.128862,9,DEVICE061,0,Dhaka,0,738,234,2,-36.16,1,0,0,0
TXN102133,USER292,USER563,1658.19,2026-10-01T16:02:24.128862,2,DEVICE100,0,Chattogram,0,166,908,1,-1223.83,1,0,0,0
TXN103525,USER290,USER400,938.15,2026-09-22T00:00:15.128862,10,DEVICE125,0,Sylhet,0,376,114,2,-608.89,1,0,1,0
TXN201061,USER153,USER495,44752.68,2026-09-20T16:07:45.128862,2,DEVICE169,0,Chattogram,0,406,61,5,42769.81,1,0,1,1
TXN104650,USER283,USER530,967.02,2026-09-15T12:32:47.128862,22,DEVICE140,0,Dhaka,0,761,565,2,-1545.42,0,0,0,0
TXN103671,USER117,USER025,1322.65,2026-09-16T06:02:55.128862,16,DEVICE084,0,Cumilla,1,669,297,1,-283.15,0,0,0,0
TXN104393,USER280,USER372,1933.71,2026-09-29T12:00:23.128862,22,DEVICE138,0,Dhaka,0,568,430,1,-499.33,1,0,0,0
TXN103045,USER118,USER180,2773.97,2026-09-03T18:28:24.128862,4,DEVICE104,0,Sylhet,0,701,433,2,248.81,0,0,0,0
TXN200746,USER283,USER472,14897.17,2026-09-26T21:40:08.128862,7,DEVICE131,1,Dhaka,0,761,200,12,12384.73,1,1,1,1
TXN200360,USER069,USER554,23440.75,2026-09-11T15:00:48.128862,1,DEVICE183,1,Sylhet,0,936,146,12,21789.03,1,1,2,1
TXN200838,USER098,USER088,42059.57,2026-09-03T16:34:11.128862,2,DEVICE190,0,Chattogram,0,1132,229,5,39830.96,1,0,1,1
TXN103886,USER272,USER300,1170.6,2026-09-25T21:07:56.128862,7,DEVICE098,0,Sylhet,0,1188,956,1,-437.72,0,0,0,0
TXN101094,USER110,USER574,3592.8,2026-10-03T08:57:37.128862,19,DEVICE032,0,Sylhet,0,232,70,1,217.5,1,0,0,0
TXN101121,USER121,USER378,3353.86,2026-09-20T01:37:13.128862,11,DEVICE142,0,Dhaka,0,1004,996,2,495.08,1,0,0,0
TXN102516,USER264,USER350,946.92,2026-10-01T23:37:42.128862,9,DEVICE108,0,Chattogram,0,378,500,1,-279.0,0,0,0,0
TXN102210,USER059,USER352,923.03,2026-09-20T10:23:08.128862,20,DEVICE018,0,Sylhet,0,1021,113,1,-318.16,1,0,0,0
TXN100809,USER186,USER590,1522.16,2026-09-28T21:39:22.128862,7,DEVICE063,0,Chattogram,0,388,755,1,-193.96,0,0,0,0
TXN104252,USER204,USER247,1392.53,2026-09-11T03:42:36.128862,13,DEVICE032,0,Sylhet,0,1042,966,1,143.49,0,0,0,0
TXN103274,USER198,USER421,884.37,2026-09-28T09:07:38.128862,19,DEVICE345,1,Dhaka,0,565,446,2,-52.22,0,0,0,0
TXN201107,USER266,USER231,44013.61,2026-09-25T15:02:09.128862,1,DEVICE_ROGUE_989,1,Unknown,1,903,12,11,41314.05,1,1,3,1
TXN104343,USER296,USER322,2241.71,2026-10-02T22:03:41.128862,8,DEVICE104,0,Chattogram,0,289,818,1,-47.83,0,0,0,0
TXN201045,USER269,USER193,9404.56,2026-09-18T01:15:14.128862,11,DEVICE326,1,Sylhet,0,898,45,8,6838.82,1,1,2,1
TXN200703,USER041,USER153,24195.01,2026-09-27T01:24:23.128862,11,DEVICE257,1,Dhaka,0,659,138,17,21492.67,1,1,1,1
TXN200853,USER206,USER498,19926.69,2026-09-29T22:00:19.128862,8,DEVICE330,1,Chattogram,0,413,86,10,18549.57,1,1,1,1
TXN103944,USER049,USER289,2310.25,2026-09-23T06:49:14.128862,17,DEVICE090,0,Dhaka,0,772,304,1,-206.1,0,0,0,0
TXN200239,USER087,USER092,42902.14,2026-09-08T16:19:53.128862,2,DEVICE_ROGUE_902,1,Coxs Bazar,1,726,14,6,39408.79,1,1,4,1
TXN102543,USER274,USER026,2585.71,2026-09-29T03:50:21.128862,14,DEVICE002,0,Dhaka,0,1021,499,1,-749.4,0,0,0,0
TXN101773,USER160,USER576,1325.26,2026-09-26T07:03:27.128862,17,DEVICE086,0,Chattogram,0,762,641,3,-69.33,0,0,0,0
TXN102846,USER282,USER362,1788.08,2026-09-10T21:30:22.128862,7,DEVICE189,0,Dhaka,0,141,63,1,438.37,0,0,0,0
TXN200999,USER122,USER385,45004.52,2026-09-13T18:42:18.128862,4,DEVICE033,0,Dhaka,0,1193,127,2,42748.2,1,0,1,1
TXN101765,USER010,USER051,701.95,2026-09-15T20:00:12.128862,6,DEVICE011,0,Sylhet,0,381,341,1,-178.5,0,0,0,0
TXN103897,USER011,USER264,1280.46,2026-10-02T19:55:35.128862,6,DEVICE079,0,Chattogram,0,236,107,1,-109.86,0,0,0,0
TXN200828,USER057,USER279,32885.02,2026-09-30T22:42:20.128862,8,DEVICE033,1,Sylhet,0,15,14,8,31622.95,1,1,0,1
TXN101756,USER249,USER075,2795.91,2026-09-15T01:36:50.128862,11,DEVICE060,0,Dhaka,0,501,924,1,182.35,1,0,0,0
TXN102346,USER051,USER524,3050.12,2026-09-30T08:36:14.128862,18,DEVICE059,0,Dhaka,0,304,997,1,1250.63,0,0,0,0
TXN102996,USER296,USER130,2133.27,2026-09-24T03:44:12.128862,13,DEVICE104,0,Chattogram,0,289,109,1,-156.27,0,0,0,0
TXN101595,USER291,USER408,728.25,2026-09-28T12:23:15.128862,22,DEVICE008,0,Sylhet,0,182,758,3,-81.32,0,0,0,0
TXN201166,USER300,USER115,42740.81,2026-09-24T11:11:53.128862,21,DEVICE162,1,Chattogram,0,19,28,10,39556.42,1,1,0,1
TXN103252,USER249,USER525,3834.79,2026-09-25T23:44:04.128862,9,DEVICE060,0,Dhaka,0,501,710,1,1221.23,0,0,0,0
TXN100829,USER133,USER010,3733.13,2026-09-26T06:54:55.128862,17,DEVICE104,0,Chattogram,0,931,813,1,562.5,0,0,0,0
TXN201064,USER165,USER541,47993.12,2026-09-20T17:14:39.128862,3,DEVICE_ROGUE_981,1,Sylhet,1,1198,10,8,44872.1,1,1,3,1
TXN101858,USER236,USER047,1438.85,2026-09-16T04:23:44.128862,14,DEVICE071,0,Dhaka,0,370,577,2,315.16,0,0,0,0
TXN100438,USER231,USER026,1156.06,2026-09-21T22:42:58.128862,8,DEVICE200,0,Chattogram,0,561,152,1,139.76,0,0,0,0
TXN100627,USER254,USER042,1991.26,2026-09-26T02:20:44.128862,12,DEVICE055,0,Dhaka,0,1117,797,1,-46.11,0,0,0,0
TXN201178,USER165,USER207,37357.83,2026-09-08T17:01:14.128862,3,DEVICE_ROGUE_916,1,Unknown,1,1198,2,7,34236.81,1,1,4,1
TXN102879,USER119,USER178,2104.91,2026-09-24T11:26:21.128862,21,DEVICE179,0,Chattogram,0,1092,77,1,-339.31,0,0,0,0
TXN100925,USER065,USER517,3486.9,2026-09-21T21:35:38.128862,7,DEVICE103,0,Sylhet,0,917,326,1,411.2,0,0,0,0
TXN104121,USER193,USER055,1445.22,2026-09-28T21:34:46.128862,7,DEVICE028,0,Chattogram,1,251,772,1,-29.26,0,0,0,0
TXN200074,USER189,USER008,10750.78,2026-09-16T09:54:34.128862,20,DEVICE036,1,Sylhet,0,933,121,16,9437.22,1,1,1,1
TXN200936,USER068,USER388,18505.13,2026-09-28T23:14:51.128862,9,DEVICE056,1,Sylhet,0,1036,185,18,17618.46,1,1,2,1
TXN102865,USER154,USER465,2311.66,2026-10-01T02:38:54.128862,12,DEVICE022,0,Sylhet,0,243,575,1,114.21,0,0,0,0
TXN201151,USER228,USER592,45647.18,2026-09-27T01:40:22.128862,11,DEVICE164,0,Dhaka,0,7,5,16,42544.84,1,1,0,1
TXN101173,USER227,USER351,2401.1,2026-09-21T06:37:24.128862,16,DEVICE064,0,Dhaka,0,106,297,2,243.4,0,0,0,0
TXN103360,USER212,USER464,3397.3,2026-09-11T02:33:09.128862,12,DEVICE082,0,Dhaka,0,602,198,2,480.31,0,0,0,0
TXN103197,USER173,USER296,2157.53,2026-09-20T15:21:35.128862,1,DEVICE157,0,Chattogram,0,291,484,2,81.32,0,0,0,0
TXN100944,USER088,USER335,2328.37,2026-09-11T05:21:14.128862,15,DEVICE049,0,Sylhet,0,118,936,3,152.65,0,0,1,0
TXN104769,USER102,USER108,2272.98,2026-09-18T01:07:54.128862,11,DEVICE094,0,Sylhet,0,1057,974,2,-472.97,1,0,0,0
TXN102288,USER251,USER248,1425.36,2026-09-30T23:37:22.128862,9,DEVICE178,0,Chattogram,0,1194,550,1,-228.32,0,0,0,0
TXN100012,USER131,USER384,1412.79,2026-09-25T11:44:43.128862,21,DEVICE146,0,Chattogram,0,874,155,1,-217.5,0,0,0,0
TXN101117,USER121,USER209,2575.99,2026-09-27T02:00:22.128862,12,DEVICE142,0,Dhaka,0,1004,443,1,-282.79,1,0,0,0
TXN104365,USER036,USER428,1537.65,2026-09-09T21:49:12.128862,8,DEVICE172,0,Dhaka,0,172,174,1,-752.86,0,0,0,0
TXN103655,USER058,USER188,2592.21,2026-09-23T05:47:10.128862,16,DEVICE072,0,Sylhet,0,165,739,1,-176.43,0,0,0,0
TXN200895,USER064,USER313,22819.67,2026-09-22T03:23:41.128862,13,DEVICE180,1,Dhaka,0,327,31,19,20171.21,1,1,2,1
TXN100642,USER096,USER217,2568.14,2026-09-26T22:23:29.128862,8,DEVICE176,0,Dhaka,0,1110,607,2,737.77,1,0,0,0
TXN102589,USER089,USER221,1492.18,2026-09-11T00:38:02.128862,10,DEVICE066,0,Chattogram,0,925,99,1,446.72,0,0,0,0
TXN104707,USER186,USER221,1102.56,2026-10-02T01:02:13.128862,11,DEVICE063,0,Mymensingh,1,388,100,1,-613.56,0,0,0,0
TXN102678,USER100,USER433,3465.2,2026-09-12T23:28:31.128862,9,DEVICE172,0,Chattogram,0,940,472,1,341.09,0,0,0,0
TXN104292,USER274,USER253,3156.87,2026-09-16T23:43:03.128862,9,DEVICE002,0,Dhaka,0,1021,768,1,-178.24,0,0,0,0
TXN200279,USER052,USER063,21008.75,2026-09-20T07:53:11.128862,18,DEVICE362,1,Chattogram,0,419,186,17,19643.08,1,1,1,1
TXN200687,USER035,USER193,47810.25,2026-09-11T09:11:37.128862,19,DEVICE106,0,Sylhet,0,22,30,16,45988.21,1,1,0,1
TXN102922,USER046,USER191,912.86,2026-09-16T09:04:17.128862,19,DEVICE198,1,Sylhet,1,1052,496,1,-515.68,0,0,0,0
TXN102535,USER086,USER511,1088.75,2026-09-13T05:45:15.128862,16,DEVICE099,0,Dhaka,0,414,812,1,-303.42,0,0,0,0
TXN104765,USER191,USER014,1384.54,2026-09-23T07:26:01.128862,17,DEVICE193,0,Chattogram,0,438,103,1,-554.54,0,0,0,0
TXN102264,USER241,USER008,1923.91,2026-09-12T03:08:58.128862,13,DEVICE061,0,Chattogram,0,158,774,2,-8.0,0,0,0,0
TXN100653,USER107,USER290,894.12,2026-09-06T07:27:43.128862,17,DEVICE160,0,Dhaka,0,480,680,1,-207.07,0,0,0,0
TXN100429,USER141,USER156,1284.96,2026-09-07T07:53:24.128862,18,DEVICE314,1,Chattogram,0,165,680,2,-798.3,0,0,0,0
TXN103750,USER193,USER508,1933.91,2026-09-14T04:01:44.128862,14,DEVICE028,0,Sylhet,0,251,574,2,459.43,0,0,0,0
TXN103315,USER271,USER216,2350.61,2026-09-04T09:37:11.128862,19,DEVICE148,0,Dhaka,0,631,716,1,-655.57,0,0,0,0
TXN102517,USER114,USER262,1505.22,2026-09-24T00:09:04.128862,10,DEVICE080,0,Barishal,1,1129,188,1,222.86,0,0,0,0
TXN104011,USER095,USER298,711.56,2026-10-01T02:28:00.128862,12,DEVICE138,0,Chattogram,0,405,197,1,-259.96,1,0,0,0
TXN103162,USER296,USER469,2056.16,2026-09-13T00:56:59.128862,11,DEVICE104,0,Chattogram,0,289,561,1,-233.38,0,0,0,0
TXN103605,USER109,USER362,1913.58,2026-09-07T19:03:25.128862,5,DEVICE170,0,Sylhet,0,369,390,2,-111.47,0,0,0,0
TXN100838,USER264,USER037,1434.13,2026-10-02T11:25:07.128862,21,DEVICE108,0,Chattogram,0,378,690,2,208.21,0,0,0,0
TXN101087,USER189,USER413,1348.29,2026-09-21T11:19:54.128862,21,DEVICE177,0,Sylhet,0,933,216,3,34.73,1,0,0,0
TXN101728,USER138,USER049,3162.87,2026-09-16T18:01:32.128862,4,DEVICE054,0,Chattogram,0,880,538,1,309.24,0,0,0,0
TXN201007,USER054,USER499,18305.94,2026-10-01T15:47:47.128862,2,DEVICE225,1,Chattogram,0,933,51,14,14976.97,1,1,1,1
TXN101319,USER207,USER475,1696.3,2026-09-18T09:13:22.128862,19,DEVICE119,0,Dhaka,0,241,489,4,-186.51,0,1,0,0
TXN101330,USER099,USER283,5045.41,2026-09-15T07:40:02.128862,17,DEVICE189,0,Dhaka,0,649,708,1,1623.5,1,0,0,0
TXN104154,USER253,USER063,1082.85,2026-09-25T06:29:38.128862,16,DEVICE181,0,Dhaka,0,1177,152,2,86.98,1,0,0,0
TXN100856,USER130,USER574,4430.61,2026-10-02T12:08:41.128862,22,DEVICE158,0,Chattogram,0,579,506,1,1385.11,1,0,0,0
TXN101419,USER237,USER252,3845.4,2026-09-26T02:52:58.128862,13,DEVICE113,0,Chattogram,0,288,832,1,641.62,1,0,0,0
TXN102515,USER138,USER436,2206.64,2026-09-19T02:24:08.128862,12,DEVICE054,0,Chattogram,0,880,855,1,-646.99,0,0,0,0
TXN102299,USER243,USER305,1862.29,2026-09-08T07:42:44.128862,17,DEVICE086,0,Dhaka,0,359,949,1,-349.22,0,0,0,0
TXN103536,USER074,USER450,896.65,2026-09-20T06:59:21.128862,17,DEVICE068,0,Dhaka,0,1110,346,1,-752.98,0,0,0,0
TXN101608,USER168,USER192,1471.08,2026-09-14T04:32:12.128862,14,DEVICE038,0,Dhaka,0,570,411,1,-1135.16,0,0,0,0
TXN200398,USER177,USER351,46430.91,2026-10-02T03:53:33.128862,14,DEVICE107,0,Chattogram,0,7,7,14,45369.2,1,1,0,1
TXN100693,USER247,USER280,1527.14,2026-09-30T05:28:37.128862,15,DEVICE036,0,Dhaka,0,940,277,2,82.69,0,0,0,0
TXN104140,USER299,USER153,1016.46,2026-09-13T20:51:19.128862,7,DEVICE120,0,Sylhet,0,367,305,3,13.3,0,0,0,0
TXN102666,USER042,USER027,1391.78,2026-09-10T11:36:46.128862,21,DEVICE028,0,Dhaka,0,461,793,1,468.05,0,0,0,0
TXN100188,USER009,USER070,2044.98,2026-09-09T15:48:12.128862,2,DEVICE033,0,Dhaka,0,634,578,2,105.79,0,0,0,0
TXN100287,USER002,USER350,1251.58,2026-09-24T01:36:31.128862,11,DEVICE140,0,Sylhet,0,568,168,1,384.05,1,0,0,0
TXN103410,USER002,USER070,1159.86,2026-10-01T05:21:13.128862,15,DEVICE140,0,Mymensingh,1,568,110,1,292.33,1,0,0,0
TXN200736,USER230,USER256,42752.0,2026-09-15T04:57:38.128862,15,DEVICE197,0,Chattogram,0,7,6,12,39357.9,1,1,0,1
TXN104205,USER143,USER289,1468.46,2026-09-03T20:50:57.128862,7,DEVICE083,0,Sylhet,0,1118,420,3,-47.19,0,0,0,0
TXN103966,USER151,USER404,2865.2,2026-09-26T02:27:21.128862,12,DEVICE189,0,Sylhet,0,385,263,1,-621.7,0,0,0,0
TXN103771,USER066,USER235,3260.91,2026-09-30T08:11:18.128862,18,DEVICE174,0,Dhaka,0,1143,830,3,365.71,1,0,0,0
TXN103215,USER096,USER182,1125.49,2026-09-13T20:48:01.128862,7,DEVICE176,0,Dhaka,0,1110,756,2,-704.88,0,0,0,0
TXN102333,USER220,USER032,1887.85,2026-09-15T07:31:48.128862,17,DEVICE115,0,Dhaka,0,871,346,2,286.74,1,0,0,0
TXN201181,USER265,USER268,45204.23,2026-09-30T02:56:04.128862,13,DEVICE288,1,Chattogram,0,26,6,17,42153.12,1,1,0,1
TXN104094,USER198,USER409,1032.99,2026-09-11T08:59:20.128862,19,DEVICE179,0,Dhaka,0,565,985,2,96.4,0,0,0,0
TXN102144,USER085,USER191,1598.08,2026-10-02T08:09:02.128862,18,DEVICE030,0,Sylhet,0,580,893,1,-280.3,0,0,1,0
TXN102980,USER002,USER133,845.09,2026-09-07T00:07:13.128862,10,DEVICE140,0,Gazipur,1,568,885,1,-22.44,0,0,0,0
TXN100210,USER044,USER597,1615.58,2026-10-03T05:37:17.128862,15,DEVICE034,1,Dhaka,0,1097,721,2,34.23,0,0,0,0
TXN200807,USER136,USER506,38660.96,2026-10-03T10:12:40.128862,20,DEVICE165,1,Chattogram,0,26,19,6,36548.79,1,1,0,1
TXN200196,USER246,USER300,14404.64,2026-09-11T06:57:26.128862,17,DEVICE145,1,Sylhet,0,759,82,10,11670.92,1,1,2,1
TXN103106,USER124,USER177,1793.06,2026-09-06T07:35:23.128862,17,DEVICE108,0,Chattogram,0,796,352,1,-438.89,1,0,0,0
TXN100073,USER153,USER465,2336.81,2026-09-04T19:55:41.128862,6,DEVICE169,0,Chattogram,0,406,408,5,353.94,0,1,0,0
TXN200965,USER020,USER430,16030.54,2026-10-03T03:48:02.128862,14,DEVICE091,0,Chattogram,0,22,18,9,15212.99,1,1,0,1
TXN102828,USER025,USER034,1649.25,2026-10-01T08:01:29.128862,18,DEVICE192,0,Chattogram,0,986,404,1,-1735.23,0,0,0,0
TXN104782,USER226,USER421,1843.61,2026-09-23T21:04:32.128862,7,DEVICE193,0,Chattogram,0,652,927,1,-533.67,0,0,0,0
TXN201144,USER297,USER189,45714.76,2026-09-21T23:31:11.128862,9,DEVICE186,0,Sylhet,0,20,28,14,43760.01,1,1,0,1
TXN104246,USER091,USER567,934.33,2026-09-13T08:23:08.128862,18,DEVICE182,0,Chattogram,0,550,710,1,-161.72,0,0,0,0
TXN102821,USER244,USER035,3330.13,2026-10-01T06:14:09.128862,16,DEVICE082,0,Sylhet,0,274,670,1,6.42,0,0,0,0
TXN103305,USER144,USER568,2095.91,2026-09-05T09:34:43.128862,19,DEVICE120,0,Chattogram,0,769,604,1,-1059.66,0,0,0,0
TXN200794,USER187,USER119,42408.07,2026-09-06T16:28:58.128862,2,DEVICE038,0,Dhaka,0,590,282,5,39281.55,1,0,1,1
TXN102145,USER133,USER556,1843.35,2026-09-05T05:22:27.128862,15,DEVICE104,0,Chattogram,0,931,257,2,-1327.28,0,0,0,0
TXN101231,USER051,USER590,1358.74,2026-09-27T21:00:36.128862,7,DEVICE059,0,Dhaka,0,304,678,1,-440.75,0,0,0,0
TXN200552,USER247,USER575,42431.65,2026-09-21T18:26:20.128862,4,DEVICE036,0,Dhaka,0,940,230,3,40987.2,1,0,0,1
TXN103340,USER131,USER296,1158.91,2026-09-13T01:47:28.128862,12,DEVICE146,0,Rangpur,1,874,669,3,-471.38,0,0,0,0
TXN201066,USER181,USER373,26084.21,2026-09-30T17:10:09.128862,3,DEVICE_ROGUE_976,1,Chattogram,1,204,9,11,23315.71,1,1,4,1
TXN104391,USER190,USER271,2039.76,2026-09-11T23:01:47.128862,9,DEVICE002,0,Dhaka,0,458,595,1,28.5,0,0,0,0
TXN100113,USER058,USER033,3375.5,2026-09-17T08:25:02.128862,18,DEVICE072,0,Sylhet,0,165,306,3,606.86,0,0,0,0
TXN200286,USER294,USER030,36782.47,2026-09-18T16:25:04.128862,2,DEVICE172,0,Dhaka,0,1098,72,3,35275.19,1,0,1,1
TXN104259,USER289,USER237,1257.75,2026-09-28T10:45:30.128862,21,DEVICE112,0,Chattogram,0,328,891,2,-685.9,0,0,0,0
TXN200641,USER083,USER508,11687.22,2026-09-25T17:00:27.128862,3,DEVICE354,1,Sylhet,0,338,186,8,9308.84,1,1,1,1
TXN103195,USER001,USER237,2619.35,2026-09-09T04:04:22.128862,14,DEVICE039,0,Sylhet,0,235,216,4,92.9,1,1,0,0
TXN102456,USER191,USER455,1746.57,2026-09-06T10:10:33.128862,20,DEVICE193,0,Chattogram,0,438,288,1,-192.51,0,0,0,0
TXN102948,USER239,USER251,2336.92,2026-09-17T06:40:10.128862,16,DEVICE183,0,Dhaka,0,722,802,2,-68.28,0,0,0,0
TXN101839,USER205,USER147,3052.02,2026-09-15T00:21:37.128862,10,DEVICE117,0,Sylhet,0,679,246,1,940.79,1,0,0,0
TXN101962,USER125,USER296,731.97,2026-09-20T09:25:34.128862,19,DEVICE171,0,Dhaka,0,770,609,1,-69.57,0,0,0,0
TXN101892,USER293,USER457,2083.99,2026-09-25T21:56:20.128862,8,DEVICE087,0,Chattogram,0,713,550,1,-436.22,0,0,0,0
TXN101825,USER021,USER393,1942.17,2026-09-15T23:44:22.128862,9,DEVICE200,0,Chattogram,0,647,463,1,-1033.54,0,0,0,0
TXN104339,USER021,USER493,3125.01,2026-09-29T04:33:07.128862,14,DEVICE200,0,Chattogram,0,647,589,2,149.3,0,0,0,0
TXN104446,USER146,USER500,1696.13,2026-09-13T00:50:29.128862,11,DEVICE114,0,Dhaka,0,991,787,1,324.27,0,0,0,0
TXN103458,USER243,USER395,2195.71,2026-09-27T17:53:52.128862,4,DEVICE086,0,Dhaka,0,359,709,1,-15.8,0,0,0,0
TXN103535,USER260,USER119,2347.24,2026-09-26T21:57:59.128862,8,DEVICE120,0,Dhaka,0,783,354,1,-972.56,0,0,0,0
TXN100252,USER179,USER471,2179.48,2026-09-17T23:04:56.128862,9,DEVICE148,0,Sylhet,0,184,658,1,235.82,1,0,0,0
TXN100350,USER036,USER093,2932.91,2026-09-27T04:38:48.128862,14,DEVICE172,0,Dhaka,0,172,895,1,642.4,0,0,0,0
TXN102758,USER126,USER530,1498.75,2026-09-14T08:27:49.128862,18,DEVICE098,0,Chattogram,0,862,504,2,-176.47,0,0,0,0
TXN104552,USER090,USER590,852.89,2026-10-03T09:31:02.128862,19,DEVICE012,0,Sylhet,0,280,348,1,-74.32,1,0,0,0
TXN100457,USER200,USER192,4301.89,2026-10-01T05:36:01.128862,15,DEVICE119,0,Chattogram,0,610,786,1,1244.62,1,0,0,0
TXN201044,USER239,USER010,38767.78,2026-09-25T18:00:34.128862,4,DEVICE183,0,Dhaka,0,722,360,5,36362.58,1,0,0,1
TXN100479,USER196,USER446,2849.79,2026-09-25T03:56:43.128862,14,DEVICE057,0,Dhaka,0,1109,923,3,-275.85,0,0,0,0
TXN101114,USER056,USER432,2160.33,2026-09-12T02:21:38.128862,12,DEVICE103,0,Dhaka,0,680,230,1,-284.32,0,0,0,0
TXN100798,USER196,USER576,1876.85,2026-09-17T12:36:27.128862,22,DEVICE057,0,Dhaka,0,1109,149,1,-1248.79,1,0,0,0
TXN104221,USER262,USER310,3333.09,2026-09-18T01:38:27.128862,11,DEVICE016,0,Chattogram,0,1049,284,1,159.06,0,0,0,0
TXN102673,USER252,USER439,2516.18,2026-09-28T08:10:08.128862,18,DEVICE040,0,Dhaka,0,839,868,1,-313.85,1,0,0,0
TXN103095,USER259,USER511,1130.51,2026-09-27T21:09:22.128862,7,DEVICE139,0,Sylhet,0,694,494,1,-385.53,0,0,0,0
TXN100026,USER087,USER079,6438.51,2026-09-07T04:18:45.128862,14,DEVICE148,0,Chattogram,0,726,419,1,2945.16,0,0,0,0
TXN103075,USER206,USER386,1301.07,2026-09-16T23:05:58.128862,9,DEVICE035,0,Chattogram,0,413,89,2,-76.05,1,0,0,0
TXN102750,USER070,USER050,1120.86,2026-09-27T05:58:38.128862,16,DEVICE030,0,Chattogram,0,201,366,1,-402.04,0,0,0,0
TXN103270,USER294,USER158,1139.27,2026-09-12T02:58:42.128862,13,DEVICE172,0,Dhaka,0,1098,587,1,-368.01,1,0,0,0
TXN101747,USER032,USER241,2488.48,2026-09-13T10:44:33.128862,20,DEVICE046,0,Dhaka,0,277,147,1,-281.8,0,0,0,0
TXN101287,USER278,USER233,1541.26,2026-09-08T12:38:53.128862,22,DEVICE100,0,Chattogram,0,850,491,2,-752.44,0,0,0,0
TXN101281,USER074,USER561,1437.15,2026-09-05T10:52:56.128862,21,DEVICE068,0,Dhaka,0,1110,77,3,-212.48,0,0,0,0
TXN200134,USER227,USER339,49499.7,2026-09-14T17:28:44.128862,3,DEVICE064,0,Dhaka,0,106,74,5,47342.0,1,0,1,1
TXN102619,USER129,USER398,2429.54,2026-09-21T00:21:37.128862,10,DEVICE045,0,Sylhet,0,476,82,3,-743.01,0,0,0,0
TXN102063,USER050,USER251,2218.06,2026-09-06T11:44:19.128862,21,DEVICE079,0,Sylhet,0,747,154,1,433.01,0,0,0,0
TXN102191,USER035,USER377,1118.54,2026-10-02T06:29:18.128862,16,DEVICE106,0,Sylhet,0,641,824,1,-703.5,0,0,1,0
TXN104649,USER265,USER309,3961.52,2026-09-19T04:02:50.128862,14,DEVICE100,0,Chattogram,0,552,650,2,910.41,0,0,0,0
TXN200354,USER136,USER302,15499.31,2026-09-04T00:28:37.128862,10,DEVICE078,0,Chattogram,0,12,9,18,13387.14,1,1,0,1
TXN104717,USER101,USER351,1004.33,2026-09-29T05:32:09.128862,15,DEVICE051,0,Chattogram,0,1078,792,1,173.33,0,0,0,0
TXN101951,USER115,USER358,4270.84,2026-09-18T10:32:51.128862,20,DEVICE171,0,Mymensingh,1,637,393,1,1006.74,0,0,0,0
TXN104578,USER245,USER242,1889.91,2026-09-22T06:15:18.128862,16,DEVICE139,0,Sylhet,0,694,826,1,538.41,0,0,0,0
TXN102917,USER159,USER320,893.79,2026-09-20T03:08:39.128862,13,DEVICE382,1,Sylhet,0,254,108,1,-527.52,0,0,0,0
TXN200135,USER083,USER164,22668.11,2026-09-17T00:45:44.128862,11,DEVICE267,1,Sylhet,0,338,143,11,20289.73,1,1,2,1
TXN100607,USER130,USER566,5017.12,2026-09-24T01:29:36.128862,11,DEVICE158,0,Chattogram,0,579,607,1,1971.62,0,0,0,0
TXN104093,USER223,USER171,2370.59,2026-09-29T12:09:16.128862,22,DEVICE122,0,Sylhet,0,694,457,1,106.66,0,0,0,0
TXN200003,USER045,USER387,8436.07,2026-09-14T13:11:56.128862,23,DEVICE031,1,Dhaka,0,276,25,19,7420.63,1,1,1,1
TXN103404,USER250,USER217,1315.82,2026-09-16T13:03:54.128862,23,DEVICE099,0,Sylhet,0,360,790,2,-294.17,0,0,0,0
TXN201056,USER185,USER134,47370.89,2026-09-30T16:57:01.128862,3,DEVICE103,0,Chattogram,0,972,342,4,45483.81,1,0,0,1
TXN103941,USER177,USER348,918.85,2026-09-19T06:38:48.128862,16,DEVICE107,0,Chattogram,0,703,93,1,-142.86,1,0,0,0
TXN200052,USER288,USER553,46603.83,2026-09-11T17:21:09.128862,3,DEVICE_ROGUE_976,1,Unknown,1,926,1,9,45554.62,1,1,3,1
TXN201093,USER097,USER417,16631.8,2026-09-23T13:21:43.128862,23,DEVICE319,1,Chattogram,0,687,87,17,13142.27,1,1,1,1
TXN104506,USER020,USER289,915.49,2026-09-11T22:05:13.128862,8,DEVICE091,0,Chattogram,0,914,459,1,97.94,0,0,0,0
TXN100203,USER191,USER470,1500.69,2026-09-06T12:22:19.128862,22,DEVICE193,0,Chattogram,0,438,463,1,-438.39,1,0,0,0
TXN100339,USER221,USER535,3072.79,2026-10-01T01:47:57.128862,12,DEVICE041,0,Sylhet,0,825,881,2,-342.73,0,0,0,0
TXN100837,USER277,USER121,793.38,2026-09-19T00:03:29.128862,10,DEVICE193,0,Dhaka,0,870,642,1,-295.62,0,0,0,0
TXN104359,USER028,USER277,995.56,2026-09-03T23:34:18.128862,9,DEVICE095,1,Chattogram,0,974,440,1,-65.57,0,0,0,0
TXN100387,USER082,USER044,879.76,2026-09-21T08:18:20.128862,18,DEVICE112,0,Sylhet,0,1082,263,1,-629.64,0,0,0,0
TXN104152,USER247,USER567,1492.68,2026-09-14T08:17:44.128862,18,DEVICE036,0,Dhaka,0,940,131,1,48.23,0,0,0,0
TXN200022,USER093,USER129,16398.6,2026-09-25T10:14:19.128862,20,DEVICE283,1,Sylhet,0,1035,118,15,13459.99,1,1,1,1
TXN102576,USER068,USER005,1110.55,2026-09-13T23:46:55.128862,10,DEVICE085,0,Sylhet,0,1036,379,1,223.88,0,0,0,0
TXN103783,USER210,USER361,3497.85,2026-09-30T02:07:21.128862,12,DEVICE144,0,Dhaka,0,702,197,2,37.52,0,0,0,0
TXN103023,USER107,USER599,1441.69,2026-09-12T09:04:52.128862,19,DEVICE224,1,Dhaka,0,480,975,1,340.5,1,0,0,0
TXN103426,USER262,USER442,2234.88,2026-10-03T00:46:03.128862,11,DEVICE016,0,Chattogram,0,1049,762,1,-939.15,0,0,0,0
TXN103383,USER180,USER440,1111.41,2026-09-06T21:36:31.128862,7,DEVICE050,0,Chattogram,0,754,575,1,-949.56,0,0,0,0
TXN104665,USER228,USER522,1803.17,2026-09-22T01:01:53.128862,11,DEVICE164,0,Dhaka,0,190,354,1,-1299.17,0,0,0,0
TXN102233,USER268,USER258,4091.44,2026-09-30T10:00:19.128862,20,DEVICE179,0,Chattogram,0,274,823,1,625.91,1,0,0,0
TXN101650,USER025,USER155,4115.48,2026-09-07T06:58:23.128862,17,DEVICE192,0,Chattogram,0,986,777,1,731.0,0,0,0,0
TXN103247,USER165,USER536,3106.1,2026-09-13T09:23:37.128862,19,DEVICE080,0,Dhaka,0,1198,170,1,-14.92,0,0,0,0
TXN200106,USER176,USER167,22471.57,2026-09-16T17:05:22.128862,3,DEVICE256,1,Chattogram,0,430,130,12,21157.46,1,1,2,1
TXN100677,USER149,USER042,975.57,2026-09-07T04:08:32.128862,14,DEVICE131,0,Dhaka,0,1025,557,3,-367.54,1,0,0,0
TXN103861,USER183,USER538,3566.99,2026-09-10T16:46:46.128862,3,DEVICE099,0,Chattogram,0,824,158,2,109.74,0,0,0,0
TXN101539,USER239,USER064,1739.0,2026-09-14T05:47:31.128862,16,DEVICE183,0,Khulna,1,722,304,1,-666.2,0,0,0,0
TXN101916,USER128,USER193,1894.85,2026-09-28T02:50:03.128862,13,DEVICE192,0,Sylhet,0,749,148,2,-1413.72,0,0,0,0
TXN100061,USER231,USER380,1231.6,2026-09-28T00:49:49.128862,11,DEVICE200,0,Chattogram,0,561,381,1,215.3,0,0,0,0
TXN103659,USER156,USER446,1324.21,2026-09-07T06:14:53.128862,16,DEVICE132,0,Sylhet,0,632,625,1,-82.47,0,0,0,0
TXN104137,USER169,USER232,1186.0,2026-10-02T11:27:04.128862,21,DEVICE007,0,Chattogram,0,678,648,1,-192.44,0,0,0,0
TXN104357,USER046,USER545,1064.91,2026-09-08T01:46:43.128862,12,DEVICE057,0,Dhaka,0,1052,344,1,-363.63,0,0,0,0
TXN101480,USER041,USER563,4168.32,2026-10-01T11:29:47.128862,21,DEVICE180,0,Dhaka,0,659,364,1,1465.98,1,0,0,0
TXN100790,USER128,USER378,2407.74,2026-09-25T03:28:08.128862,13,DEVICE192,0,Sylhet,0,749,252,2,-900.83,1,0,0,0
TXN101670,USER041,USER049,2579.46,2026-09-13T08:08:46.128862,18,DEVICE180,0,Dhaka,0,659,264,2,-122.88,0,0,0,0
TXN103208,USER227,USER556,2676.52,2026-09-13T08:32:41.128862,18,DEVICE064,0,Dhaka,0,106,831,1,518.82,0,0,0,0
TXN200634,USER027,USER313,35590.92,2026-09-29T17:43:04.128862,3,DEVICE061,0,Dhaka,0,171,385,5,34540.51,1,0,0,1
TXN103116,USER079,USER072,1696.29,2026-09-10T06:05:38.128862,16,DEVICE089,0,Dhaka,0,358,772,1,181.11,0,0,0,0
TXN200147,USER248,USER184,44556.48,2026-09-13T22:49:02.128862,9,DEVICE039,0,Dhaka,0,16,12,8,42687.86,1,1,0,1
TXN104235,USER011,USER078,1555.3,2026-09-25T05:36:08.128862,15,DEVICE079,0,Chattogram,0,236,103,1,164.98,0,0,0,0
TXN200541,USER294,USER579,47080.08,2026-09-14T02:12:10.128862,12,DEVICE172,0,Dhaka,0,16,20,18,45572.8,1,1,0,1
TXN103749,USER122,USER599,1126.28,2026-09-11T14:49:36.128862,1,DEVICE033,0,Dhaka,0,1193,957,2,-1130.04,0,0,0,0
TXN104399,USER232,USER024,1591.12,2026-10-02T08:33:23.128862,18,DEVICE134,0,Chattogram,0,811,578,1,289.39,0,0,0,0
TXN102596,USER110,USER166,4037.86,2026-09-30T04:12:22.128862,14,DEVICE032,0,Sylhet,0,232,114,1,662.56,0,0,0,0
TXN104004,USER105,USER452,1677.09,2026-09-20T06:07:46.128862,16,DEVICE171,0,Dhaka,0,386,825,2,156.66,0,0,0,0
TXN102093,USER026,USER083,1070.55,2026-09-11T20:47:13.128862,7,DEVICE040,0,Chattogram,0,254,546,1,-638.26,0,0,0,0
TXN100733,USER051,USER122,1712.29,2026-09-04T20:19:25.128862,6,DEVICE059,0,Dhaka,0,304,316,1,-87.2,0,0,0,0
TXN103690,USER029,USER107,3933.91,2026-09-10T02:00:30.128862,12,DEVICE046,0,Dhaka,0,750,767,1,845.68,0,0,0,0
TXN104549,USER137,USER149,634.61,2026-09-20T03:12:07.128862,13,DEVICE074,0,Dhaka,0,870,551,2,-352.26,0,0,0,0
TXN103956,USER215,USER486,3714.73,2026-09-13T05:12:00.128862,15,DEVICE157,0,Sylhet,0,497,597,1,329.97,0,0,0,0
TXN200289,USER290,USER475,42600.98,2026-09-14T17:40:11.128862,3,DEVICE125,0,Sylhet,0,376,84,5,41053.94,1,0,1,1
TXN101840,USER007,USER465,3070.64,2026-09-12T08:53:28.128862,19,DEVICE038,0,Sylhet,0,550,181,1,-138.24,0,0,0,0
TXN102851,USER154,USER589,1309.77,2026-09-29T11:43:43.128862,21,DEVICE022,0,Sylhet,0,243,721,1,-887.68,0,0,0,0
TXN100527,USER292,USER062,2682.58,2026-09-07T00:39:42.128862,10,DEVICE100,0,Chattogram,0,166,411,4,-199.44,0,1,0,0
TXN103303,USER019,USER133,4007.31,2026-09-27T23:08:28.128862,9,DEVICE027,0,Dhaka,0,712,722,1,1021.85,1,0,0,0
TXN200859,USER003,USER085,22056.47,2026-10-03T07:48:16.128862,18,DEVICE010,0,Dhaka,0,9,25,16,20513.89,1,1,0,1
TXN102509,USER208,USER540,960.42,2026-09-24T07:30:26.128862,17,DEVICE171,0,Dhaka,0,994,155,1,2.1,1,0,0,0
TXN102228,USER298,USER318,1110.53,2026-09-19T05:44:07.128862,15,DEVICE043,0,Chattogram,0,1190,198,1,284.42,0,0,0,0
TXN102094,USER255,USER102,3555.58,2026-09-18T05:33:54.128862,15,DEVICE017,0,Chattogram,1,648,965,1,59.75,0,0,0,0
TXN104335,USER202,USER316,2792.2,2026-09-07T06:27:45.128862,16,DEVICE143,0,Sylhet,0,612,846,1,-508.99,0,0,0,0
TXN100803,USER064,USER281,1825.24,2026-09-26T13:21:43.128862,23,DEVICE131,0,Dhaka,0,327,358,2,-823.22,0,0,0,0
TXN100857,USER258,USER023,1389.25,2026-09-11T22:29:21.128862,8,DEVICE085,0,Sylhet,0,1076,122,2,13.73,0,0,0,0
TXN103470,USER213,USER129,1841.21,2026-09-11T08:20:12.128862,18,DEVICE167,1,Chattogram,0,1025,427,1,-187.31,1,0,0,0
TXN102418,USER119,USER279,1863.13,2026-09-10T12:16:11.128862,22,DEVICE179,0,Chattogram,0,1092,732,1,-581.09,0,0,0,0
TXN102754,USER198,USER187,827.35,2026-09-10T02:23:36.128862,12,DEVICE179,0,Dhaka,0,565,333,1,-109.24,0,0,0,0
TXN104679,USER179,USER596,2098.59,2026-09-07T09:56:00.128862,20,DEVICE148,0,Sylhet,0,184,327,1,154.93,0,0,0,0
TXN101643,USER069,USER374,1319.41,2026-09-29T02:32:08.128862,12,DEVICE008,0,Sylhet,0,936,98,1,-332.31,0,0,0,0
TXN100219,USER253,USER556,1137.51,2026-09-18T23:47:18.128862,10,DEVICE181,0,Dhaka,0,1177,80,2,141.64,0,0,1,0
TXN200374,USER073,USER563,44914.06,2026-09-07T18:27:57.128862,4,DEVICE149,0,Dhaka,0,830,399,5,41747.87,1,0,1,1
TXN101288,USER232,USER455,804.7,2026-09-18T11:08:34.128862,21,DEVICE134,0,Chattogram,0,811,800,1,-497.03,0,0,0,0
TXN101115,USER269,USER204,2380.49,2026-09-22T11:33:21.128862,21,DEVICE006,0,Sylhet,0,898,115,2,-185.25,0,0,0,0
TXN100582,USER196,USER335,3460.72,2026-09-22T22:24:19.128862,8,DEVICE057,0,Dhaka,0,1109,592,1,335.08,0,0,0,0
TXN103161,USER154,USER411,2773.25,2026-09-16T00:30:54.128862,10,DEVICE022,0,Sylhet,0,243,656,1,575.8,0,0,0,0
TXN100043,USER027,USER493,936.81,2026-09-21T09:44:19.128862,19,DEVICE061,0,Dhaka,0,171,187,1,-113.6,0,0,0,0
TXN200971,USER076,USER248,46632.03,2026-09-30T16:59:47.128862,3,DEVICE_ROGUE_928,1,Coxs Bazar,1,195,2,11,44763.82,1,1,3,1
TXN102451,USER013,USER233,1188.8,2026-09-22T03:34:20.128862,13,DEVICE011,0,Chattogram,0,429,903,1,317.15,0,0,0,0
TXN201149,USER282,USER270,46231.22,2026-09-19T16:27:53.128862,2,DEVICE189,0,Dhaka,0,141,109,3,44881.51,1,0,0,1
TXN101520,USER165,USER472,3241.21,2026-09-11T22:39:34.128862,8,DEVICE392,1,Dhaka,0,1198,853,1,120.19,0,0,1,0
TXN103128,USER274,USER503,3984.78,2026-10-02T00:29:47.128862,10,DEVICE002,0,Dhaka,0,1021,698,1,649.67,0,0,0,0
TXN102131,USER081,USER557,1577.84,2026-09-13T01:03:06.128862,11,DEVICE081,0,Chattogram,0,987,298,2,-737.85,1,0,0,0
TXN101744,USER026,USER592,2562.73,2026-09-10T04:55:22.128862,15,DEVICE040,0,Chattogram,0,254,75,1,853.92,1,0,0,0
TXN200989,USER289,USER072,31510.94,2026-09-25T08:11:40.128862,18,DEVICE150,1,Chattogram,0,20,24,12,29567.29,1,1,0,1
TXN101224,USER061,USER534,4136.72,2026-09-07T00:34:53.128862,10,DEVICE072,0,Dhaka,0,734,508,1,665.01,0,0,0,0
TXN102799,USER283,USER071,2280.0,2026-09-15T07:20:49.128862,17,DEVICE140,0,Dhaka,0,761,617,2,-232.44,1,0,0,0
TXN101071,USER213,USER021,1829.49,2026-09-29T16:19:51.128862,2,DEVICE194,0,Chattogram,0,1025,662,1,-199.03,0,0,0,0
TXN100718,USER240,USER340,1994.63,2026-09-22T09:06:52.128862,19,DEVICE074,0,Dhaka,0,992,167,1,-477.7,0,0,0,0
TXN104356,USER031,USER329,4182.94,2026-10-02T06:19:22.128862,16,DEVICE007,0,Sylhet,0,142,181,1,1203.69,0,0,0,0
TXN101961,USER293,USER292,2330.64,2026-09-06T02:17:25.128862,12,DEVICE087,0,Chattogram,0,713,927,3,-189.57,0,0,0,0
TXN100670,USER233,USER348,1718.47,2026-09-29T12:32:50.128862,22,DEVICE125,0,Chattogram,0,538,702,1,-688.12,0,0,0,0
TXN103893,USER246,USER200,3304.61,2026-09-17T08:26:05.128862,18,DEVICE021,0,Sylhet,0,759,516,4,570.89,0,1,0,0
TXN103102,USER032,USER465,2879.45,2026-09-28T10:18:54.128862,20,DEVICE046,0,Dhaka,0,277,837,3,109.17,1,0,0,0
TXN102045,USER009,USER598,1921.73,2026-09-27T00:37:41.128862,10,DEVICE033,0,Dhaka,0,634,244,1,-17.46,0,0,1,0
TXN104797,USER031,USER057,3799.03,2026-09-17T02:13:41.128862,12,DEVICE007,0,Sylhet,0,142,95,1,819.78,0,0,0,0
TXN201153,USER081,USER434,12787.43,2026-09-28T16:13:06.128862,2,DEVICE281,1,Chattogram,0,987,129,20,10471.74,1,1,2,1
TXN100897,USER268,USER350,2711.33,2026-09-08T02:06:31.128862,12,DEVICE179,0,Chattogram,0,274,501,1,-754.2,1,0,0,0
TXN101258,USER097,USER511,3896.53,2026-09-09T22:07:19.128862,8,DEVICE185,0,Chattogram,0,687,674,2,407.0,0,0,0,0
TXN102855,USER139,USER547,2876.62,2026-09-24T06:03:21.128862,16,DEVICE111,0,Chattogram,0,401,488,1,8.87,0,0,0,0
TXN100095,USER031,USER092,1778.44,2026-09-11T06:20:00.128862,16,DEVICE007,0,Sylhet,0,142,995,3,-1200.81,0,0,0,0
TXN103021,USER095,USER189,1213.97,2026-09-21T22:13:36.128862,8,DEVICE138,0,Chattogram,0,405,470,2,242.45,1,0,0,0
TXN103276,USER258,USER426,1954.37,2026-09-21T08:55:43.128862,19,DEVICE085,0,Sylhet,0,1076,510,1,578.85,1,0,0,0
TXN100842,USER184,USER204,1454.65,2026-09-12T20:47:21.128862,7,DEVICE127,0,Chattogram,0,857,982,1,388.92,1,0,0,0
TXN104034,USER242,USER153,3035.68,2026-09-03T18:54:31.128862,5,DEVICE070,0,Khulna,1,837,147,2,659.76,0,0,0,0
TXN102705,USER193,USER339,1487.93,2026-09-20T01:39:09.128862,11,DEVICE028,0,Sylhet,0,251,531,2,13.45,0,0,0,0
TXN200175,USER201,USER106,36682.92,2026-09-10T18:24:08.128862,4,DEVICE013,0,Chattogram,0,1031,149,4,33266.63,1,0,0,1
TXN102618,USER262,USER233,4130.86,2026-09-15T21:20:00.128862,7,DEVICE016,0,Chattogram,0,1049,485,1,956.83,0,0,1,0
TXN103418,USER261,USER461,4730.2,2026-09-13T11:16:41.128862,21,DEVICE107,0,Sylhet,0,325,688,1,1551.87,0,0,0,0
TXN104631,USER050,USER462,1671.38,2026-09-19T00:22:11.128862,10,DEVICE079,0,Cumilla,1,747,62,1,-113.67,0,0,1,0
TXN200351,USER079,USER217,33841.42,2026-09-15T13:19:42.128862,23,DEVICE_ROGUE_934,1,Sylhet,1,358,9,6,32326.24,1,1,2,1
TXN100322,USER283,USER112,2853.82,2026-09-22T21:51:06.128862,8,DEVICE140,0,Dhaka,0,761,972,1,341.38,0,0,0,0
TXN104355,USER229,USER077,1458.19,2026-09-18T09:40:12.128862,19,DEVICE071,0,Sylhet,0,1107,600,1,233.12,0,0,0,0
TXN102132,USER054,USER436,3054.74,2026-09-04T10:58:50.128862,21,DEVICE169,0,Chattogram,0,933,90,3,-274.23,0,0,0,0
TXN103727,USER287,USER269,2425.46,2026-09-14T08:21:58.128862,18,DEVICE057,0,Dhaka,0,708,206,2,-659.02,0,0,0,0
TXN100334,USER086,USER265,1537.74,2026-09-20T10:10:51.128862,20,DEVICE099,0,Dhaka,0,414,959,1,145.57,0,0,0,0
TXN102644,USER241,USER197,823.99,2026-09-18T10:46:43.128862,21,DEVICE061,0,Chattogram,0,158,732,4,-1107.92,0,1,0,0
TXN100332,USER061,USER236,3326.67,2026-09-14T02:31:20.128862,12,DEVICE072,0,Dhaka,0,734,275,1,-145.04,0,0,0,0
TXN100833,USER253,USER011,975.57,2026-09-17T11:28:45.128862,21,DEVICE181,0,Dhaka,0,1177,569,1,-20.3,0,0,0,0
TXN102534,USER209,USER434,1464.25,2026-09-28T01:18:22.128862,11,DEVICE136,0,Chattogram,0,797,330,2,-358.98,0,0,0,0
TXN102167,USER285,USER163,2856.7,2026-09-30T22:07:13.128862,8,DEVICE057,0,Dhaka,0,219,421,4,737.66,0,1,0,0
TXN102251,USER182,USER522,2847.12,2026-09-14T14:20:00.128862,0,DEVICE179,0,Sylhet,0,690,157,1,229.04,0,0,0,0
TXN101886,USER161,USER297,1162.54,2026-09-23T10:39:48.128862,20,DEVICE024,0,Chattogram,0,1182,686,1,170.86,0,0,0,0
TXN102166,USER186,USER313,684.87,2026-10-01T10:34:53.128862,20,DEVICE063,0,Chattogram,0,388,142,1,-1031.25,0,0,0,0
TXN100731,USER173,USER437,1680.32,2026-09-17T03:11:36.128862,13,DEVICE157,0,Chattogram,0,291,451,1,-395.89,1,0,0,0
TXN101695,USER204,USER187,1658.63,2026-09-05T00:41:51.128862,10,DEVICE032,0,Sylhet,0,1042,349,1,409.59,0,0,0,0
TXN100291,USER091,USER593,1034.06,2026-09-29T21:53:19.128862,8,DEVICE182,0,Chattogram,0,550,963,3,-61.99,0,0,0,0
TXN100184,USER162,USER144,3457.86,2026-09-23T22:50:28.128862,9,DEVICE193,0,Dhaka,0,868,682,1,953.88,0,0,0,0
TXN104726,USER136,USER051,2893.78,2026-09-22T07:10:32.128862,17,DEVICE078,0,Chattogram,0,1058,494,1,781.61,0,0,0,0
TXN104763,USER185,USER050,1032.09,2026-09-22T07:33:45.128862,17,DEVICE103,0,Chattogram,0,972,439,1,-854.99,0,0,0,0
TXN103211,USER085,USER272,892.43,2026-09-13T11:35:08.128862,21,DEVICE030,0,Sylhet,0,580,475,2,-985.95,0,0,0,0
TXN100533,USER013,USER466,1438.58,2026-09-08T03:40:58.128862,13,DEVICE011,0,Chattogram,0,429,439,3,566.93,0,0,0,0
TXN102835,USER291,USER371,702.7,2026-09-09T08:22:05.128862,18,DEVICE008,0,Sylhet,0,182,651,1,-106.87,0,0,0,0
TXN102715,USER054,USER392,1612.04,2026-09-16T12:29:52.128862,22,DEVICE169,0,Cumilla,1,933,711,1,-1716.93,1,0,0,0
TXN103898,USER051,USER419,1753.39,2026-10-01T07:16:42.128862,17,DEVICE059,0,Dhaka,0,304,60,2,-46.1,0,0,0,0
TXN103168,USER272,USER137,2598.87,2026-09-28T12:30:13.128862,22,DEVICE098,0,Sylhet,0,1188,822,1,990.55,0,0,0,0
TXN100657,USER026,USER449,785.1,2026-09-30T08:33:20.128862,18,DEVICE040,0,Chattogram,0,254,684,1,-923.71,0,0,0,0
TXN101255,USER130,USER512,2933.56,2026-09-11T21:10:25.128862,7,DEVICE158,0,Chattogram,0,579,708,1,-111.94,1,0,0,0
TXN102722,USER012,USER151,3236.69,2026-09-20T10:10:14.128862,20,DEVICE094,0,Cumilla,1,212,89,3,1072.23,1,0,0,0
TXN102732,USER210,USER486,4166.43,2026-09-04T23:37:49.128862,9,DEVICE144,0,Dhaka,0,702,733,2,706.1,0,0,0,0
TXN102481,USER126,USER465,1613.72,2026-09-28T09:43:28.128862,19,DEVICE098,0,Chattogram,0,862,989,1,-61.5,0,0,0,0
TXN200287,USER277,USER443,26246.25,2026-09-12T17:26:52.128862,3,DEVICE_ROGUE_914,1,Sylhet,1,870,8,7,25157.25,1,1,3,1
TXN100898,USER199,USER245,4989.12,2026-09-22T23:23:17.128862,9,DEVICE133,0,Sylhet,0,1034,569,2,1491.06,1,0,1,0
TXN100428,USER061,USER189,2467.74,2026-10-01T23:54:59.128862,10,DEVICE164,1,Dhaka,0,734,483,1,-1003.97,0,0,0,0
TXN200648,USER163,USER190,45737.84,2026-09-25T18:09:52.128862,4,DEVICE061,0,Dhaka,0,738,322,4,44319.7,1,0,0,1
TXN101992,USER255,USER090,3316.42,2026-09-18T07:32:37.128862,17,DEVICE017,0,Sylhet,0,648,467,1,-179.41,0,0,0,0
TXN102004,USER173,USER591,1714.11,2026-09-29T14:47:00.128862,1,DEVICE157,0,Chattogram,0,291,947,1,-362.1,0,0,0,0
TXN101436,USER267,USER286,2549.38,2026-09-28T08:42:28.128862,18,DEVICE150,0,Mymensingh,1,839,338,3,97.85,0,0,0,0
TXN200629,USER202,USER144,40764.46,2026-09-18T01:55:07.128862,12,DEVICE143,0,Sylhet,0,6,15,11,37463.27,1,1,0,1
TXN101222,USER201,USER164,3845.7,2026-09-16T06:22:25.128862,16,DEVICE013,0,Chattogram,0,1031,291,2,429.41,0,0,0,0
TXN102887,USER180,USER037,1921.71,2026-09-16T06:06:38.128862,16,DEVICE050,0,Chattogram,0,754,224,1,-139.26,0,0,0,0
TXN102337,USER079,USER242,1557.27,2026-09-26T21:54:27.128862,8,DEVICE089,0,Dhaka,0,358,699,1,42.09,0,0,0,0
TXN103515,USER071,USER029,1485.05,2026-09-19T00:51:28.128862,11,DEVICE067,0,Chattogram,0,474,268,1,115.4,1,0,1,0
TXN104519,USER093,USER428,2819.34,2026-09-09T17:01:08.128862,3,DEVICE001,0,Sylhet,0,1035,704,1,-119.27,0,0,0,0
TXN201110,USER043,USER517,45297.82,2026-09-26T18:21:48.128862,4,DEVICE098,0,Sylhet,0,982,88,4,43882.49,1,0,0,1
TXN104713,USER015,USER395,2653.46,2026-09-24T21:47:02.128862,8,DEVICE054,0,Dhaka,0,681,897,3,98.77,0,0,0,0
TXN102847,USER102,USER489,3204.21,2026-09-20T04:55:50.128862,15,DEVICE094,0,Sylhet,0,1057,706,1,458.26,0,0,0,0
TXN104336,USER299,USER223,1279.0,2026-09-24T08:14:16.128862,18,DEVICE120,0,Sylhet,0,367,88,3,275.84,0,0,0,0
TXN103386,USER229,USER245,1594.59,2026-09-08T11:47:31.128862,22,DEVICE071,0,Sylhet,0,1107,514,1,369.52,0,0,0,0
TXN101721,USER200,USER029,3616.45,2026-09-08T21:02:58.128862,7,DEVICE119,0,Chattogram,0,610,992,1,559.18,0,0,0,0
TXN102404,USER296,USER565,1563.36,2026-09-27T10:00:22.128862,20,DEVICE104,0,Chattogram,0,289,784,1,-726.18,0,0,0,0
TXN101818,USER225,USER510,910.48,2026-10-03T00:53:57.128862,11,DEVICE067,0,Sylhet,0,900,795,4,-43.87,1,1,0,0
TXN200618,USER125,USER345,38417.09,2026-09-15T15:48:22.128862,2,DEVICE171,0,Dhaka,0,770,234,5,37615.55,1,0,1,1
TXN102676,USER296,USER387,1192.08,2026-09-06T05:36:52.128862,15,DEVICE104,0,Khulna,1,289,718,1,-1097.46,0,0,0,0
TXN200155,USER032,USER189,21511.28,2026-09-29T02:36:35.128862,12,DEVICE046,0,Dhaka,0,23,27,15,18741.0,1,1,0,1
TXN103612,USER173,USER329,2157.0,2026-10-02T23:51:31.128862,10,DEVICE157,0,Chattogram,0,291,990,2,80.79,0,0,0,0
TXN103728,USER241,USER328,1402.01,2026-09-25T23:19:34.128862,9,DEVICE061,0,Chattogram,0,158,751,2,-529.9,0,0,0,0
TXN102905,USER240,USER463,2132.9,2026-09-07T08:56:36.128862,19,DEVICE074,0,Dhaka,0,992,637,3,-339.43,0,0,0,0
TXN101410,USER185,USER391,1225.7,2026-09-16T17:31:41.128862,3,DEVICE103,0,Chattogram,0,972,321,1,-661.38,0,0,0,0
TXN104342,USER292,USER158,3670.72,2026-09-16T04:36:22.128862,14,DEVICE100,0,Rangpur,1,166,882,1,788.7,0,0,0,0
TXN104002,USER039,USER277,2501.06,2026-09-22T01:16:41.128862,11,DEVICE069,0,Dhaka,0,1152,446,1,-625.55,1,0,0,0
TXN200913,USER151,USER005,43551.86,2026-09-26T16:20:45.128862,2,DEVICE189,0,Sylhet,0,385,338,5,40064.96,1,0,1,1
TXN102164,USER258,USER368,1543.36,2026-09-20T06:58:06.128862,17,DEVICE085,0,Sylhet,0,1076,853,1,167.84,0,0,0,0
TXN101831,USER160,USER087,1062.7,2026-09-22T06:28:37.128862,16,DEVICE086,0,Chattogram,0,762,406,1,-331.89,0,0,0,0
TXN101126,USER191,USER485,2265.3,2026-10-01T07:19:36.128862,17,DEVICE193,0,Chattogram,0,438,494,1,326.22,0,0,0,0
TXN104371,USER179,USER413,2090.04,2026-09-27T12:10:47.128862,22,DEVICE148,0,Sylhet,0,184,517,1,146.38,0,0,0,0
TXN200837,USER018,USER006,43798.36,2026-09-09T17:45:10.128862,3,DEVICE171,0,Chattogram,0,1049,343,2,41407.34,1,0,0,1
TXN201122,USER172,USER143,39055.44,2026-09-10T16:39:46.128862,2,DEVICE122,0,Chattogram,0,978,225,2,36713.62,1,0,0,1
TXN103780,USER035,USER129,2018.98,2026-09-28T07:10:34.128862,17,DEVICE106,0,Sylhet,0,641,697,2,196.94,0,0,0,0
TXN100304,USER035,USER518,1859.52,2026-09-20T22:19:38.128862,8,DEVICE106,0,Sylhet,0,641,278,3,37.48,0,0,0,0
TXN101897,USER242,USER003,1677.0,2026-09-17T05:36:18.128862,15,DEVICE070,0,Chattogram,0,837,130,1,-698.92,0,0,0,0
TXN101292,USER013,USER212,1150.47,2026-09-25T00:56:30.128862,11,DEVICE011,0,Chattogram,0,429,847,1,278.82,1,0,0,0
TXN100070,USER156,USER547,1068.02,2026-09-23T20:55:50.128862,7,DEVICE132,0,Sylhet,0,632,734,1,-338.66,0,0,0,0
TXN104144,USER054,USER255,3061.27,2026-09-20T03:07:48.128862,13,DEVICE169,0,Chattogram,0,933,270,2,-267.7,0,0,0,0
TXN101305,USER103,USER482,1667.39,2026-09-05T01:29:56.128862,11,DEVICE111,0,Chattogram,0,589,435,1,-973.23,0,0,0,0
TXN102780,USER033,USER275,1545.36,2026-09-04T03:57:58.128862,14,DEVICE189,0,Chattogram,0,558,743,1,-702.46,1,0,0,0
TXN200451,USER121,USER492,38492.66,2026-09-21T18:23:46.128862,4,DEVICE142,0,Dhaka,0,1004,214,3,35633.88,1,0,0,1
TXN104224,USER247,USER046,1216.87,2026-10-01T21:40:13.128862,7,DEVICE036,0,Dhaka,0,940,356,2,-227.58,0,0,0,0
TXN101665,USER146,USER436,1557.62,2026-09-11T09:01:43.128862,19,DEVICE114,0,Dhaka,0,991,889,1,185.76,0,0,0,0
TXN101340,USER107,USER460,1002.07,2026-09-27T22:44:08.128862,8,DEVICE160,0,Dhaka,0,480,720,2,-99.12,0,0,1,0
TXN100831,USER220,USER534,2078.45,2026-10-02T11:45:05.128862,21,DEVICE115,0,Dhaka,0,871,149,2,477.34,0,0,0,0
TXN102571,USER129,USER308,2807.82,2026-09-26T23:12:51.128862,9,DEVICE045,0,Sylhet,0,476,92,1,-364.73,0,0,0,0
TXN101456,USER248,USER514,1825.2,2026-09-07T23:06:56.128862,9,DEVICE039,0,Dhaka,0,449,577,3,-43.42,0,0,0,0
TXN103207,USER167,USER134,1124.96,2026-09-22T03:46:55.128862,14,DEVICE051,0,Sylhet,0,230,1000,2,-317.65,0,0,0,0
TXN103246,USER076,USER331,2198.18,2026-09-08T21:57:34.128862,8,DEVICE028,0,Sylhet,0,195,459,1,329.97,0,0,1,0
TXN100238,USER086,USER217,1000.47,2026-09-08T07:47:40.128862,18,DEVICE099,0,Dhaka,0,414,266,1,-391.7,0,0,0,0
TXN100092,USER276,USER278,897.16,2026-09-26T11:02:21.128862,21,DEVICE077,0,Sylhet,0,626,305,1,-214.5,0,0,0,0
TXN200909,USER273,USER573,48147.33,2026-09-03T18:10:53.128862,4,DEVICE123,0,Sylhet,0,343,326,2,45556.18,1,0,0,1
TXN102944,USER029,USER086,3340.69,2026-09-17T08:49:39.128862,19,DEVICE046,0,Dhaka,0,750,257,2,252.46,0,0,0,0
TXN102519,USER242,USER129,3081.35,2026-09-30T09:45:53.128862,20,DEVICE070,0,Chattogram,0,837,628,1,705.43,0,0,0,0
TXN102771,USER175,USER043,3071.02,2026-09-10T04:16:31.128862,14,DEVICE019,0,Sylhet,0,998,97,1,90.78,1,0,1,0
TXN102603,USER218,USER555,3013.31,2026-09-05T03:50:09.128862,14,DEVICE110,0,Chattogram,0,308,195,2,273.61,0,0,0,0
TXN200506,USER057,USER495,36142.15,2026-09-14T18:18:47.128862,4,DEVICE085,0,Sylhet,0,910,238,3,34880.08,1,0,0,1
TXN103439,USER064,USER237,3671.87,2026-09-12T01:35:37.128862,11,DEVICE131,0,Dhaka,0,327,207,1,1023.41,0,0,0,0
TXN101001,USER050,USER209,2378.96,2026-09-07T18:42:13.128862,4,DEVICE079,0,Sylhet,0,747,619,1,593.91,0,0,0,0
TXN102042,USER254,USER114,1949.44,2026-09-21T05:36:17.128862,15,DEVICE055,0,Khulna,1,1117,373,1,-87.93,0,0,0,0
TXN200378,USER106,USER102,27178.77,2026-09-15T18:33:06.128862,4,DEVICE_ROGUE_996,1,Coxs Bazar,1,875,5,5,24648.17,1,1,2,1
TXN103428,USER105,USER076,1349.79,2026-09-25T10:04:26.128862,20,DEVICE171,0,Dhaka,0,386,418,1,-170.64,0,0,0,0
TXN102615,USER245,USER294,1895.04,2026-09-05T08:55:59.128862,19,DEVICE139,0,Sylhet,0,694,794,1,543.54,0,0,0,0
TXN101504,USER210,USER124,3304.78,2026-09-24T13:23:09.128862,23,DEVICE144,0,Dhaka,0,702,408,4,-155.55,0,1,0,0
TXN100957,USER237,USER110,4893.88,2026-09-11T07:47:10.128862,18,DEVICE113,0,Chattogram,0,288,547,3,1690.1,0,0,0,0
TXN103801,USER018,USER462,2962.11,2026-09-19T23:05:29.128862,9,DEVICE171,0,Chattogram,0,1049,786,2,571.09,0,0,0,0
TXN200512,USER067,USER527,38553.41,2026-09-16T18:40:02.128862,4,DEVICE138,0,Chattogram,0,92,158,2,37134.98,1,0,0,1
TXN104761,USER178,USER046,1742.61,2026-09-26T02:10:54.128862,12,DEVICE162,0,Sylhet,0,149,871,1,-221.23,0,0,0,0
TXN101532,USER033,USER410,2506.19,2026-09-08T00:28:17.128862,10,DEVICE189,0,Chattogram,0,558,754,2,258.37,0,0,0,0
TXN102302,USER207,USER269,1526.98,2026-09-27T10:49:31.128862,21,DEVICE119,0,Dhaka,0,241,669,1,-355.83,0,0,0,0
TXN100411,USER202,USER457,3832.9,2026-09-22T08:17:18.128862,18,DEVICE143,0,Sylhet,0,612,463,1,531.71,1,0,0,0
TXN101405,USER158,USER446,2314.55,2026-09-23T05:39:37.128862,15,DEVICE163,0,Sylhet,0,904,927,2,-73.88,1,0,0,0
TXN103347,USER016,USER173,1857.37,2026-09-17T08:13:29.128862,18,DEVICE175,0,Chattogram,0,989,444,4,-413.97,0,1,0,0
TXN200958,USER064,USER409,44418.28,2026-09-03T18:36:23.128862,4,DEVICE131,0,Dhaka,0,327,394,2,41769.82,1,0,0,1
TXN101788,USER057,USER346,931.87,2026-09-26T23:44:24.128862,9,DEVICE085,0,Sylhet,0,910,877,1,-330.2,0,0,0,0
TXN102881,USER162,USER135,2704.02,2026-09-27T14:45:42.128862,1,DEVICE193,0,Dhaka,0,868,102,1,200.04,0,0,0,0
TXN103050,USER217,USER405,1994.52,2026-09-28T07:35:56.128862,17,DEVICE130,0,Dhaka,0,1079,177,1,-306.05,0,0,0,0
TXN102087,USER042,USER544,934.35,2026-09-10T21:46:07.128862,8,DEVICE028,0,Dhaka,0,461,290,1,10.62,0,0,0,0
TXN101034,USER262,USER521,4684.98,2026-09-26T08:07:26.128862,18,DEVICE016,0,Chattogram,0,1049,732,2,1510.95,0,0,0,0
TXN200463,USER161,USER017,9101.53,2026-09-26T21:59:35.128862,8,DEVICE316,1,Chattogram,0,1182,17,12,8109.85,1,1,2,1
TXN201085,USER178,USER277,41771.48,2026-09-12T05:22:07.128862,15,DEVICE162,0,Sylhet,0,15,11,17,39807.64,1,1,0,1
TXN200420,USER049,USER229,26131.2,2026-09-17T10:48:28.128862,21,DEVICE090,0,Dhaka,0,24,16,13,23614.85,1,1,0,1
TXN100931,USER038,USER499,2737.36,2026-09-06T10:58:56.128862,21,DEVICE064,0,Dhaka,0,1053,708,1,267.36,0,0,0,0
TXN200671,USER154,USER376,44393.22,2026-09-11T13:01:37.128862,23,DEVICE_ROGUE_922,1,Coxs Bazar,1,243,3,12,42195.77,1,1,4,1
TXN103328,USER206,USER391,866.82,2026-09-03T23:24:05.128862,9,DEVICE035,0,Chattogram,0,413,426,1,-510.3,0,0,0,0
TXN100633,USER029,USER073,2859.5,2026-09-23T04:09:18.128862,14,DEVICE046,0,Dhaka,0,750,849,1,-228.73,0,0,0,0
TXN101741,USER019,USER092,3338.8,2026-09-23T09:20:00.128862,19,DEVICE027,0,Dhaka,0,712,239,2,353.34,0,0,0,0
TXN100498,USER113,USER291,1857.76,2026-09-04T22:46:52.128862,9,DEVICE130,0,Sylhet,0,786,732,1,-293.82,0,0,0,0
TXN100937,USER160,USER170,1716.83,2026-09-27T08:16:40.128862,18,DEVICE086,0,Chattogram,0,762,825,1,322.24,0,0,0,0
TXN100415,USER013,USER313,969.54,2026-09-14T22:25:05.128862,8,DEVICE011,0,Chattogram,0,429,209,1,97.89,0,0,0,0
TXN102328,USER023,USER239,1772.84,2026-09-15T12:43:46.128862,22,DEVICE105,0,Chattogram,0,1195,400,1,54.16,0,0,0,0
TXN103279,USER136,USER211,2046.75,2026-09-20T13:36:59.128862,23,DEVICE078,0,Chattogram,0,1058,635,1,-65.42,1,0,0,0
TXN103586,USER005,USER513,3123.32,2026-10-03T06:07:07.128862,16,DEVICE150,0,Sylhet,0,960,378,1,334.85,0,0,0,0
TXN104367,USER031,USER276,2559.7,2026-09-17T21:28:06.128862,7,DEVICE007,0,Sylhet,0,142,540,1,-419.55,0,0,0,0
TXN200112,USER178,USER043,48403.79,2026-10-02T17:19:46.128862,3,DEVICE162,0,Sylhet,0,149,351,2,46439.95,1,0,1,1
TXN100757,USER123,USER205,1236.24,2026-09-16T20:46:13.128862,7,DEVICE050,0,Chattogram,0,1081,745,1,-1666.05,1,0,0,0
TXN101616,USER056,USER291,2640.76,2026-09-29T10:50:15.128862,21,DEVICE103,0,Dhaka,0,680,452,1,196.11,0,0,0,0
TXN101041,USER102,USER185,2393.65,2026-09-04T08:55:20.128862,19,DEVICE094,0,Sylhet,0,1057,788,3,-352.3,0,0,0,0
TXN103631,USER113,USER459,1872.97,2026-09-08T06:56:49.128862,17,DEVICE130,0,Sylhet,0,786,588,1,-278.61,0,0,0,0
TXN104653,USER216,USER513,3514.54,2026-09-25T18:20:30.128862,4,DEVICE185,0,Sylhet,0,877,73,2,26.9,1,0,0,0
TXN104464,USER008,USER555,1034.87,2026-09-04T22:59:48.128862,9,DEVICE111,0,Dhaka,0,395,167,1,0.14,0,0,0,0
TXN102462,USER008,USER167,1132.27,2026-09-15T00:13:16.128862,10,DEVICE111,0,Dhaka,0,395,286,2,97.54,0,0,0,0
TXN100596,USER240,USER275,1340.76,2026-09-21T11:36:52.128862,21,DEVICE074,0,Dhaka,0,992,639,2,-1131.57,0,0,0,0
TXN104043,USER019,USER042,1927.99,2026-09-12T07:07:26.128862,17,DEVICE027,0,Dhaka,0,712,621,1,-1057.47,1,0,0,0
TXN102763,USER130,USER474,3519.48,2026-09-11T03:34:31.128862,13,DEVICE158,0,Chattogram,0,579,739,1,473.98,1,0,0,0
TXN101068,USER212,USER221,3639.86,2026-09-11T04:45:15.128862,15,DEVICE082,0,Dhaka,0,602,599,2,722.87,1,0,0,0
TXN102195,USER208,USER483,1152.28,2026-10-02T07:42:20.128862,17,DEVICE171,0,Dhaka,0,994,812,2,193.96,1,0,0,0
TXN103039,USER205,USER019,3172.27,2026-09-22T20:50:52.128862,7,DEVICE117,0,Sylhet,0,679,80,1,1061.04,0,0,1,0
TXN200804,USER040,USER004,15790.12,2026-09-25T23:05:24.128862,9,DEVICE342,1,Dhaka,0,995,197,8,13431.27,1,1,2,1
TXN103227,USER230,USER262,3248.58,2026-09-16T04:10:19.128862,14,DEVICE197,0,Chattogram,0,676,245,1,-145.52,0,0,0,0
TXN100652,USER151,USER400,3217.36,2026-09-30T11:28:54.128862,21,DEVICE189,0,Sylhet,0,385,878,2,-269.54,0,0,0,0
TXN104624,USER116,USER559,2769.61,2026-09-07T05:56:42.128862,16,DEVICE105,0,Chattogram,0,95,851,1,-380.79,0,0,0,0
TXN200531,USER295,USER188,21248.2,2026-09-21T02:26:51.128862,12,DEVICE237,1,Dhaka,0,24,24,9,18446.88,1,1,0,1
TXN200367,USER094,USER379,45397.9,2026-09-08T17:37:35.128862,3,DEVICE134,0,Sylhet,0,330,279,3,43458.07,1,0,0,1
TXN102716,USER069,USER127,2193.14,2026-09-08T02:12:05.128862,12,DEVICE008,0,Sylhet,0,936,763,1,541.42,1,0,0,0
TXN200053,USER170,USER331,24686.85,2026-09-08T17:30:31.128862,3,DEVICE350,1,Sylhet,0,555,113,17,23529.61,1,1,1,1
TXN201101,USER263,USER255,23912.48,2026-09-13T03:27:51.128862,13,DEVICE085,1,Chattogram,0,244,154,11,22114.76,1,1,1,1
TXN102699,USER002,USER193,1179.05,2026-09-12T01:03:19.128862,11,DEVICE383,1,Sylhet,0,568,230,1,311.52,0,0,0,0
TXN104545,USER277,USER033,1043.96,2026-09-26T08:57:08.128862,19,DEVICE193,0,Dhaka,0,870,320,3,-45.04,0,0,0,0
TXN100075,USER127,USER145,779.66,2026-09-12T21:10:08.128862,7,DEVICE174,0,Sylhet,0,1022,946,3,-72.93,0,0,0,0
TXN103666,USER275,USER422,639.2,2026-09-23T06:45:24.128862,17,DEVICE091,0,Dhaka,0,844,579,1,-523.39,0,0,0,0
TXN201124,USER155,USER516,49458.49,2026-09-16T17:52:30.128862,4,DEVICE073,0,Dhaka,0,1051,56,5,48331.78,1,0,1,1
TXN102929,USER038,USER453,2467.98,2026-09-25T21:33:40.128862,7,DEVICE064,0,Dhaka,0,1053,344,1,-2.02,0,0,0,0
TXN200728,USER022,USER052,25474.95,2026-10-01T17:09:23.128862,3,DEVICE_ROGUE_976,1,Chattogram,1,1114,14,6,22789.97,1,1,4,1
TXN201155,USER011,USER309,40356.99,2026-09-05T04:50:57.128862,15,DEVICE364,1,Chattogram,0,22,25,7,38966.67,1,1,0,1
TXN103803,USER108,USER110,1221.34,2026-09-14T05:21:37.128862,15,DEVICE081,0,Sylhet,0,1130,206,1,-752.53,1,0,0,0
TXN200225,USER298,USER424,22693.2,2026-09-13T16:24:21.128862,2,DEVICE051,1,Chattogram,0,1190,105,17,21867.09,1,1,1,1
TXN200482,USER158,USER471,40555.14,2026-09-19T16:14:32.128862,2,DEVICE_ROGUE_963,1,Chattogram,1,904,11,10,38166.71,1,1,3,1
TXN102484,USER175,USER216,3524.35,2026-09-08T09:47:19.128862,20,DEVICE019,0,Sylhet,0,998,951,1,544.11,1,0,0,0
TXN104791,USER023,USER141,1739.29,2026-09-16T05:35:34.128862,15,DEVICE105,0,Chattogram,0,1195,629,2,20.61,0,0,0,0
TXN101010,USER221,USER490,2852.29,2026-10-01T00:41:27.128862,10,DEVICE029,1,Rajshahi,1,825,607,1,-563.23,0,0,0,0
TXN101029,USER090,USER151,958.93,2026-09-24T08:48:27.128862,19,DEVICE012,0,Cumilla,1,280,941,2,31.72,0,0,0,0
TXN102842,USER191,USER520,1569.8,2026-09-08T11:42:28.128862,21,DEVICE193,0,Chattogram,0,438,607,2,-369.28,0,0,1,0
TXN100828,USER200,USER186,3065.79,2026-09-27T01:29:03.128862,11,DEVICE119,0,Chattogram,0,610,930,2,8.52,0,0,0,0
TXN102706,USER111,USER551,3720.44,2026-09-30T22:51:50.128862,9,DEVICE185,0,Chattogram,0,655,645,2,555.64,1,0,0,0
TXN101876,USER015,USER472,2481.17,2026-09-26T11:21:46.128862,21,DEVICE054,0,Dhaka,0,681,617,1,-73.52,0,0,0,0
TXN100096,USER091,USER038,679.73,2026-09-16T13:35:44.128862,23,DEVICE182,0,Chattogram,0,550,953,1,-416.32,0,0,0,0
TXN103378,USER281,USER328,3735.04,2026-09-05T19:25:29.128862,5,DEVICE192,0,Dhaka,0,1055,912,1,997.49,1,0,0,0
TXN104597,USER128,USER030,3088.09,2026-10-03T03:49:03.128862,14,DEVICE192,0,Sylhet,0,749,626,1,-220.48,0,0,0,0
TXN104595,USER223,USER298,1848.84,2026-09-06T08:12:26.128862,18,DEVICE122,0,Sylhet,0,694,166,1,-415.09,0,0,0,0
TXN200041,USER041,USER446,43077.72,2026-09-26T18:39:14.128862,4,DEVICE_ROGUE_965,1,Chattogram,1,659,4,5,40375.38,1,1,3,1
TXN101200,USER154,USER235,1724.07,2026-09-06T13:26:54.128862,23,DEVICE022,0,Sylhet,0,243,76,1,-473.38,0,0,0,0
TXN100621,USER049,USER571,3005.48,2026-09-13T20:44:28.128862,6,DEVICE090,0,Dhaka,0,772,680,1,489.13,0,0,0,0
TXN200653,USER294,USER116,32343.42,2026-09-12T22:41:23.128862,8,DEVICE172,0,Dhaka,0,13,27,7,30836.14,1,1,0,1
TXN101412,USER196,USER374,2908.32,2026-09-10T18:50:58.128862,5,DEVICE057,0,Dhaka,0,1109,772,1,-217.32,0,0,0,0
TXN100566,USER068,USER018,665.36,2026-09-13T03:29:36.128862,13,DEVICE085,0,Sylhet,0,1036,671,3,-221.31,0,0,0,0
TXN100543,USER172,USER422,2123.54,2026-09-24T05:27:03.128862,15,DEVICE122,0,Chattogram,0,978,773,3,-218.28,0,0,0,0
TXN101334,USER076,USER458,1810.42,2026-09-21T05:55:51.128862,16,DEVICE028,0,Sylhet,0,195,340,1,-57.79,0,0,0,0
TXN104299,USER057,USER509,1430.68,2026-09-09T12:13:27.128862,22,DEVICE085,0,Gazipur,1,910,549,1,168.61,0,0,0,0
TXN100051,USER241,USER045,2353.83,2026-09-15T06:02:00.128862,16,DEVICE035,1,Chattogram,0,158,810,1,421.92,0,0,0,0
TXN200246,USER129,USER030,48296.27,2026-09-16T17:52:14.128862,4,DEVICE045,0,Sylhet,0,476,360,3,45123.72,1,0,1,1
TXN102067,USER071,USER274,1401.55,2026-09-27T09:47:04.128862,20,DEVICE067,0,Chattogram,0,474,992,1,31.9,1,0,0,0
TXN103872,USER036,USER471,2137.44,2026-09-12T00:38:54.128862,10,DEVICE172,0,Dhaka,0,172,309,2,-153.07,0,0,0,0
TXN101558,USER271,USER140,2708.33,2026-09-10T01:59:54.128862,12,DEVICE148,0,Dhaka,0,631,114,1,-297.85,1,0,0,0
TXN100745,USER067,USER211,1423.88,2026-09-30T00:30:55.128862,10,DEVICE138,0,Chattogram,0,92,377,1,5.45,0,0,0,0
TXN104525,USER021,USER487,2942.2,2026-09-15T22:10:03.128862,8,DEVICE200,0,Chattogram,0,647,556,1,-33.51,1,0,0,0
TXN104671,USER002,USER533,956.91,2026-09-08T01:13:19.128862,11,DEVICE140,0,Sylhet,0,568,485,1,89.38,0,0,0,0
TXN101467,USER063,USER513,1857.63,2026-09-28T08:19:42.128862,18,DEVICE165,0,Chattogram,0,752,689,1,-446.13,0,0,0,0
TXN104462,USER173,USER578,1765.12,2026-09-27T20:53:08.128862,7,DEVICE157,0,Chattogram,0,291,601,1,-311.09,1,0,0,0
TXN100195,USER291,USER171,710.98,2026-09-12T01:34:19.128862,11,DEVICE008,0,Sylhet,0,182,178,1,-98.59,0,0,0,0
TXN103400,USER087,USER566,4417.76,2026-09-30T10:36:27.128862,20,DEVICE148,0,Chattogram,0,726,702,1,924.41,0,0,0,0
TXN104267,USER081,USER259,2278.14,2026-09-06T03:36:41.128862,13,DEVICE081,0,Chattogram,0,987,839,3,-37.55,0,0,0,0
TXN103779,USER176,USER049,1224.98,2026-09-30T08:35:59.128862,18,DEVICE117,0,Chattogram,0,430,573,2,-89.13,0,0,0,0
TXN100802,USER234,USER151,2567.41,2026-09-08T05:32:55.128862,15,DEVICE161,0,Chattogram,0,479,95,1,-55.66,0,0,0,0
TXN101618,USER264,USER540,1375.27,2026-09-28T05:07:38.128862,15,DEVICE108,0,Chattogram,0,378,398,1,149.35,0,0,0,0
TXN200386,USER173,USER024,45786.03,2026-10-02T17:09:49.128862,3,DEVICE157,0,Chattogram,0,291,248,5,43709.82,1,0,0,1
TXN104437,USER201,USER146,3266.95,2026-09-19T07:08:15.128862,17,DEVICE013,0,Chattogram,0,1031,591,2,-149.34,0,0,0,0
TXN100620,USER241,USER137,1685.98,2026-09-26T09:10:56.128862,19,DEVICE061,0,Chattogram,0,158,493,2,-245.93,0,0,0,0
TXN200539,USER191,USER294,16185.29,2026-09-14T10:56:17.128862,21,DEVICE175,1,Chattogram,0,27,12,18,14246.21,1,1,0,1
TXN104148,USER119,USER557,2004.85,2026-09-10T21:35:26.128862,7,DEVICE179,0,Chattogram,0,1092,648,2,-439.37,0,0,0,0
TXN103626,USER159,USER474,1939.53,2026-09-11T06:03:30.128862,16,DEVICE159,0,Sylhet,0,254,285,1,518.22,1,0,0,0
TXN104112,USER077,USER298,2881.11,2026-09-16T20:40:30.128862,6,DEVICE153,0,Sylhet,0,506,236,3,-388.17,0,0,0,0
TXN103406,USER172,USER585,2699.57,2026-09-29T23:08:42.128862,9,DEVICE255,1,Chattogram,0,978,451,1,357.75,0,0,1,0
TXN103384,USER004,USER496,1489.38,2026-10-02T03:32:59.128862,13,DEVICE095,0,Chattogram,0,495,498,3,86.71,1,0,0,0
TXN100644,USER185,USER405,1766.03,2026-09-06T07:53:21.128862,18,DEVICE058,1,Chattogram,0,972,772,3,-121.05,0,0,0,0
TXN102789,USER277,USER103,781.74,2026-09-10T07:14:06.128862,17,DEVICE193,0,Dhaka,0,870,368,1,-307.26,0,0,0,0
TXN200636,USER203,USER400,41863.26,2026-09-29T16:52:21.128862,3,DEVICE064,0,Sylhet,0,109,264,2,38771.78,1,0,0,1
TXN101789,USER133,USER451,2513.58,2026-09-23T06:06:15.128862,16,DEVICE104,0,Mymensingh,1,931,162,1,-657.05,0,0,0,0
TXN101061,USER229,USER334,1334.85,2026-09-16T22:52:24.128862,9,DEVICE071,0,Sylhet,0,1107,176,3,109.78,0,0,0,0
TXN104157,USER249,USER586,4125.99,2026-09-10T05:46:39.128862,16,DEVICE060,0,Dhaka,0,501,200,1,1512.43,0,0,0,0
TXN104599,USER155,USER312,1315.96,2026-09-11T06:48:38.128862,17,DEVICE073,0,Dhaka,0,1051,857,2,189.25,0,0,0,0
TXN100120,USER231,USER380,1322.44,2026-09-26T21:38:25.128862,7,DEVICE200,0,Chattogram,0,561,679,3,306.14,0,0,0,0
TXN102916,USER005,USER351,3007.17,2026-09-26T10:30:27.128862,20,DEVICE150,0,Sylhet,0,960,515,2,218.7,0,0,0,0
TXN103880,USER255,USER322,3932.26,2026-09-24T02:03:09.128862,12,DEVICE017,0,Sylhet,0,648,790,1,436.43,0,0,0,0
TXN104129,USER196,USER182,3084.24,2026-09-20T07:27:10.128862,17,DEVICE057,0,Cumilla,1,1109,813,1,-41.4,0,0,0,0
TXN200019,USER254,USER203,32294.09,2026-09-30T16:34:58.128862,2,DEVICE_ROGUE_909,1,Chattogram,1,1117,7,11,30256.72,1,1,3,1
TXN103194,USER153,USER582,2992.75,2026-09-21T05:12:28.128862,15,DEVICE169,0,Chattogram,0,406,801,1,1009.88,0,0,0,0
TXN101230,USER290,USER385,1724.24,2026-10-01T05:44:55.128862,15,DEVICE125,0,Sylhet,0,376,664,2,177.2,0,0,0,0
TXN102760,USER157,USER228,2297.56,2026-09-17T12:19:43.128862,22,DEVICE170,0,Chattogram,0,783,940,4,584.73,0,1,0,0
TXN200737,USER023,USER355,21428.94,2026-09-22T07:59:18.128862,18,DEVICE250,1,Chattogram,0,1195,31,10,19710.26,1,1,2,1
TXN200774,USER006,USER518,37459.29,2026-10-01T18:30:28.128862,4,DEVICE142,0,Sylhet,0,325,282,2,34832.2,1,0,0,1
TXN201152,USER155,USER148,8783.12,2026-09-05T09:43:37.128862,19,DEVICE352,1,Dhaka,0,1051,109,11,7656.41,1,1,1,1
TXN103306,USER191,USER413,1876.17,2026-09-09T05:31:51.128862,15,DEVICE193,0,Chattogram,0,438,448,1,-62.91,0,0,0,0
TXN100134,USER244,USER278,4379.93,2026-09-05T19:29:12.128862,5,DEVICE082,0,Sylhet,0,274,733,2,1056.22,1,0,0,0
TXN103483,USER024,USER138,838.74,2026-09-17T03:49:40.128862,14,DEVICE159,0,Chattogram,0,1101,516,1,-381.05,0,0,0,0
TXN102579,USER086,USER411,781.6,2026-10-02T01:15:05.128862,11,DEVICE099,0,Dhaka,0,414,920,1,-610.57,0,0,0,0
TXN102840,USER183,USER176,3841.77,2026-09-25T02:21:41.128862,12,DEVICE099,0,Chattogram,0,824,112,1,384.52,0,0,0,0
TXN103792,USER282,USER103,1328.71,2026-09-09T10:46:01.128862,21,DEVICE189,0,Dhaka,0,141,465,1,-21.0,0,0,0,0
TXN200916,USER158,USER512,31506.94,2026-09-14T13:29:38.128862,23,DEVICE_ROGUE_996,1,Unknown,1,904,8,10,29118.51,1,1,2,1
TXN102218,USER234,USER059,2550.42,2026-09-29T05:57:12.128862,16,DEVICE161,0,Chattogram,0,479,963,1,-72.65,0,0,0,0
TXN100511,USER208,USER122,1370.9,2026-09-23T23:27:46.128862,9,DEVICE171,0,Dhaka,0,994,955,1,412.58,0,0,0,0
TXN201184,USER102,USER155,33648.52,2026-09-30T15:30:25.128862,1,DEVICE_ROGUE_946,1,Unknown,1,1057,1,9,30902.57,1,1,3,1
TXN100062,USER059,USER027,1295.44,2026-09-19T07:18:37.128862,17,DEVICE018,0,Sylhet,0,1021,853,2,54.25,0,0,0,0
TXN101553,USER010,USER044,885.9,2026-10-01T10:48:46.128862,21,DEVICE011,0,Sylhet,0,381,467,2,5.45,0,0,0,0
TXN103770,USER066,USER316,2787.92,2026-09-09T08:30:41.128862,18,DEVICE174,0,Dhaka,0,1143,450,1,-107.28,0,0,0,0
TXN200416,USER151,USER427,41182.66,2026-09-24T13:30:49.128862,23,DEVICE_ROGUE_906,1,Unknown,1,385,10,7,37695.76,1,1,2,1
TXN200788,USER187,USER101,19777.8,2026-09-22T04:52:08.128862,15,DEVICE018,1,Dhaka,0,14,24,16,16651.28,1,1,0,1
TXN101718,USER196,USER134,3635.36,2026-09-09T09:34:39.128862,19,DEVICE057,0,Dhaka,0,1109,171,1,509.72,0,0,0,0
TXN102860,USER133,USER504,2748.73,2026-09-14T11:11:49.128862,21,DEVICE104,0,Dhaka,1,931,709,4,-421.9,1,1,0,0
TXN104370,USER265,USER319,4912.19,2026-09-18T07:39:49.128862,17,DEVICE100,0,Chattogram,0,552,216,1,1861.08,0,0,0,0
TXN102095,USER080,USER364,825.86,2026-09-23T07:33:16.128862,17,DEVICE187,0,Sylhet,0,679,655,2,-640.03,0,0,0,0
TXN100679,USER035,USER046,1025.57,2026-09-22T02:04:49.128862,12,DEVICE106,0,Sylhet,0,641,446,2,-796.47,0,0,0,0
TXN103686,USER016,USER249,2341.49,2026-09-16T05:27:40.128862,15,DEVICE175,0,Chattogram,0,989,601,1,70.15,0,0,0,0
TXN101211,USER025,USER203,3764.78,2026-09-04T11:54:53.128862,22,DEVICE122,1,Chattogram,0,986,390,1,380.3,1,0,0,0
TXN100122,USER061,USER491,1657.73,2026-09-26T10:23:58.128862,20,DEVICE072,0,Dhaka,0,734,625,2,-1813.98,0,0,0,0
TXN102641,USER173,USER048,2349.9,2026-09-17T06:29:55.128862,16,DEVICE157,0,Chattogram,0,291,653,1,273.69,0,0,0,0
TXN103085,USER256,USER038,2679.67,2026-09-13T19:58:34.128862,6,DEVICE107,0,Chattogram,0,426,541,1,-809.79,0,0,0,0
TXN104077,USER017,USER080,1612.87,2026-09-19T00:39:52.128862,10,DEVICE064,0,Chattogram,0,344,727,1,217.68,1,0,0,0
TXN200117,USER109,USER277,20923.34,2026-09-29T05:28:15.128862,15,DEVICE170,0,Sylhet,0,14,11,7,18898.29,1,1,0,1
TXN103176,USER131,USER354,1837.86,2026-10-02T22:08:41.128862,8,DEVICE146,0,Dhaka,1,874,532,1,207.57,0,0,0,0
TXN101210,USER137,USER135,695.28,2026-09-15T01:27:22.128862,11,DEVICE074,0,Dhaka,0,870,95,1,-291.59,0,0,0,0
TXN100567,USER089,USER312,1124.33,2026-09-29T17:52:27.128862,4,DEVICE066,0,Chattogram,0,925,764,1,78.87,0,0,0,0
TXN103429,USER040,USER071,2119.36,2026-09-19T07:07:15.128862,17,DEVICE041,0,Dhaka,0,995,530,1,-239.49,1,0,0,0
TXN100548,USER075,USER470,3617.43,2026-09-08T09:46:00.128862,20,DEVICE010,0,Sylhet,0,995,722,1,1047.75,0,0,0,0
TXN100864,USER299,USER109,845.35,2026-09-26T07:09:54.128862,17,DEVICE120,0,Sylhet,0,367,678,1,-157.81,0,0,0,0
TXN104539,USER111,USER178,2403.41,2026-09-16T12:14:06.128862,22,DEVICE185,0,Chattogram,0,655,549,1,-761.39,0,0,0,0
TXN101392,USER138,USER278,2982.8,2026-09-23T09:17:27.128862,19,DEVICE054,0,Chattogram,0,880,988,1,129.17,0,0,0,0
TXN200925,USER042,USER028,36714.8,2026-09-07T10:35:30.128862,20,DEVICE028,0,Dhaka,0,21,11,17,35791.07,1,1,0,1
TXN102402,USER208,USER596,540.35,2026-09-09T07:04:09.128862,17,DEVICE171,0,Dhaka,0,994,337,1,-417.97,0,0,0,0
TXN103984,USER300,USER038,2821.46,2026-09-09T03:29:50.128862,13,DEVICE033,0,Chattogram,0,885,843,1,-362.93,0,0,0,0
TXN102057,USER266,USER386,3038.21,2026-09-12T23:32:58.128862,9,DEVICE198,0,Sylhet,0,903,667,1,338.65,1,0,1,0
TXN104770,USER276,USER254,928.8,2026-09-16T08:48:11.128862,19,DEVICE077,0,Sylhet,0,626,278,1,-182.86,0,0,0,0
TXN100720,USER170,USER385,898.5,2026-09-08T23:37:13.128862,9,DEVICE012,0,Sylhet,0,555,90,1,-258.74,0,0,0,0
TXN103837,USER089,USER553,954.17,2026-09-21T02:05:37.128862,12,DEVICE066,0,Chattogram,0,925,365,1,-91.29,0,0,0,0
TXN102882,USER288,USER395,931.51,2026-09-15T04:27:54.128862,14,DEVICE070,0,Chattogram,0,926,958,3,-117.7,1,0,0,0
TXN100690,USER010,USER276,638.74,2026-09-22T05:28:19.128862,15,DEVICE011,0,Sylhet,0,381,864,1,-241.71,1,0,0,0
TXN100602,USER047,USER407,1079.2,2026-09-27T11:38:21.128862,21,DEVICE052,0,Chattogram,0,802,572,3,6.5,0,0,0,0
TXN102215,USER010,USER469,838.91,2026-09-19T22:27:50.128862,8,DEVICE011,0,Sylhet,0,381,248,2,-41.54,0,0,0,0
TXN200167,USER264,USER088,46153.28,2026-10-02T17:04:33.128862,3,DEVICE108,0,Chattogram,0,378,180,3,44927.36,1,0,0,1
TXN200575,USER004,USER205,26109.93,2026-09-18T04:33:29.128862,14,DEVICE095,0,Chattogram,0,30,18,10,24707.26,1,1,0,1
TXN200215,USER272,USER247,25651.35,2026-09-26T15:48:27.128862,2,DEVICE_ROGUE_922,1,Chattogram,1,1188,12,9,24043.03,1,1,2,1
TXN200777,USER082,USER047,47149.59,2026-09-08T17:50:28.128862,4,DEVICE112,0,Sylhet,0,1082,341,2,45640.19,1,0,0,1
TXN100503,USER112,USER109,1496.01,2026-09-26T10:01:19.128862,20,DEVICE037,1,Sylhet,0,939,316,1,-15.14,0,0,1,0
TXN104502,USER129,USER225,2457.81,2026-09-17T11:11:12.128862,21,DEVICE045,0,Sylhet,0,476,547,1,-714.74,0,0,0,0
TXN100318,USER282,USER473,1223.72,2026-09-06T06:03:55.128862,16,DEVICE189,0,Dhaka,0,141,803,2,-125.99,0,0,0,0
TXN201078,USER004,USER461,38812.3,2026-09-23T17:22:30.128862,3,DEVICE095,0,Chattogram,0,495,86,5,37409.63,1,0,0,1
TXN200713,USER002,USER120,44945.44,2026-09-16T16:54:25.128862,3,DEVICE140,0,Sylhet,0,568,142,3,44077.91,1,0,1,1
TXN100274,USER152,USER271,1513.9,2026-09-07T03:37:24.128862,13,DEVICE044,0,Chattogram,0,929,428,2,-1040.77,0,0,0,0
TXN200355,USER172,USER407,10482.61,2026-09-30T10:25:46.128862,20,DEVICE212,1,Chattogram,0,978,170,11,8140.79,1,1,1,1
TXN103620,USER142,USER258,1794.6,2026-09-11T23:41:26.128862,9,DEVICE168,0,Sylhet,0,348,275,1,-489.87,0,0,0,0
TXN101361,USER071,USER341,1315.5,2026-09-24T10:14:41.128862,20,DEVICE067,0,Chattogram,0,474,228,1,-54.15,0,0,0,0
TXN104195,USER006,USER461,2582.41,2026-10-02T22:31:43.128862,8,DEVICE142,0,Sylhet,0,325,772,1,-44.68,0,0,0,0
TXN101526,USER194,USER354,3087.17,2026-09-06T06:08:59.128862,16,DEVICE200,0,Sylhet,0,873,474,2,-205.65,0,0,0,0
TXN102366,USER147,USER102,2672.14,2026-09-27T23:05:06.128862,9,DEVICE173,0,Sylhet,0,294,775,2,416.04,0,0,0,0
TXN103375,USER055,USER262,2799.37,2026-09-15T10:58:09.128862,21,DEVICE050,0,Chattogram,0,1104,103,1,249.67,1,0,0,0
TXN104160,USER218,USER337,2816.4,2026-09-22T09:27:51.128862,19,DEVICE367,1,Chattogram,0,308,453,2,76.7,0,0,0,0
TXN102291,USER082,USER230,2214.09,2026-10-01T07:06:54.128862,17,DEVICE112,0,Sylhet,0,1082,762,1,704.69,1,0,0,0
TXN103288,USER017,USER097,1325.76,2026-09-10T20:24:19.128862,6,DEVICE064,0,Chattogram,0,344,60,2,-69.43,0,0,0,0
TXN103875,USER016,USER096,1778.3,2026-09-22T21:36:51.128862,7,DEVICE175,0,Chattogram,0,989,526,1,-493.04,0,0,0,0
TXN103558,USER166,USER048,983.27,2026-09-26T07:02:11.128862,17,DEVICE058,0,Chattogram,0,163,957,2,-8.04,0,0,0,0
TXN200357,USER045,USER317,17612.31,2026-09-30T22:40:09.128862,8,DEVICE121,0,Dhaka,0,12,24,14,16596.87,1,1,0,1
TXN100945,USER237,USER292,4612.33,2026-09-15T21:48:10.128862,8,DEVICE113,0,Chattogram,0,288,405,1,1408.55,0,0,0,0
TXN104716,USER018,USER287,2932.67,2026-09-09T02:29:52.128862,12,DEVICE171,0,Chattogram,0,1049,530,1,541.65,0,0,0,0
TXN200981,USER225,USER471,36390.08,2026-09-21T15:34:49.128862,1,DEVICE_ROGUE_952,1,Unknown,1,900,9,11,35435.73,1,1,3,1
TXN100295,USER246,USER597,2825.19,2026-09-25T05:30:39.128862,15,DEVICE021,0,Sylhet,0,759,606,1,91.47,0,0,0,0
TXN103166,USER300,USER062,2282.28,2026-09-25T06:10:39.128862,16,DEVICE033,0,Chattogram,0,885,500,2,-902.11,0,0,0,0
TXN102182,USER089,USER307,1213.81,2026-09-05T07:41:23.128862,17,DEVICE066,0,Chattogram,0,925,375,1,168.35,0,0,0,0
TXN100298,USER288,USER230,680.63,2026-09-21T07:09:28.128862,17,DEVICE070,0,Chattogram,0,926,772,1,-368.58,0,0,0,0
TXN100068,USER283,USER187,2520.61,2026-09-08T08:12:45.128862,18,DEVICE140,0,Chattogram,1,761,590,1,8.17,1,0,0,0
TXN104392,USER161,USER348,792.56,2026-09-23T03:03:02.128862,13,DEVICE024,0,Chattogram,0,1182,950,2,-199.12,0,0,0,0
TXN100736,USER204,USER234,1251.53,2026-09-26T22:58:43.128862,9,DEVICE032,0,Sylhet,0,1042,625,1,2.49,0,0,0,0
TXN103475,USER073,USER145,3049.85,2026-09-07T23:12:08.128862,9,DEVICE149,0,Dhaka,0,830,865,1,-116.34,0,0,0,0
TXN104266,USER095,USER014,1250.1,2026-09-08T01:19:36.128862,11,DEVICE138,0,Chattogram,0,405,979,4,278.58,1,1,0,0
TXN102988,USER068,USER183,1033.82,2026-10-02T04:59:36.128862,15,DEVICE085,0,Sylhet,0,1036,768,1,147.15,0,0,0,0
TXN103646,USER203,USER173,3218.24,2026-09-21T04:10:01.128862,14,DEVICE064,0,Sylhet,0,109,594,1,126.76,0,0,0,0
TXN101503,USER053,USER562,1328.83,2026-09-08T02:00:00.128862,12,DEVICE007,0,Sylhet,0,765,97,2,-192.01,0,0,0,0
TXN102072,USER168,USER355,2123.77,2026-09-13T05:28:08.128862,15,DEVICE038,0,Dhaka,0,570,92,3,-482.47,1,0,0,0
TXN100150,USER230,USER491,3296.91,2026-09-21T05:18:12.128862,15,DEVICE197,0,Chattogram,0,676,616,1,-97.19,1,0,0,0
TXN100756,USER268,USER106,2214.6,2026-09-13T02:13:16.128862,12,DEVICE179,0,Rangpur,1,274,845,1,-1250.93,0,0,0,0
TXN201098,USER234,USER006,19515.15,2026-10-02T22:29:12.128862,8,DEVICE342,1,Chattogram,0,479,156,9,16892.08,1,1,1,1
TXN103501,USER055,USER033,2576.48,2026-09-18T07:34:21.128862,17,DEVICE050,0,Khulna,1,1104,82,1,26.78,0,0,0,0
TXN101703,USER049,USER411,2147.28,2026-09-30T01:29:14.128862,11,DEVICE090,0,Dhaka,0,772,345,2,-369.07,0,0,0,0
TXN200666,USER117,USER490,45536.13,2026-09-03T16:28:06.128862,2,DEVICE084,0,Sylhet,0,669,370,5,43930.33,1,0,0,1
TXN102104,USER234,USER266,2436.16,2026-09-19T01:46:37.128862,12,DEVICE161,0,Chattogram,0,479,425,1,-186.91,1,0,0,0
TXN100169,USER180,USER439,1576.7,2026-09-07T22:35:26.128862,8,DEVICE050,0,Chattogram,0,754,643,2,-484.27,0,0,0,0
TXN102154,USER039,USER235,3316.66,2026-09-14T20:59:59.128862,7,DEVICE069,0,Dhaka,0,1152,935,1,190.05,0,0,0,0
TXN100376,USER223,USER537,3055.94,2026-09-21T06:05:11.128862,16,DEVICE122,0,Sylhet,0,694,884,1,792.01,1,0,0,0
TXN102025,USER055,USER393,1668.76,2026-09-30T09:03:02.128862,19,DEVICE050,0,Chattogram,0,1104,267,1,-880.94,0,0,0,0
TXN100859,USER140,USER212,899.33,2026-09-08T22:21:26.128862,8,DEVICE149,0,Cumilla,1,1104,526,3,-247.33,0,0,0,0
TXN102687,USER204,USER366,2006.64,2026-09-08T07:01:00.128862,17,DEVICE032,0,Sylhet,0,1042,310,3,757.6,0,0,0,0
TXN200235,USER293,USER046,38705.19,2026-09-27T17:49:20.128862,4,DEVICE_ROGUE_985,1,Coxs Bazar,1,713,13,12,36184.98,1,1,2,1
TXN200548,USER138,USER425,30190.58,2026-09-17T17:50:49.128862,4,DEVICE_ROGUE_994,1,Sylhet,1,880,2,5,27336.95,1,1,3,1
TXN100378,USER252,USER489,4112.03,2026-09-28T00:13:04.128862,10,DEVICE040,0,Dhaka,0,839,67,3,1282.0,0,0,0,0
TXN104783,USER226,USER238,2365.58,2026-09-24T01:26:15.128862,11,DEVICE193,0,Chattogram,0,652,584,1,-11.7,0,0,0,0
TXN200656,USER101,USER367,48904.83,2026-09-18T16:43:27.128862,2,DEVICE051,0,Chattogram,0,1078,140,5,48073.83,1,0,0,1
TXN101294,USER272,USER037,1220.05,2026-09-29T06:49:18.128862,17,DEVICE028,1,Sylhet,0,1188,152,1,-388.27,0,0,0,0
TXN200171,USER192,USER246,29351.99,2026-09-24T18:09:52.128862,4,DEVICE_ROGUE_967,1,Coxs Bazar,1,448,14,5,27799.92,1,1,4,1
TXN101432,USER069,USER200,1774.53,2026-09-10T02:12:04.128862,12,DEVICE008,0,Sylhet,0,936,620,1,122.81,0,0,0,0
TXN200525,USER238,USER240,11584.35,2026-09-11T18:22:26.128862,4,DEVICE085,1,Chattogram,0,170,117,20,10119.57,1,1,2,1
TXN201059,USER256,USER461,18966.82,2026-09-26T01:58:37.128862,12,DEVICE302,1,Chattogram,0,12,21,12,15477.36,1,1,0,1
TXN102942,USER051,USER554,2074.14,2026-09-16T12:32:50.128862,22,DEVICE059,0,Dhaka,0,304,189,1,274.65,0,0,0,0
TXN101779,USER281,USER225,1745.77,2026-09-12T13:42:32.128862,23,DEVICE192,0,Dhaka,0,1055,620,1,-991.78,0,0,0,0
TXN103388,USER174,USER523,3127.43,2026-09-27T16:54:29.128862,3,DEVICE197,0,Sylhet,0,295,213,1,208.96,0,0,0,0
TXN200362,USER235,USER578,21175.47,2026-09-27T10:26:30.128862,20,DEVICE177,1,Dhaka,0,27,14,6,19740.42,1,1,0,1
TXN200335,USER100,USER158,28864.29,2026-09-10T17:52:02.128862,4,DEVICE_ROGUE_911,1,Sylhet,1,940,10,7,25740.18,1,1,2,1
TXN103543,USER096,USER082,2001.54,2026-09-15T08:52:15.128862,19,DEVICE195,1,Mymensingh,1,1110,834,1,171.17,1,0,0,0
TXN100841,USER220,USER187,1833.13,2026-09-12T03:51:41.128862,14,DEVICE115,0,Dhaka,0,871,203,2,232.02,0,0,0,0
TXN102572,USER157,USER327,1528.86,2026-09-15T08:31:15.128862,18,DEVICE170,0,Chattogram,0,783,470,1,-183.97,0,0,0,0
TXN101189,USER240,USER196,1979.22,2026-09-28T08:28:40.128862,18,DEVICE074,0,Dhaka,0,992,970,1,-493.11,0,0,0,0
TXN100175,USER184,USER065,789.91,2026-09-16T07:58:40.128862,18,DEVICE127,0,Chattogram,0,857,390,1,-275.82,0,0,0,0
TXN104775,USER013,USER591,746.87,2026-09-19T03:30:46.128862,13,DEVICE011,0,Chattogram,0,429,176,1,-124.78,0,0,0,0
TXN100927,USER041,USER586,3322.84,2026-09-27T01:31:21.128862,11,DEVICE180,0,Dhaka,0,659,856,1,620.5,0,0,0,0
TXN103258,USER152,USER191,4566.25,2026-09-13T21:57:33.128862,8,DEVICE044,0,Chattogram,0,929,599,2,2011.58,0,0,0,0
TXN100045,USER014,USER425,1437.64,2026-09-19T20:08:28.128862,6,DEVICE092,0,Dhaka,0,719,289,2,100.78,1,0,0,0
TXN101260,USER160,USER299,1779.12,2026-09-24T20:56:50.128862,7,DEVICE086,0,Chattogram,0,762,569,1,384.53,1,0,0,0
TXN101096,USER141,USER491,2048.9,2026-09-26T02:30:29.128862,12,DEVICE156,0,Gazipur,1,165,903,1,-34.36,1,0,0,0
TXN101443,USER078,USER053,2887.49,2026-09-08T13:47:21.128862,0,DEVICE112,0,Dhaka,0,636,755,3,848.59,0,0,0,0
TXN102107,USER268,USER265,4957.57,2026-09-09T10:04:07.128862,20,DEVICE179,0,Chattogram,0,274,175,1,1492.04,0,0,0,0
TXN200203,USER044,USER028,28856.29,2026-09-24T16:16:11.128862,2,DEVICE_ROGUE_969,1,Sylhet,1,1097,15,11,27274.94,1,1,4,1
TXN101187,USER263,USER383,2219.25,2026-09-16T15:47:45.128862,2,DEVICE053,0,Chattogram,0,244,611,1,421.53,0,0,0,0
TXN200293,USER139,USER462,43627.17,2026-09-11T13:40:16.128862,23,DEVICE_ROGUE_934,1,Coxs Bazar,1,401,9,6,40759.42,1,1,3,1
TXN103787,USER224,USER352,3464.79,2026-09-04T06:35:00.128862,16,DEVICE116,0,Dhaka,0,134,784,2,645.26,0,0,0,0
TXN101030,USER284,USER234,1984.32,2026-09-25T20:01:29.128862,6,DEVICE181,1,Sylhet,0,543,105,2,471.56,0,0,0,0
TXN200017,USER234,USER199,46730.73,2026-09-06T18:39:09.128862,4,DEVICE161,0,Chattogram,0,479,73,4,44107.66,1,0,1,1
TXN100300,USER227,USER231,1595.35,2026-09-26T10:30:54.128862,20,DEVICE064,0,Dhaka,0,106,816,1,-562.35,0,0,0,0
TXN102523,USER229,USER481,1378.81,2026-09-22T21:39:12.128862,7,DEVICE071,0,Sylhet,0,1107,183,1,153.74,0,0,0,0
TXN101472,USER254,USER571,659.91,2026-09-16T08:05:54.128862,18,DEVICE055,0,Dhaka,0,1117,97,1,-1377.46,0,0,1,0
TXN100283,USER026,USER520,959.68,2026-09-23T23:09:38.128862,9,DEVICE040,0,Chattogram,0,254,514,1,-749.13,0,0,0,0
TXN104382,USER217,USER536,2504.15,2026-09-29T20:03:32.128862,6,DEVICE130,0,Dhaka,0,1079,714,1,203.58,0,0,0,0
TXN102480,USER189,USER425,1704.71,2026-09-18T22:50:18.128862,9,DEVICE177,0,Sylhet,0,933,379,1,391.15,1,0,0,0
TXN104755,USER115,USER368,3927.46,2026-09-25T21:41:09.128862,7,DEVICE171,0,Chattogram,0,637,159,1,663.36,0,0,0,0
TXN103346,USER102,USER578,2827.77,2026-09-17T01:28:07.128862,11,DEVICE094,0,Sylhet,0,1057,432,1,81.82,0,0,0,0
TXN101813,USER170,USER319,1245.55,2026-09-25T08:51:45.128862,19,DEVICE012,0,Sylhet,0,555,548,2,88.31,1,0,0,0
TXN103887,USER117,USER064,2730.41,2026-09-12T06:58:42.128862,17,DEVICE084,0,Sylhet,0,669,602,1,1124.61,0,0,0,0
TXN104313,USER081,USER005,2384.93,2026-09-14T09:57:05.128862,20,DEVICE081,0,Chattogram,0,987,750,3,69.24,0,0,0,0
TXN104141,USER016,USER487,2159.19,2026-09-15T01:33:56.128862,11,DEVICE134,1,Chattogram,0,989,650,1,-112.15,0,0,0,0
TXN200261,USER080,USER499,43295.53,2026-09-05T17:09:41.128862,3,DEVICE187,0,Sylhet,0,679,236,3,41829.64,1,0,0,1
TXN200027,USER001,USER462,35869.62,2026-09-09T17:52:03.128862,4,DEVICE_ROGUE_983,1,Unknown,1,235,11,8,33343.17,1,1,2,1
TXN102932,USER246,USER028,2088.47,2026-09-27T08:59:36.128862,19,DEVICE021,0,Dhaka,1,759,378,1,-645.25,0,0,0,0
TXN102119,USER155,USER516,1067.75,2026-09-26T09:14:55.128862,19,DEVICE073,0,Gazipur,1,1051,236,1,-58.96,0,0,0,0
TXN200857,USER118,USER367,44820.83,2026-09-13T22:06:45.128862,8,DEVICE323,1,Sylhet,0,19,10,12,42295.67,1,1,0,1
TXN200014,USER299,USER478,33120.79,2026-09-08T02:25:10.128862,12,DEVICE091,1,Sylhet,0,30,13,6,32117.63,1,1,0,1
TXN103807,USER117,USER143,1312.42,2026-09-20T23:30:41.128862,9,DEVICE084,0,Sylhet,0,669,458,1,-293.38,0,0,1,0
TXN200905,USER169,USER446,12938.0,2026-09-08T19:52:17.128862,6,DEVICE323,1,Chattogram,0,678,32,12,11559.56,1,1,1,1
TXN200974,USER226,USER294,40343.87,2026-09-23T13:17:44.128862,23,DEVICE_ROGUE_929,1,Coxs Bazar,1,652,12,11,37966.59,1,1,4,1
TXN102330,USER273,USER448,2546.81,2026-09-23T03:08:20.128862,13,DEVICE123,0,Rangpur,1,343,815,2,-44.34,0,0,0,0
TXN102029,USER086,USER041,1246.82,2026-09-06T10:27:07.128862,20,DEVICE099,0,Dhaka,0,414,975,1,-145.35,1,0,1,0
TXN200664,USER230,USER161,40594.4,2026-09-06T16:13:33.128862,2,DEVICE197,0,Chattogram,0,676,125,2,37200.3,1,0,0,1
TXN100257,USER184,USER520,1196.11,2026-09-09T00:38:55.128862,10,DEVICE127,0,Chattogram,0,857,159,1,130.38,0,0,0,0
TXN100507,USER029,USER093,2711.54,2026-10-01T01:06:18.128862,11,DEVICE046,0,Dhaka,0,750,356,2,-376.69,0,0,0,0
TXN101942,USER083,USER527,1654.82,2026-09-07T07:32:48.128862,17,DEVICE113,1,Sylhet,0,338,492,1,-723.56,0,0,0,0
TXN100099,USER173,USER303,3047.88,2026-09-28T04:57:24.128862,15,DEVICE157,0,Chattogram,0,291,475,1,971.67,0,0,0,0
TXN102955,USER085,USER191,1917.32,2026-10-03T00:24:39.128862,10,DEVICE030,0,Sylhet,0,580,760,1,38.94,0,0,0,0
TXN100744,USER211,USER401,1278.71,2026-09-06T21:53:47.128862,8,DEVICE153,0,Chattogram,0,958,458,1,-237.34,0,0,0,0
TXN104570,USER277,USER517,1173.09,2026-09-28T04:13:48.128862,14,DEVICE193,0,Dhaka,0,870,864,1,84.09,0,0,0,0
TXN200752,USER271,USER006,44810.02,2026-09-10T14:49:06.128862,1,DEVICE_ROGUE_996,1,Chattogram,1,631,15,6,41803.84,1,1,2,1
TXN101375,USER252,USER179,2508.97,2026-09-13T10:39:23.128862,20,DEVICE308,1,Dhaka,0,839,172,1,-321.06,0,0,0,0
TXN103866,USER259,USER284,1555.17,2026-09-20T10:10:34.128862,20,DEVICE139,0,Sylhet,0,694,273,2,39.13,0,0,0,0
TXN103819,USER153,USER531,1421.77,2026-10-01T04:05:21.128862,14,DEVICE169,0,Chattogram,0,406,678,1,-561.1,0,0,0,0
TXN103682,USER021,USER133,2869.15,2026-09-25T09:58:48.128862,20,DEVICE361,1,Chattogram,0,647,295,2,-106.56,0,0,0,0
TXN101954,USER210,USER120,4398.26,2026-09-20T03:29:20.128862,13,DEVICE144,0,Dhaka,0,702,653,3,937.93,0,0,0,0
TXN104746,USER011,USER562,835.36,2026-09-27T04:35:15.128862,14,DEVICE079,0,Chattogram,0,236,667,2,-554.96,1,0,0,0
TXN101157,USER141,USER037,1721.5,2026-09-08T08:18:31.128862,18,DEVICE190,1,Chattogram,0,165,790,1,-361.76,0,0,0,0
TXN104368,USER104,USER107,2536.48,2026-09-13T05:11:41.128862,15,DEVICE319,1,Sylhet,0,1025,109,1,286.66,0,0,0,0
TXN103365,USER112,USER583,1914.63,2026-09-14T06:00:18.128862,16,DEVICE077,0,Sylhet,0,939,507,1,403.48,0,0,0,0
TXN200105,USER090,USER112,33965.09,2026-09-05T06:08:36.128862,16,DEVICE230,1,Sylhet,0,27,9,10,33037.88,1,1,0,1
TXN101437,USER256,USER415,3987.94,2026-09-21T19:05:04.128862,5,DEVICE107,0,Chattogram,0,426,211,1,498.48,0,0,0,0
TXN100366,USER031,USER221,2850.37,2026-09-19T08:38:53.128862,18,DEVICE007,0,Sylhet,0,142,326,1,-128.88,0,0,0,0
TXN200013,USER231,USER065,21078.27,2026-09-11T05:46:21.128862,16,DEVICE120,1,Chattogram,0,561,79,18,20061.97,1,1,2,1
TXN102941,USER168,USER370,2984.51,2026-10-01T03:40:27.128862,13,DEVICE038,0,Dhaka,0,570,737,3,378.27,1,0,0,0
TXN100402,USER173,USER162,2515.89,2026-09-23T04:14:12.128862,14,DEVICE157,0,Chattogram,0,291,392,3,439.68,0,0,0,0
TXN104644,USER077,USER528,3679.76,2026-09-12T06:10:54.128862,16,DEVICE153,0,Sylhet,0,506,683,3,410.48,1,0,0,0
TXN200854,USER165,USER493,35135.82,2026-09-07T17:02:36.128862,3,DEVICE080,0,Dhaka,0,1198,315,2,32014.8,1,0,0,1
TXN100949,USER098,USER378,2752.72,2026-09-21T08:46:12.128862,19,DEVICE190,0,Dhaka,1,1132,173,1,524.11,1,0,0,0
TXN102781,USER234,USER373,2866.84,2026-09-17T08:38:36.128862,18,DEVICE161,0,Chattogram,0,479,904,1,243.77,1,0,0,0
TXN100019,USER027,USER160,587.43,2026-09-22T21:48:56.128862,8,DEVICE061,0,Dhaka,0,171,494,1,-462.98,0,0,0,0
TXN100229,USER193,USER165,1285.41,2026-09-21T07:42:18.128862,17,DEVICE028,0,Sylhet,0,251,974,2,-189.07,0,0,1,0
TXN104187,USER176,USER591,1322.85,2026-09-23T05:58:20.128862,16,DEVICE117,0,Chattogram,0,430,568,4,8.74,0,1,0,0
TXN100668,USER015,USER553,3007.0,2026-09-11T05:39:02.128862,15,DEVICE054,0,Dhaka,0,681,577,3,452.31,1,0,0,0
TXN100218,USER184,USER029,1109.74,2026-09-15T07:21:49.128862,17,DEVICE127,0,Chattogram,0,857,916,1,44.01,0,0,0,0
TXN200207,USER116,USER073,44505.13,2026-09-03T18:23:15.128862,4,DEVICE105,0,Chattogram,0,95,68,4,41354.73,1,0,1,1
TXN104024,USER190,USER035,1832.96,2026-09-27T08:29:14.128862,18,DEVICE002,0,Dhaka,0,458,932,3,-178.3,1,0,0,0
TXN103571,USER138,USER075,3319.82,2026-09-11T09:37:53.128862,19,DEVICE054,0,Chattogram,0,880,188,1,466.19,0,0,0,0
TXN102513,USER280,USER379,2008.58,2026-09-10T23:00:50.128862,9,DEVICE138,0,Dhaka,0,568,581,3,-424.46,1,0,0,0
TXN104390,USER029,USER545,1935.31,2026-09-13T01:39:56.128862,11,DEVICE046,0,Dhaka,0,750,300,2,-1152.92,0,0,0,0
TXN100585,USER156,USER169,379.33,2026-09-08T03:04:58.128862,13,DEVICE132,0,Sylhet,0,632,642,3,-1027.35,0,0,0,0
TXN101912,USER280,USER474,2771.25,2026-09-07T07:39:11.128862,17,DEVICE138,0,Dhaka,0,568,567,1,338.21,0,0,0,0
TXN200577,USER155,USER162,28604.34,2026-09-22T04:42:06.128862,14,DEVICE189,1,Dhaka,0,14,11,6,27477.63,1,1,0,1
TXN104431,USER105,USER360,1773.33,2026-09-09T23:08:14.128862,9,DEVICE171,0,Dhaka,0,386,251,1,252.9,0,0,0,0
TXN104347,USER289,USER366,1937.42,2026-09-30T10:18:55.128862,20,DEVICE112,0,Chattogram,0,328,535,3,-6.23,1,0,1,0
TXN103829,USER013,USER215,708.21,2026-09-15T07:26:30.128862,17,DEVICE011,0,Chattogram,0,429,830,1,-163.44,0,0,0,0
TXN103479,USER255,USER223,4142.66,2026-09-12T20:24:06.128862,6,DEVICE017,0,Sylhet,0,648,167,1,646.83,0,0,0,0
TXN104577,USER246,USER507,2818.09,2026-09-08T22:47:22.128862,9,DEVICE021,0,Sylhet,0,759,904,1,84.37,0,0,0,0
TXN100777,USER030,USER395,1979.14,2026-09-27T10:00:28.128862,20,DEVICE106,0,Sylhet,0,602,430,1,-450.92,0,0,0,0
TXN102314,USER203,USER123,2627.46,2026-09-20T18:48:49.128862,5,DEVICE064,0,Sylhet,0,109,453,3,-464.02,0,0,1,0
TXN101018,USER157,USER567,1550.37,2026-09-14T23:32:05.128862,9,DEVICE170,0,Rajshahi,1,783,775,1,-162.46,0,0,0,0
TXN101606,USER096,USER253,2616.7,2026-09-08T06:28:47.128862,16,DEVICE176,0,Dhaka,0,1110,868,1,786.33,0,0,0,0
TXN102505,USER035,USER063,2647.2,2026-09-12T00:00:17.128862,10,DEVICE106,0,Sylhet,0,641,581,1,825.16,0,0,0,0
TXN102807,USER233,USER103,2201.73,2026-09-19T02:51:07.128862,13,DEVICE125,0,Dhaka,1,538,413,1,-204.86,0,0,0,0
TXN104588,USER014,USER516,672.12,2026-09-19T06:25:04.128862,16,DEVICE092,0,Dhaka,0,719,107,1,-664.74,0,0,0,0
TXN103213,USER108,USER339,1045.93,2026-09-17T09:24:31.128862,19,DEVICE081,0,Khulna,1,1130,661,1,-927.94,0,0,0,0
TXN101491,USER141,USER455,2288.1,2026-10-01T06:25:22.128862,16,DEVICE156,0,Chattogram,0,165,950,3,204.84,0,0,0,0
TXN200184,USER267,USER345,35028.24,2026-09-23T06:21:59.128862,16,DEVICE150,0,Chattogram,0,30,30,6,32576.71,1,1,0,1
TXN200447,USER271,USER439,9924.5,2026-09-23T04:15:51.128862,14,DEVICE336,1,Dhaka,0,631,160,11,6918.32,1,1,2,1
TXN104340,USER084,USER196,3601.77,2026-09-23T06:13:06.128862,16,DEVICE131,0,Dhaka,0,149,884,1,377.65,1,0,0,0
TXN103660,USER073,USER546,3216.36,2026-10-02T11:48:07.128862,22,DEVICE149,0,Rajshahi,1,830,732,1,50.17,0,0,0,0
TXN104487,USER285,USER099,2400.88,2026-09-10T23:44:59.128862,9,DEVICE057,0,Dhaka,0,219,775,1,281.84,1,0,0,0
TXN102877,USER177,USER022,1094.24,2026-09-27T00:59:59.128862,11,DEVICE107,0,Chattogram,0,703,320,1,32.53,0,0,0,0
TXN101593,USER168,USER164,3101.56,2026-09-15T21:29:08.128862,7,DEVICE038,0,Barishal,1,570,612,1,495.32,0,0,0,0
TXN100517,USER193,USER162,1739.5,2026-09-18T15:50:13.128862,2,DEVICE046,1,Sylhet,0,251,667,1,265.02,0,0,0,0
TXN100321,USER224,USER284,1751.11,2026-09-08T09:28:59.128862,19,DEVICE116,0,Dhaka,0,134,516,1,-1068.42,0,0,0,0
TXN200464,USER250,USER384,11836.56,2026-09-22T23:21:38.128862,9,DEVICE165,1,Sylhet,0,360,70,14,10226.57,1,1,2,1
TXN200835,USER178,USER292,28223.29,2026-09-12T06:08:51.128862,16,DEVICE162,0,Sylhet,0,6,25,9,26259.45,1,1,0,1
TXN104099,USER096,USER540,1651.73,2026-09-16T08:15:19.128862,18,DEVICE176,0,Dhaka,0,1110,820,1,-178.64,0,0,0,0
TXN103689,USER080,USER485,1542.74,2026-09-30T23:00:06.128862,9,DEVICE187,0,Sylhet,0,679,63,1,76.85,0,0,0,0
TXN100217,USER029,USER225,3100.63,2026-09-29T05:09:35.128862,15,DEVICE046,0,Dhaka,0,750,237,2,12.4,1,0,0,0
TXN102655,USER099,USER017,3114.83,2026-09-29T09:00:03.128862,19,DEVICE189,0,Dhaka,0,649,729,3,-307.08,0,0,0,0
TXN102388,USER297,USER203,2275.92,2026-09-28T23:31:17.128862,9,DEVICE186,0,Sylhet,0,570,783,1,321.17,0,0,1,0
TXN100360,USER178,USER404,2060.32,2026-09-28T08:56:42.128862,19,DEVICE162,0,Sylhet,0,149,531,2,96.48,0,0,1,0
TXN104375,USER274,USER187,2563.49,2026-09-28T11:38:38.128862,21,DEVICE002,0,Dhaka,0,1021,909,5,-771.62,0,1,0,0
TXN103336,USER141,USER135,2826.45,2026-10-01T04:51:45.128862,15,DEVICE156,0,Chattogram,0,165,433,2,743.19,0,0,0,0
TXN103010,USER101,USER163,1193.7,2026-09-14T03:29:55.128862,13,DEVICE051,0,Chattogram,0,1078,351,1,362.7,0,0,0,0
TXN102318,USER030,USER366,2983.03,2026-09-15T20:07:29.128862,6,DEVICE106,0,Sylhet,0,602,973,2,552.97,0,0,0,0
TXN101052,USER228,USER534,3211.9,2026-09-17T21:04:11.128862,7,DEVICE164,0,Dhaka,0,190,925,2,109.56,1,0,0,0
TXN200340,USER036,USER043,21464.15,2026-10-01T05:02:06.128862,15,DEVICE063,1,Dhaka,0,172,116,12,19173.64,1,1,2,1
TXN100759,USER278,USER405,2110.15,2026-09-07T10:59:26.128862,21,DEVICE100,0,Chattogram,0,850,75,2,-183.55,0,0,0,0
TXN104667,USER172,USER109,1973.0,2026-09-20T08:51:50.128862,19,DEVICE122,0,Chattogram,0,978,607,1,-368.82,0,0,0,0
TXN200477,USER013,USER385,42483.06,2026-10-02T00:36:46.128862,10,DEVICE161,1,Chattogram,0,9,22,13,41611.41,1,1,0,1
TXN201195,USER086,USER205,40222.46,2026-09-11T10:42:09.128862,20,DEVICE032,1,Dhaka,0,14,24,10,38830.29,1,1,0,1
TXN101426,USER239,USER396,2597.33,2026-10-01T10:12:17.128862,20,DEVICE183,0,Dhaka,0,722,584,2,192.13,0,0,0,0
TXN104407,USER171,USER117,3475.97,2026-09-13T22:44:37.128862,8,DEVICE063,0,Sylhet,0,275,72,1,150.08,0,0,0,0
TXN103697,USER257,USER453,940.95,2026-09-17T22:31:26.128862,8,DEVICE105,0,Sylhet,0,616,696,2,-56.85,0,0,0,0
TXN100214,USER270,USER256,769.78,2026-09-29T06:20:03.128862,16,DEVICE196,0,Sylhet,0,118,427,1,-51.34,0,0,0,0
TXN101614,USER056,USER335,1892.96,2026-09-10T08:51:26.128862,19,DEVICE103,0,Dhaka,0,680,967,1,-551.69,0,0,0,0
TXN104675,USER229,USER578,1568.75,2026-09-24T07:35:14.128862,17,DEVICE071,0,Sylhet,0,1107,126,1,343.68,1,0,0,0
TXN101717,USER164,USER227,3116.68,2026-09-19T23:36:51.128862,9,DEVICE067,1,Chattogram,0,1089,861,1,-127.95,0,0,0,0
TXN102741,USER253,USER435,1130.25,2026-09-11T00:02:52.128862,10,DEVICE181,0,Dhaka,0,1177,133,1,134.38,0,0,0,0
TXN102053,USER293,USER542,3164.78,2026-09-28T11:42:25.128862,21,DEVICE087,0,Chattogram,0,713,700,2,644.57,1,0,0,0
TXN102998,USER288,USER525,1122.96,2026-09-24T01:51:47.128862,12,DEVICE070,0,Chattogram,0,926,300,1,73.75,0,0,0,0
TXN101983,USER230,USER069,2110.68,2026-10-02T19:48:46.128862,6,DEVICE197,0,Khulna,1,676,673,2,-1283.42,1,0,0,0
TXN101702,USER110,USER487,4771.63,2026-10-02T06:45:34.128862,17,DEVICE032,0,Sylhet,0,232,1000,2,1396.33,0,0,0,0
TXN103101,USER039,USER573,3065.02,2026-09-14T22:55:57.128862,9,DEVICE069,0,Dhaka,0,1152,738,1,-61.59,0,0,0,0
TXN103034,USER257,USER465,651.44,2026-09-08T11:19:32.128862,21,DEVICE105,0,Sylhet,0,616,874,1,-346.36,0,0,0,0
TXN200527,USER100,USER356,39439.67,2026-09-25T16:46:52.128862,3,DEVICE172,0,Chattogram,0,940,60,5,36315.56,1,0,0,1
TXN100196,USER023,USER013,1739.52,2026-09-18T23:08:37.128862,9,DEVICE105,0,Chattogram,0,1195,938,2,20.84,1,0,0,0
TXN100725,USER220,USER251,2029.47,2026-09-28T10:24:50.128862,20,DEVICE115,0,Dhaka,0,871,868,1,428.36,1,0,0,0
TXN103918,USER077,USER442,1949.98,2026-09-11T07:55:04.128862,18,DEVICE153,0,Sylhet,0,506,869,1,-1319.3,0,0,0,0
TXN101512,USER223,USER235,2912.56,2026-09-09T07:02:58.128862,17,DEVICE122,0,Sylhet,0,694,753,1,648.63,0,0,0,0
TXN102623,USER075,USER593,1217.66,2026-09-20T21:13:23.128862,7,DEVICE010,0,Sylhet,0,995,551,1,-1352.02,1,0,0,0
TXN104538,USER010,USER574,829.87,2026-09-15T06:19:44.128862,16,DEVICE011,0,Mymensingh,1,381,426,1,-50.58,1,0,0,0
TXN104695,USER065,USER416,2842.64,2026-09-04T06:21:56.128862,16,DEVICE103,0,Sylhet,0,917,526,3,-233.06,0,0,0,0
TXN101056,USER005,USER252,1705.76,2026-09-15T22:40:27.128862,8,DEVICE150,0,Sylhet,0,960,215,1,-1082.71,0,0,0,0
TXN200193,USER074,USER326,43926.58,2026-09-25T16:07:15.128862,2,DEVICE_ROGUE_979,1,Chattogram,1,1110,1,7,42276.95,1,1,4,1
TXN100887,USER228,USER014,3501.19,2026-09-07T23:49:09.128862,10,DEVICE164,0,Dhaka,0,190,237,1,398.85,0,0,1,0
TXN102698,USER283,USER093,3154.14,2026-09-26T23:32:45.128862,9,DEVICE140,0,Dhaka,0,761,366,1,641.7,0,0,0,0
TXN101092,USER110,USER171,4654.88,2026-09-30T11:02:58.128862,21,DEVICE032,0,Sylhet,0,232,512,1,1279.58,0,0,0,0
TXN200297,USER079,USER590,25758.28,2026-09-26T11:28:30.128862,21,DEVICE089,0,Dhaka,0,17,15,18,24243.1,1,1,0,1
TXN104125,USER289,USER220,2245.16,2026-09-06T03:44:00.128862,13,DEVICE112,0,Chattogram,0,328,467,1,301.51,0,0,0,0
TXN100568,USER067,USER081,1072.2,2026-09-28T02:35:20.128862,12,DEVICE138,0,Chattogram,0,92,835,1,-346.23,0,0,0,0
TXN100516,USER213,USER173,2629.83,2026-09-21T06:55:41.128862,17,DEVICE194,0,Chattogram,0,1025,196,1,601.31,1,0,0,0
TXN103628,USER211,USER206,1095.55,2026-09-18T01:05:44.128862,11,DEVICE153,0,Chattogram,0,958,834,1,-420.5,1,0,0,0
TXN200029,USER115,USER370,23021.43,2026-09-06T11:47:19.128862,22,DEVICE171,0,Chattogram,0,28,10,17,19757.33,1,1,0,1
TXN102149,USER127,USER404,1230.01,2026-09-22T10:12:21.128862,20,DEVICE276,1,Gazipur,1,1022,824,1,377.42,0,0,0,0
TXN100139,USER195,USER088,2487.33,2026-09-13T08:36:28.128862,18,DEVICE109,0,Sylhet,0,583,217,2,490.88,0,0,0,0
TXN201029,USER287,USER385,17766.69,2026-09-21T05:34:07.128862,15,DEVICE381,1,Dhaka,0,708,92,8,14682.21,1,1,2,1
TXN200474,USER283,USER082,15377.18,2026-09-15T00:32:55.128862,10,DEVICE301,1,Dhaka,0,761,20,15,12864.74,1,1,1,1
TXN102284,USER295,USER545,3488.62,2026-09-27T02:44:32.128862,12,DEVICE174,0,Dhaka,0,327,279,1,687.3,0,0,0,0
TXN200210,USER111,USER303,46477.55,2026-09-20T17:08:48.128862,3,DEVICE_ROGUE_973,1,Unknown,1,655,7,7,43312.75,1,1,2,1
TXN101149,USER103,USER331,3155.58,2026-09-05T22:42:14.128862,8,DEVICE111,0,Chattogram,0,589,310,2,514.96,0,0,0,0
TXN104048,USER079,USER379,1513.56,2026-09-07T01:55:08.128862,12,DEVICE089,0,Dhaka,0,358,190,1,-1.62,0,0,0,0
TXN102498,USER266,USER300,2357.94,2026-09-12T03:53:37.128862,14,DEVICE198,0,Sylhet,0,903,950,1,-341.62,0,0,0,0
TXN102273,USER201,USER043,2632.24,2026-09-25T19:19:40.128862,5,DEVICE238,1,Chattogram,0,1031,894,1,-784.05,0,0,0,0
TXN102526,USER145,USER142,1522.96,2026-09-16T12:28:58.128862,22,DEVICE114,0,Sylhet,0,295,699,2,-419.51,0,0,0,0
TXN100463,USER226,USER121,1644.2,2026-09-09T00:02:20.128862,10,DEVICE319,1,Chattogram,0,652,164,2,-733.08,0,0,0,0
TXN103307,USER022,USER284,2668.39,2026-09-04T08:15:27.128862,18,DEVICE144,0,Khulna,1,1114,149,3,-16.59,0,0,0,0
TXN103132,USER288,USER212,919.38,2026-09-19T03:57:38.128862,14,DEVICE070,0,Chattogram,0,926,257,1,-129.83,1,0,0,0
TXN200185,USER237,USER155,13529.61,2026-09-26T10:39:02.128862,20,DEVICE142,1,Chattogram,0,288,41,15,10325.83,1,1,1,1
TXN100594,USER155,USER517,1419.2,2026-09-17T08:27:47.128862,18,DEVICE073,0,Dhaka,0,1051,317,1,292.49,0,0,0,0
TXN103080,USER107,USER443,1263.4,2026-09-20T11:12:31.128862,21,DEVICE160,0,Dhaka,0,480,953,4,162.21,0,1,0,0
TXN101807,USER228,USER118,2757.25,2026-09-14T21:38:23.128862,7,DEVICE164,0,Dhaka,0,190,66,1,-345.09,1,0,0,0
TXN200336,USER269,USER426,41379.67,2026-09-19T18:41:23.128862,4,DEVICE006,0,Sylhet,0,898,266,4,38813.93,1,0,1,1
TXN100450,USER255,USER505,4566.06,2026-10-02T08:24:27.128862,18,DEVICE017,0,Sylhet,0,648,61,1,1070.23,1,0,0,0
TXN103043,USER035,USER094,961.08,2026-09-29T19:22:12.128862,5,DEVICE347,1,Sylhet,0,641,894,1,-860.96,1,0,0,0
TXN201026,USER104,USER468,24774.64,2026-09-30T19:11:00.128862,5,DEVICE247,1,Sylhet,0,1025,28,17,22524.82,1,1,2,1
TXN100518,USER244,USER130,4151.35,2026-09-23T23:02:46.128862,9,DEVICE082,0,Sylhet,0,274,238,1,827.64,0,0,1,0
TXN102522,USER143,USER145,2184.9,2026-09-24T23:03:44.128862,9,DEVICE083,0,Sylhet,0,1118,113,1,669.25,0,0,0,0
TXN100312,USER061,USER548,4326.03,2026-09-26T15:24:17.128862,1,DEVICE072,0,Dhaka,0,734,777,2,854.32,0,0,0,0
TXN201087,USER171,USER227,8446.51,2026-09-23T19:22:13.128862,5,DEVICE230,1,Sylhet,0,275,124,12,5120.62,1,1,2,1
TXN104483,USER135,USER387,939.32,2026-09-28T18:19:42.128862,4,DEVICE001,0,Dhaka,0,741,914,1,-91.94,0,0,0,0
TXN102647,USER279,USER103,1237.85,2026-09-13T06:03:30.128862,16,DEVICE108,0,Sylhet,0,311,626,2,-297.49,0,0,0,0
TXN103437,USER154,USER470,2321.03,2026-09-05T01:26:18.128862,11,DEVICE022,0,Sylhet,0,243,353,2,123.58,0,0,0,0
TXN101174,USER164,USER544,1849.08,2026-09-25T03:05:12.128862,13,DEVICE173,0,Chattogram,0,1089,218,1,-1395.55,0,0,0,0
TXN103532,USER300,USER305,3286.23,2026-09-23T23:23:45.128862,9,DEVICE033,0,Chattogram,0,885,333,1,101.84,0,0,0,0
TXN100451,USER061,USER213,4880.7,2026-09-17T08:11:15.128862,18,DEVICE072,0,Dhaka,0,734,712,1,1408.99,0,0,0,0
TXN200237,USER145,USER330,44526.67,2026-09-04T15:47:07.128862,2,DEVICE114,0,Sylhet,0,295,346,5,42584.2,1,0,1,1
TXN103424,USER282,USER503,1713.5,2026-09-19T22:52:20.128862,9,DEVICE189,0,Dhaka,0,141,665,1,363.79,0,0,0,0
TXN101112,USER096,USER023,2157.37,2026-09-23T02:14:50.128862,12,DEVICE176,0,Dhaka,0,1110,468,2,327.0,0,0,0,0
TXN200044,USER062,USER353,17763.38,2026-09-22T08:51:01.128862,19,DEVICE324,1,Dhaka,0,606,199,18,15235.38,1,1,1,1
TXN101578,USER084,USER060,4440.53,2026-09-18T07:41:21.128862,17,DEVICE131,0,Dhaka,0,149,481,1,1216.41,0,0,0,0
TXN100890,USER040,USER480,3348.07,2026-09-24T03:26:38.128862,13,DEVICE041,0,Dhaka,0,995,882,1,989.22,0,0,0,0
TXN101615,USER269,USER100,3173.13,2026-09-16T23:14:07.128862,9,DEVICE006,0,Gazipur,1,898,332,1,607.39,0,0,0,0
TXN104348,USER062,USER129,1804.6,2026-09-11T11:18:10.128862,21,DEVICE090,0,Dhaka,0,606,864,1,-723.4,0,0,0,0
TXN103979,USER298,USER040,783.32,2026-09-06T05:25:51.128862,15,DEVICE043,0,Chattogram,0,1190,470,2,-42.79,0,0,1,0
TXN200880,USER224,USER366,42096.76,2026-09-21T17:07:51.128862,3,DEVICE116,0,Dhaka,0,134,191,4,39277.23,1,0,0,1
TXN201039,USER127,USER440,46191.46,2026-09-04T16:03:39.128862,2,DEVICE_ROGUE_908,1,Sylhet,1,1022,15,6,45338.87,1,1,2,1
TXN102925,USER020,USER398,1053.39,2026-09-04T10:48:30.128862,21,DEVICE091,0,Chattogram,0,914,469,1,235.84,0,0,0,0
TXN101263,USER051,USER533,2048.82,2026-09-23T21:06:11.128862,7,DEVICE059,0,Dhaka,0,304,604,1,249.33,0,0,0,0
TXN200815,USER070,USER370,43582.64,2026-09-28T18:24:57.128862,4,DEVICE030,0,Chattogram,0,201,292,3,42059.74,1,0,1,1
TXN100999,USER016,USER179,3304.77,2026-09-26T00:13:37.128862,10,DEVICE175,0,Chattogram,0,989,629,1,1033.43,1,0,0,0
TXN103761,USER066,USER084,2518.94,2026-09-24T11:30:40.128862,21,DEVICE174,0,Dhaka,0,1143,816,3,-376.26,0,0,0,0
TXN101359,USER283,USER554,2537.22,2026-09-26T22:25:35.128862,8,DEVICE140,0,Dhaka,0,761,441,1,24.78,0,0,0,0
TXN201194,USER267,USER425,40110.16,2026-09-09T07:48:26.128862,18,DEVICE150,0,Chattogram,0,29,22,13,37658.63,1,1,0,1
TXN101476,USER055,USER057,1921.84,2026-09-25T10:53:57.128862,21,DEVICE050,0,Chattogram,0,1104,216,1,-627.86,0,0,0,0
TXN100192,USER090,USER123,1250.75,2026-09-07T16:29:13.128862,2,DEVICE012,0,Sylhet,0,280,595,1,323.54,0,0,0,0
TXN104692,USER116,USER225,2984.72,2026-09-15T01:10:28.128862,11,DEVICE105,0,Chattogram,0,95,124,1,-165.68,0,0,0,0
TXN200598,USER072,USER158,36617.43,2026-09-14T16:32:48.128862,2,DEVICE_ROGUE_925,1,Chattogram,1,1151,13,8,33271.57,1,1,2,1
TXN102792,USER101,USER002,756.54,2026-10-02T04:34:38.128862,14,DEVICE051,0,Chattogram,0,1078,554,1,-74.46,1,0,0,0
TXN200201,USER233,USER114,42454.91,2026-09-28T23:09:55.128862,9,DEVICE125,0,Chattogram,0,22,10,7,40048.32,1,1,0,1
TXN102407,USER014,USER423,1104.24,2026-09-16T08:31:47.128862,18,DEVICE092,0,Dhaka,0,719,664,1,-232.62,0,0,0,0
TXN200257,USER096,USER524,10789.06,2026-09-25T21:52:47.128862,8,DEVICE392,1,Dhaka,0,1110,34,15,8958.69,1,1,1,1
TXN101874,USER221,USER414,3950.86,2026-09-22T03:26:42.128862,13,DEVICE041,0,Sylhet,0,825,595,1,535.34,0,0,0,0
TXN200500,USER181,USER047,36869.31,2026-10-02T02:36:48.128862,12,DEVICE397,1,Chattogram,0,30,9,9,34100.81,1,1,0,1
TXN101338,USER072,USER156,3623.13,2026-09-08T21:30:28.128862,7,DEVICE046,0,Sylhet,0,1151,425,1,277.27,0,0,0,0
TXN103477,USER033,USER539,1937.23,2026-09-24T09:31:49.128862,19,DEVICE189,0,Chattogram,0,558,941,1,-310.59,0,0,0,0
TXN200042,USER004,USER335,22792.91,2026-09-07T06:38:08.128862,16,DEVICE009,1,Chattogram,0,495,30,20,21390.24,1,1,1,1
TXN103871,USER221,USER429,5011.01,2026-09-21T05:44:16.128862,15,DEVICE041,0,Sylhet,0,825,497,1,1595.49,1,0,0,0
TXN102805,USER063,USER027,2094.37,2026-09-27T08:50:32.128862,19,DEVICE392,1,Chattogram,0,752,992,1,-209.39,0,0,0,0
TXN201099,USER134,USER033,40568.68,2026-09-06T16:57:12.128862,3,DEVICE141,0,Chattogram,0,179,282,5,37211.92,1,0,1,1
TXN101293,USER102,USER155,1224.13,2026-09-18T02:01:08.128862,12,DEVICE094,0,Sylhet,0,1057,558,1,-1521.82,0,0,0,0
TXN200485,USER114,USER343,35426.25,2026-09-03T17:07:52.128862,3,DEVICE_ROGUE_948,1,Unknown,1,1129,14,5,34143.89,1,1,3,1
TXN104512,USER017,USER171,2032.32,2026-09-29T07:08:50.128862,17,DEVICE064,0,Chattogram,0,344,103,2,637.13,1,0,0,0
TXN200817,USER240,USER485,25313.73,2026-09-04T18:42:37.128862,4,DEVICE_ROGUE_998,1,Chattogram,1,992,8,6,22841.4,1,1,3,1
TXN103519,USER169,USER323,1458.03,2026-09-27T23:35:09.128862,9,DEVICE007,0,Chattogram,0,678,471,2,79.59,0,0,0,0
TXN102664,USER194,USER529,3304.35,2026-09-17T11:13:50.128862,21,DEVICE200,0,Sylhet,0,873,527,2,11.53,1,0,0,0
TXN101907,USER063,USER439,2932.1,2026-09-15T08:45:05.128862,18,DEVICE219,1,Chattogram,0,752,549,1,628.34,0,0,0,0
TXN103758,USER299,USER309,883.14,2026-09-22T12:00:39.128862,22,DEVICE120,0,Sylhet,0,367,316,1,-120.02,0,0,1,0
TXN104153,USER151,USER103,4075.9,2026-10-01T00:36:28.128862,10,DEVICE189,0,Dhaka,1,385,450,1,589.0,0,0,0,0
TXN100368,USER090,USER292,1109.37,2026-09-25T01:17:44.128862,11,DEVICE012,0,Sylhet,0,280,140,1,182.16,0,0,0,0
TXN101937,USER161,USER534,1171.21,2026-09-27T01:09:53.128862,11,DEVICE024,0,Chattogram,0,1182,468,1,179.53,0,0,0,0
TXN103573,USER256,USER045,3510.38,2026-09-04T02:16:30.128862,12,DEVICE107,0,Chattogram,0,426,344,1,20.92,0,0,0,0
TXN101151,USER237,USER072,2633.36,2026-09-04T15:28:56.128862,1,DEVICE113,0,Chattogram,0,288,541,1,-570.42,0,0,0,0
TXN200121,USER106,USER034,10926.11,2026-09-15T08:44:23.128862,18,DEVICE078,1,Chattogram,0,875,63,16,8395.51,1,1,1,1
TXN104012,USER029,USER417,3141.22,2026-09-10T01:09:09.128862,11,DEVICE046,0,Dhaka,0,750,437,1,52.99,0,0,0,0
TXN102351,USER112,USER103,1936.08,2026-09-14T00:25:15.128862,10,DEVICE077,0,Sylhet,0,939,510,2,424.93,0,0,1,0
TXN104051,USER239,USER238,1993.96,2026-09-06T06:33:34.128862,16,DEVICE183,0,Dhaka,0,722,494,1,-411.24,1,0,0,0
TXN200860,USER086,USER333,16421.94,2026-09-27T11:04:14.128862,21,DEVICE099,0,Dhaka,0,28,17,13,15029.77,1,1,0,1
TXN103555,USER249,USER333,2608.95,2026-09-21T01:06:13.128862,11,DEVICE060,0,Dhaka,0,501,159,1,-4.61,0,0,0,0
TXN101872,USER184,USER190,1320.52,2026-09-28T19:46:04.128862,6,DEVICE127,0,Chattogram,0,857,505,2,254.79,0,0,0,0
TXN201102,USER167,USER433,9846.1,2026-10-01T11:48:51.128862,22,DEVICE273,1,Sylhet,0,230,49,10,8403.49,1,1,1,1
TXN100191,USER123,USER060,3638.41,2026-10-02T23:12:20.128862,9,DEVICE050,0,Chattogram,0,1081,376,1,736.12,0,0,0,0
TXN102440,USER263,USER456,1571.08,2026-09-07T08:41:13.128862,18,DEVICE327,1,Chattogram,0,244,481,1,-226.64,0,0,0,0
TXN100108,USER002,USER224,762.03,2026-09-05T05:12:35.128862,15,DEVICE140,0,Sylhet,0,568,121,1,-105.5,0,0,0,0
TXN100174,USER189,USER466,1278.42,2026-09-14T11:22:13.128862,21,DEVICE177,0,Sylhet,0,933,155,1,-35.14,0,0,0,0
TXN103169,USER011,USER458,1352.47,2026-09-10T19:16:46.128862,5,DEVICE079,0,Chattogram,0,236,584,2,-37.85,0,0,0,0
TXN103352,USER287,USER365,3727.04,2026-09-13T08:37:00.128862,18,DEVICE057,0,Rangpur,1,708,837,2,642.56,0,0,0,0
TXN103834,USER002,USER053,449.49,2026-09-15T10:10:27.128862,20,DEVICE082,1,Sylhet,0,568,501,2,-418.04,0,0,0,0
TXN101598,USER173,USER525,2564.73,2026-09-06T05:26:18.128862,15,DEVICE157,0,Chattogram,0,291,618,2,488.52,0,0,0,0
TXN101360,USER150,USER152,2057.23,2026-09-28T09:41:44.128862,19,DEVICE122,0,Dhaka,0,121,502,1,415.6,1,0,0,0
TXN102103,USER096,USER167,1672.2,2026-09-07T12:10:50.128862,22,DEVICE197,1,Dhaka,0,1110,841,3,-158.17,0,0,0,0
TXN200419,USER026,USER325,23630.39,2026-09-16T23:09:07.128862,9,DEVICE087,1,Chattogram,0,6,28,13,21921.58,1,1,0,1
TXN201040,USER278,USER497,40305.08,2026-09-20T16:12:33.128862,2,DEVICE100,0,Chattogram,0,850,50,2,38011.38,1,0,1,1
TXN200243,USER217,USER283,30281.36,2026-09-09T17:10:07.128862,3,DEVICE_ROGUE_912,1,Sylhet,1,1079,14,9,27980.79,1,1,4,1
TXN103580,USER113,USER591,2471.31,2026-09-30T09:36:46.128862,19,DEVICE130,0,Sylhet,0,786,223,1,319.73,1,0,0,0
TXN101164,USER104,USER373,2752.07,2026-09-16T06:25:19.128862,16,DEVICE018,0,Sylhet,0,1025,337,1,502.25,0,0,0,0
TXN103678,USER230,USER026,4704.94,2026-09-13T00:19:56.128862,10,DEVICE197,0,Chattogram,0,676,733,3,1310.84,0,0,0,0
TXN200484,USER159,USER279,48074.08,2026-09-29T17:42:11.128862,3,DEVICE159,0,Sylhet,0,254,35,2,46652.77,1,0,0,1
TXN101661,USER221,USER437,2911.15,2026-09-04T09:11:27.128862,19,DEVICE041,0,Sylhet,0,825,603,1,-504.37,0,0,0,0
TXN100508,USER021,USER394,3527.78,2026-09-13T06:29:37.128862,16,DEVICE200,0,Chattogram,0,647,427,2,552.07,0,0,0,0
TXN100166,USER262,USER116,3478.79,2026-09-12T05:34:47.128862,15,DEVICE016,0,Chattogram,0,1049,902,1,304.76,0,0,0,0
TXN102787,USER163,USER287,877.26,2026-09-05T23:52:46.128862,10,DEVICE061,0,Dhaka,0,738,605,1,-540.88,0,0,0,0
TXN200721,USER065,USER475,48329.36,2026-09-16T17:24:05.128862,3,DEVICE_ROGUE_919,1,Coxs Bazar,1,917,15,6,45253.66,1,1,4,1
TXN102254,USER160,USER121,1128.96,2026-09-04T04:33:28.128862,14,DEVICE086,0,Chattogram,0,762,619,1,-265.63,1,0,0,0
TXN103961,USER238,USER584,1282.76,2026-09-18T21:20:53.128862,7,DEVICE020,0,Chattogram,0,170,873,2,-182.02,1,0,0,0
TXN100103,USER152,USER377,1637.63,2026-09-11T05:53:43.128862,16,DEVICE044,0,Chattogram,0,929,680,1,-917.04,0,0,0,0
TXN102412,USER227,USER407,2640.76,2026-09-23T22:03:06.128862,8,DEVICE064,0,Dhaka,0,106,911,2,483.06,0,0,0,0
TXN200125,USER127,USER202,35835.38,2026-09-26T16:09:52.128862,2,DEVICE174,0,Sylhet,0,1022,182,5,34982.79,1,0,0,1
TXN200081,USER186,USER389,38815.0,2026-09-11T00:46:13.128862,11,DEVICE031,1,Chattogram,0,9,13,7,37098.88,1,1,0,1
TXN101752,USER047,USER231,755.44,2026-09-04T12:36:41.128862,22,DEVICE052,0,Chattogram,0,802,688,2,-317.26,0,0,0,0
TXN200554,USER005,USER037,24539.4,2026-09-16T03:42:26.128862,13,DEVICE254,1,Sylhet,0,15,21,18,21750.93,1,1,0,1
TXN200303,USER188,USER296,42986.02,2026-09-05T17:25:06.128862,3,DEVICE168,0,Dhaka,0,1177,169,3,41514.65,1,0,1,1
TXN101658,USER061,USER146,4070.99,2026-09-17T00:44:35.128862,10,DEVICE072,0,Dhaka,0,734,456,1,599.28,0,0,0,0
TXN100152,USER205,USER340,2248.14,2026-09-17T11:51:13.128862,22,DEVICE117,0,Sylhet,0,679,824,6,136.91,0,1,0,0
TXN102586,USER201,USER164,5049.28,2026-09-22T16:44:16.128862,2,DEVICE013,0,Chattogram,0,1031,677,3,1632.99,0,0,0,0
TXN101583,USER041,USER168,1945.56,2026-09-06T14:00:01.128862,0,DEVICE180,0,Dhaka,0,659,745,1,-756.78,0,0,0,0
TXN102177,USER115,USER114,2528.55,2026-09-30T23:41:25.128862,9,DEVICE171,0,Chattogram,0,637,718,1,-735.55,0,0,0,0
TXN201169,USER065,USER156,24167.57,2026-09-23T06:49:49.128862,17,DEVICE340,1,Sylhet,0,917,18,19,21091.87,1,1,2,1
TXN200089,USER248,USER009,10420.61,2026-09-11T12:26:58.128862,22,DEVICE190,1,Dhaka,0,449,155,19,8551.99,1,1,1,1
TXN102114,USER191,USER577,1335.18,2026-09-07T03:06:36.128862,13,DEVICE193,0,Chattogram,0,438,714,1,-603.9,1,0,0,0
TXN102646,USER118,USER063,3262.35,2026-10-03T02:00:24.128862,12,DEVICE104,0,Sylhet,0,701,375,1,737.19,0,0,0,0
TXN101822,USER021,USER163,2425.38,2026-09-20T04:58:20.128862,15,DEVICE200,0,Rajshahi,1,647,922,1,-550.33,0,0,0,0
TXN200269,USER216,USER372,39641.94,2026-09-13T15:53:58.128862,2,DEVICE185,0,Sylhet,0,877,179,4,36154.3,1,0,0,1
TXN103126,USER015,USER505,3765.07,2026-09-24T21:05:46.128862,7,DEVICE054,0,Dhaka,0,681,653,1,1210.38,0,0,0,0
TXN100309,USER034,USER216,2737.83,2026-09-28T05:59:08.128862,16,DEVICE086,0,Dhaka,0,132,270,1,-689.58,0,0,0,0
TXN200991,USER111,USER487,9366.31,2026-09-20T04:52:32.128862,15,DEVICE213,1,Chattogram,0,655,184,16,6201.51,1,1,2,1
TXN102431,USER147,USER174,2236.55,2026-09-07T22:52:35.128862,9,DEVICE173,0,Rajshahi,1,294,144,2,-19.55,0,0,0,0
TXN102570,USER261,USER298,4327.75,2026-09-27T23:41:54.128862,9,DEVICE107,0,Sylhet,0,325,634,1,1149.42,0,0,0,0
TXN100495,USER273,USER363,3232.05,2026-09-17T11:25:11.128862,21,DEVICE123,0,Sylhet,0,343,336,1,640.9,0,0,0,0
TXN100205,USER140,USER240,684.84,2026-09-09T19:54:02.128862,6,DEVICE149,0,Chattogram,0,1104,168,1,-461.82,1,0,0,0
TXN101434,USER085,USER506,2203.74,2026-09-24T21:15:04.128862,7,DEVICE030,0,Sylhet,0,580,441,1,325.36,0,0,0,0
TXN101135,USER026,USER384,1587.85,2026-09-10T05:34:12.128862,15,DEVICE040,0,Chattogram,0,254,856,2,-120.96,1,0,0,0
TXN100868,USER126,USER466,2143.19,2026-09-16T09:51:59.128862,20,DEVICE098,0,Chattogram,0,862,887,1,467.97,1,0,0,0
TXN100305,USER151,USER224,4415.71,2026-09-23T11:18:43.128862,21,DEVICE189,0,Sylhet,0,385,724,2,928.81,1,0,0,0
TXN101849,USER079,USER450,1435.51,2026-09-06T10:47:12.128862,21,DEVICE089,0,Dhaka,0,358,591,1,-79.67,0,0,0,0
TXN102236,USER018,USER292,2187.0,2026-09-22T06:49:26.128862,17,DEVICE171,0,Cumilla,1,1049,891,3,-204.02,0,0,0,0
TXN101988,USER094,USER438,1970.03,2026-09-20T11:15:45.128862,21,DEVICE134,0,Sylhet,0,330,995,1,30.2,0,0,0,0
TXN201167,USER152,USER239,47654.79,2026-09-24T22:39:11.128862,8,DEVICE009,1,Chattogram,0,11,6,16,45100.12,1,1,0,1
TXN101534,USER271,USER442,2931.86,2026-09-12T23:34:29.128862,9,DEVICE148,0,Dhaka,0,631,901,2,-74.32,0,0,0,0
TXN100843,USER246,USER273,1558.15,2026-09-18T21:20:44.128862,7,DEVICE021,0,Sylhet,0,759,392,2,-1175.57,0,0,0,0
TXN101987,USER272,USER223,1014.67,2026-10-01T02:35:17.128862,12,DEVICE098,0,Sylhet,0,1188,719,2,-593.65,0,0,0,0
TXN200795,USER294,USER448,37286.35,2026-09-10T15:30:33.128862,1,DEVICE_ROGUE_912,1,Unknown,1,1098,3,7,35779.07,1,1,2,1
TXN103841,USER107,USER415,1361.08,2026-09-05T00:18:05.128862,10,DEVICE160,0,Dhaka,0,480,743,1,259.89,0,0,0,0
TXN102536,USER280,USER401,2950.18,2026-09-06T06:04:55.128862,16,DEVICE138,0,Dhaka,0,568,387,1,517.14,1,0,1,0
TXN200480,USER055,USER585,28744.24,2026-09-19T18:21:39.128862,4,DEVICE_ROGUE_906,1,Coxs Bazar,1,1104,12,10,26194.54,1,1,4,1
TXN101538,USER116,USER112,3073.35,2026-09-21T01:29:45.128862,11,DEVICE105,0,Chattogram,0,95,342,1,-77.05,0,0,0,0
TXN100211,USER170,USER126,1112.2,2026-09-17T18:48:23.128862,5,DEVICE012,0,Sylhet,0,555,801,1,-45.04,0,0,1,0
TXN101957,USER071,USER332,1553.52,2026-09-13T03:24:45.128862,13,DEVICE067,0,Chattogram,0,474,226,1,183.87,0,0,0,0
TXN103721,USER170,USER039,1078.08,2026-09-27T09:42:39.128862,19,DEVICE012,0,Sylhet,0,555,852,1,-79.16,0,0,0,0
TXN104704,USER136,USER242,2115.26,2026-09-24T01:23:06.128862,11,DEVICE078,0,Chattogram,0,1058,298,1,3.09,0,0,0,0
TXN102707,USER022,USER057,3672.0,2026-09-21T12:50:05.128862,23,DEVICE144,0,Chattogram,0,1114,325,1,987.02,1,0,0,0
TXN101349,USER168,USER469,3407.15,2026-09-23T12:33:23.128862,22,DEVICE038,0,Dhaka,0,570,671,2,800.91,0,0,0,0
TXN104308,USER252,USER082,2405.98,2026-09-30T07:34:50.128862,17,DEVICE040,0,Dhaka,0,839,297,2,-424.05,0,0,1,0
TXN104587,USER271,USER545,3636.11,2026-09-09T09:49:29.128862,20,DEVICE148,0,Dhaka,0,631,121,2,629.93,0,0,0,0
TXN100680,USER068,USER142,830.53,2026-09-18T04:33:41.128862,14,DEVICE085,0,Sylhet,0,1036,805,1,-56.14,0,0,0,0
TXN100180,USER245,USER080,1258.57,2026-09-10T22:18:56.128862,8,DEVICE139,0,Barishal,1,694,896,1,-92.93,1,0,0,0
TXN103757,USER184,USER480,1016.47,2026-09-13T21:09:06.128862,7,DEVICE127,0,Chattogram,0,857,940,1,-49.26,0,0,0,0
TXN102226,USER232,USER511,1723.43,2026-09-14T23:02:58.128862,9,DEVICE134,0,Chattogram,0,811,262,1,421.7,0,0,0,0
TXN103290,USER269,USER404,2747.5,2026-10-02T21:10:02.128862,7,DEVICE006,0,Sylhet,0,898,905,1,181.76,0,0,0,0
TXN100278,USER248,USER583,1576.73,2026-09-09T07:24:37.128862,17,DEVICE039,0,Dhaka,0,449,943,1,-291.89,0,0,0,0
TXN100289,USER174,USER111,3307.06,2026-09-05T08:44:53.128862,18,DEVICE197,0,Sylhet,0,295,850,1,388.59,0,0,0,0
TXN104728,USER209,USER069,1614.19,2026-09-11T00:05:08.128862,10,DEVICE136,0,Chattogram,0,797,976,1,-209.04,0,0,0,0
TXN100993,USER269,USER400,2918.09,2026-09-09T04:26:22.128862,14,DEVICE006,0,Sylhet,0,898,407,2,352.35,0,0,0,0
TXN200290,USER029,USER110,26316.02,2026-09-17T17:09:16.128862,3,DEVICE_ROGUE_937,1,Chattogram,1,750,13,7,23227.79,1,1,3,1
TXN200238,USER186,USER503,21201.22,2026-09-22T20:32:30.128862,6,DEVICE135,1,Chattogram,0,388,182,12,19485.1,1,1,2,1
TXN104712,USER101,USER535,898.95,2026-09-06T06:57:45.128862,17,DEVICE051,0,Chattogram,0,1078,799,1,67.95,1,0,0,0
TXN200006,USER063,USER290,9946.15,2026-09-27T19:53:47.128862,6,DEVICE232,1,Chattogram,0,752,79,18,7642.39,1,1,1,1
TXN100270,USER267,USER277,3772.44,2026-09-26T05:53:39.128862,16,DEVICE150,0,Chattogram,0,839,796,1,1320.91,0,0,0,0
TXN102304,USER040,USER264,1855.97,2026-09-26T05:17:40.128862,15,DEVICE379,1,Dhaka,0,995,382,1,-502.88,0,0,1,0
TXN200095,USER298,USER212,36037.84,2026-09-30T16:46:46.128862,3,DEVICE043,0,Chattogram,0,1190,266,5,35211.73,1,0,1,1
TXN201032,USER055,USER389,17539.19,2026-10-03T12:57:52.128862,23,DEVICE210,1,Chattogram,0,1104,187,14,14989.49,1,1,1,1
TXN201005,USER120,USER366,27050.2,2026-09-16T18:24:28.128862,4,DEVICE_ROGUE_998,1,Coxs Bazar,1,394,15,11,25837.53,1,1,2,1
TXN100111,USER179,USER122,2356.5,2026-09-20T22:10:46.128862,8,DEVICE148,0,Sylhet,0,184,914,3,412.84,1,0,1,0
TXN101391,USER294,USER141,1627.72,2026-09-06T03:29:44.128862,13,DEVICE172,0,Dhaka,0,1098,691,1,120.44,0,0,0,0
TXN100220,USER104,USER134,2352.11,2026-09-09T01:44:04.128862,11,DEVICE018,0,Sylhet,0,1025,82,1,102.29,1,0,0,0
TXN200403,USER276,USER146,37882.05,2026-10-01T18:05:45.128862,4,DEVICE_ROGUE_927,1,Sylhet,1,626,2,7,36770.39,1,1,3,1
TXN100083,USER261,USER546,3243.39,2026-09-22T03:04:43.128862,13,DEVICE107,0,Sylhet,0,325,749,1,65.06,1,0,0,0
TXN103433,USER055,USER062,2882.65,2026-09-06T07:46:32.128862,18,DEVICE050,0,Chattogram,0,1104,826,2,332.95,0,0,0,0
TXN100461,USER268,USER119,3494.52,2026-10-02T13:47:56.128862,0,DEVICE179,0,Chattogram,0,274,401,3,28.99,0,0,0,0
TXN200471,USER178,USER583,43598.62,2026-09-14T12:07:40.128862,22,DEVICE162,0,Sylhet,0,9,13,10,41634.78,1,1,0,1
TXN100551,USER100,USER598,2770.12,2026-09-29T04:45:02.128862,14,DEVICE172,0,Cumilla,1,940,929,1,-353.99,0,0,0,0
TXN200240,USER209,USER329,17694.66,2026-09-14T03:47:58.128862,14,DEVICE281,1,Chattogram,0,797,123,10,15871.43,1,1,2,1
TXN104694,USER185,USER501,2561.48,2026-09-10T07:38:08.128862,17,DEVICE103,0,Chattogram,0,972,63,2,674.4,0,0,0,0
TXN102765,USER139,USER500,1783.74,2026-09-16T00:19:34.128862,10,DEVICE111,0,Chattogram,0,401,279,1,-1084.01,0,0,0,0
TXN200365,USER195,USER394,47223.51,2026-09-22T04:07:04.128862,14,DEVICE109,0,Sylhet,0,30,11,9,45227.06,1,1,0,1
TXN102952,USER034,USER424,1874.8,2026-09-17T09:02:13.128862,19,DEVICE086,0,Dhaka,0,132,860,1,-1552.61,0,0,0,0
TXN100650,USER243,USER120,2257.09,2026-09-24T03:07:41.128862,13,DEVICE086,0,Khulna,1,359,803,1,45.58,1,0,0,0
TXN100708,USER033,USER100,2391.27,2026-09-16T18:36:14.128862,4,DEVICE189,0,Chattogram,0,558,402,1,143.45,0,0,0,0
TXN104743,USER099,USER270,3757.3,2026-09-15T20:51:54.128862,7,DEVICE189,0,Dhaka,0,649,70,1,335.39,0,0,0,0
TXN102409,USER101,USER473,1126.96,2026-09-10T20:46:44.128862,7,DEVICE051,0,Chattogram,0,1078,448,1,295.96,1,0,0,0
TXN102414,USER154,USER012,2472.78,2026-09-29T23:21:29.128862,9,DEVICE022,0,Sylhet,0,243,743,1,275.33,1,0,0,0
TXN101424,USER072,USER310,2458.12,2026-09-08T01:47:10.128862,12,DEVICE046,0,Sylhet,0,1151,558,1,-887.74,0,0,0,0
TXN101216,USER259,USER187,1590.38,2026-10-02T02:17:25.128862,12,DEVICE139,0,Sylhet,0,694,854,1,74.34,1,0,0,0
TXN104576,USER205,USER600,2481.01,2026-10-02T10:14:31.128862,20,DEVICE117,0,Rangpur,1,679,905,1,369.78,0,0,0,0
TXN101924,USER006,USER384,1933.52,2026-09-16T06:34:45.128862,16,DEVICE142,0,Sylhet,0,325,844,2,-693.57,0,0,0,0
TXN200109,USER193,USER349,38564.33,2026-09-20T11:14:39.128862,21,DEVICE028,0,Sylhet,0,8,28,10,37089.85,1,1,0,1
TXN102683,USER123,USER293,2910.91,2026-09-26T09:06:21.128862,19,DEVICE050,0,Chattogram,0,1081,516,1,8.62,0,0,0,0
TXN100314,USER016,USER486,2365.86,2026-09-10T21:54:00.128862,8,DEVICE175,0,Chattogram,0,989,618,2,94.52,0,0,0,0
TXN102728,USER046,USER101,961.48,2026-10-01T07:57:48.128862,18,DEVICE057,0,Dhaka,0,1052,553,1,-467.06,0,0,0,0
TXN101427,USER246,USER070,3863.85,2026-09-10T01:05:12.128862,11,DEVICE021,0,Chattogram,1,759,209,1,1130.13,0,0,0,0
TXN200274,USER001,USER209,24076.8,2026-09-30T23:39:42.128862,9,DEVICE244,1,Sylhet,0,9,10,9,21550.35,1,1,0,1
TXN104753,USER070,USER480,1611.05,2026-09-11T21:57:14.128862,8,DEVICE030,0,Chattogram,0,201,569,1,88.15,0,0,0,0
TXN104119,USER054,USER230,3436.2,2026-09-13T06:26:40.128862,16,DEVICE169,0,Chattogram,0,933,707,1,107.23,1,0,0,0
TXN103864,USER088,USER108,1952.02,2026-09-04T20:15:29.128862,6,DEVICE049,0,Sylhet,0,118,767,1,-223.7,0,0,0,0
TXN103214,USER207,USER266,1379.26,2026-09-18T02:13:00.128862,12,DEVICE119,0,Dhaka,0,241,819,2,-503.55,0,0,0,0
TXN104414,USER280,USER597,1612.1,2026-09-30T06:45:56.128862,17,DEVICE138,0,Dhaka,0,568,586,1,-820.94,0,0,0,0
TXN103827,USER075,USER476,1690.06,2026-09-06T21:27:46.128862,7,DEVICE010,0,Sylhet,0,995,224,4,-879.62,0,1,0,0
TXN201199,USER137,USER593,39657.28,2026-09-30T17:43:54.128862,3,DEVICE_ROGUE_984,1,Coxs Bazar,1,870,8,6,38670.41,1,1,4,1
TXN102525,USER194,USER537,2365.5,2026-09-10T09:04:02.128862,19,DEVICE200,0,Barishal,1,873,215,1,-927.32,1,0,0,0
TXN100684,USER093,USER020,1701.87,2026-09-10T00:01:06.128862,10,DEVICE001,0,Sylhet,0,1035,514,2,-1236.74,1,0,0,0
TXN104394,USER254,USER249,3123.38,2026-09-13T21:42:23.128862,7,DEVICE055,0,Dhaka,0,1117,794,1,1086.01,0,0,0,0
TXN102521,USER247,USER517,909.59,2026-09-10T09:46:02.128862,20,DEVICE036,0,Chattogram,1,940,209,1,-534.86,1,0,0,0
TXN102908,USER018,USER598,3141.26,2026-09-29T04:57:39.128862,15,DEVICE171,0,Chattogram,0,1049,460,4,750.24,0,1,0,0
TXN102389,USER018,USER055,2307.77,2026-09-04T21:56:45.128862,8,DEVICE171,0,Chattogram,0,1049,722,1,-83.25,0,0,0,0
TXN100326,USER085,USER527,1635.31,2026-09-08T21:56:49.128862,8,DEVICE030,0,Sylhet,0,580,209,2,-243.07,0,0,0,0
TXN200213,USER030,USER376,44963.45,2026-09-07T13:31:54.128862,23,DEVICE_ROGUE_959,1,Chattogram,1,602,4,7,42533.39,1,1,2,1
TXN102592,USER239,USER190,2391.71,2026-09-06T04:52:58.128862,15,DEVICE183,0,Dhaka,0,722,826,3,-13.49,0,0,0,0
TXN200385,USER181,USER475,41057.96,2026-09-29T16:44:08.128862,2,DEVICE184,0,Chattogram,0,204,262,2,38289.46,1,0,0,1
TXN102927,USER127,USER416,556.36,2026-09-04T07:49:11.128862,18,DEVICE174,0,Sylhet,0,1022,64,3,-296.23,0,0,0,0
TXN104050,USER300,USER317,3385.95,2026-09-15T02:47:48.128862,13,DEVICE033,0,Chattogram,0,885,577,3,201.56,0,0,0,0
TXN201006,USER277,USER048,17161.05,2026-09-11T02:06:55.128862,12,DEVICE018,1,Dhaka,0,870,131,8,16072.05,1,1,2,1
TXN103785,USER068,USER577,1022.49,2026-10-01T00:01:50.128862,10,DEVICE085,0,Sylhet,0,1036,932,1,135.82,0,0,0,0
TXN100348,USER266,USER293,1869.53,2026-09-28T23:23:45.128862,9,DEVICE198,0,Sylhet,0,903,233,2,-830.03,0,0,0,0
TXN101626,USER252,USER148,2291.32,2026-10-01T03:30:12.128862,13,DEVICE040,0,Dhaka,0,839,712,1,-538.71,0,0,0,0
TXN104410,USER104,USER270,1457.01,2026-09-05T01:09:55.128862,11,DEVICE018,0,Sylhet,0,1025,797,4,-792.81,1,1,0,0
TXN100871,USER289,USER455,1478.56,2026-09-13T09:06:43.128862,19,DEVICE112,0,Khulna,1,328,702,1,-465.09,0,0,1,0
TXN103358,USER222,USER249,1864.18,2026-09-05T02:57:11.128862,13,DEVICE343,1,Chattogram,0,695,616,1,-499.61,0,0,0,0
TXN102339,USER140,USER556,1079.02,2026-09-18T05:48:55.128862,16,DEVICE149,0,Chattogram,0,1104,537,1,-67.64,0,0,0,0
TXN104703,USER068,USER058,753.82,2026-09-06T15:57:21.128862,2,DEVICE085,0,Sylhet,0,1036,235,1,-132.85,0,0,0,0
TXN102121,USER220,USER257,1330.39,2026-09-17T22:27:10.128862,8,DEVICE115,0,Dhaka,0,871,549,2,-270.72,0,0,0,0
TXN103927,USER039,USER165,3383.48,2026-10-02T10:04:10.128862,20,DEVICE069,0,Dhaka,0,1152,492,1,256.87,0,0,0,0
TXN100085,USER088,USER537,2219.34,2026-09-23T06:35:06.128862,16,DEVICE049,0,Sylhet,0,118,308,1,43.62,1,0,0,0
TXN102818,USER290,USER467,2102.26,2026-09-15T22:28:49.128862,8,DEVICE125,0,Sylhet,0,376,334,1,555.22,0,0,0,0
TXN101877,USER107,USER586,1005.96,2026-09-26T10:29:32.128862,20,DEVICE160,0,Dhaka,0,480,705,2,-95.23,0,0,0,0
TXN200889,USER112,USER062,43424.56,2026-09-15T16:20:38.128862,2,DEVICE077,0,Sylhet,0,939,343,3,41913.41,1,0,1,1
TXN104085,USER168,USER263,3564.46,2026-09-12T19:22:55.128862,5,DEVICE038,0,Dhaka,0,570,760,3,958.22,0,0,0,0
TXN102375,USER203,USER370,4251.43,2026-09-13T01:54:08.128862,12,DEVICE064,0,Sylhet,0,109,172,1,1159.95,0,0,0,0
TXN100494,USER223,USER013,2191.19,2026-09-29T00:13:37.128862,10,DEVICE122,0,Sylhet,0,694,759,1,-72.74,0,0,0,0
TXN102966,USER106,USER213,2918.71,2026-09-03T18:19:15.128862,4,DEVICE085,0,Chattogram,0,875,92,1,388.11,0,0,0,0
TXN103109,USER014,USER290,1128.03,2026-09-19T10:24:11.128862,20,DEVICE092,0,Dhaka,0,719,992,1,-208.83,0,0,0,0
TXN102759,USER299,USER038,1158.99,2026-09-15T03:05:32.128862,13,DEVICE120,0,Sylhet,0,367,872,1,155.83,0,0,0,0
TXN101270,USER060,USER298,2598.0,2026-09-10T14:28:05.128862,0,DEVICE198,0,Sylhet,0,270,241,3,773.47,0,0,0,0
TXN102654,USER292,USER356,3108.58,2026-09-20T23:09:18.128862,9,DEVICE100,0,Chattogram,0,166,126,1,226.56,0,0,0,0
TXN102633,USER124,USER079,2927.98,2026-10-01T03:18:34.128862,13,DEVICE108,0,Dhaka,1,796,377,2,696.03,0,0,0,0
TXN200154,USER216,USER370,18540.89,2026-09-22T08:13:38.128862,18,DEVICE039,1,Sylhet,0,877,162,14,15053.25,1,1,2,1
TXN100618,USER067,USER442,1253.67,2026-09-23T08:59:05.128862,19,DEVICE138,0,Chattogram,0,92,488,1,-164.76,1,0,0,0
TXN200330,USER075,USER112,47456.07,2026-09-30T18:05:03.128862,4,DEVICE_ROGUE_902,1,Sylhet,1,995,14,10,44886.39,1,1,3,1
TXN102629,USER049,USER173,3069.4,2026-09-15T05:38:35.128862,15,DEVICE090,0,Dhaka,0,772,947,1,553.05,0,0,0,0
TXN102826,USER015,USER387,3125.14,2026-09-12T05:30:27.128862,15,DEVICE054,0,Gazipur,1,681,412,1,570.45,0,0,0,0
TXN200427,USER125,USER503,22185.06,2026-09-13T01:41:53.128862,11,DEVICE325,1,Dhaka,0,9,14,7,21383.52,1,1,0,1
TXN102229,USER096,USER538,2297.13,2026-09-09T01:11:49.128862,11,DEVICE176,0,Rangpur,1,1110,467,3,466.76,1,0,0,0
TXN200232,USER169,USER283,20814.47,2026-09-11T07:42:53.128862,17,DEVICE307,1,Chattogram,0,678,71,19,19436.03,1,1,2,1
TXN101413,USER269,USER262,2349.45,2026-09-13T02:55:07.128862,13,DEVICE006,0,Sylhet,0,898,250,1,-216.29,0,0,0,0
TXN102201,USER096,USER063,844.84,2026-09-16T08:33:23.128862,18,DEVICE176,0,Dhaka,0,1110,977,1,-985.53,0,0,0,0
TXN200163,USER101,USER357,15586.07,2026-09-10T16:44:53.128862,2,DEVICE360,1,Chattogram,0,1078,101,12,14755.07,1,1,1,1
TXN104477,USER131,USER473,2209.75,2026-10-02T04:36:01.128862,14,DEVICE146,0,Chattogram,0,874,183,1,579.46,0,0,0,0
TXN100869,USER197,USER022,3113.65,2026-09-03T21:34:06.128862,7,DEVICE046,0,Rajshahi,1,383,848,2,827.77,1,0,0,0
TXN102006,USER114,USER383,1500.48,2026-09-29T21:27:33.128862,7,DEVICE080,0,Chattogram,0,1129,81,1,218.12,0,0,0,0
TXN104147,USER279,USER573,1415.08,2026-09-29T08:00:47.128862,18,DEVICE228,1,Sylhet,0,311,725,1,-120.26,0,0,0,0
TXN100356,USER098,USER511,2269.95,2026-09-11T07:32:28.128862,17,DEVICE190,0,Chattogram,0,1132,267,2,41.34,0,0,0,0
TXN101162,USER034,USER351,3840.23,2026-09-09T22:59:22.128862,9,DEVICE086,0,Dhaka,0,132,868,1,412.82,1,0,0,0
TXN104554,USER109,USER262,2260.77,2026-09-17T06:08:57.128862,16,DEVICE170,0,Sylhet,0,369,499,2,235.72,0,0,0,0
TXN102406,USER281,USER230,3126.41,2026-09-10T00:27:31.128862,10,DEVICE192,0,Dhaka,0,1055,827,1,388.86,0,0,0,0
TXN201115,USER045,USER570,25925.92,2026-09-29T17:33:20.128862,3,DEVICE_ROGUE_982,1,Sylhet,1,276,5,11,24910.48,1,1,2,1
TXN101890,USER288,USER176,1185.73,2026-09-04T22:22:34.128862,8,DEVICE070,0,Chattogram,0,926,800,2,136.52,0,0,0,0
TXN100579,USER063,USER239,2504.14,2026-09-27T09:16:30.128862,19,DEVICE165,0,Chattogram,0,752,667,1,200.38,0,0,0,0
TXN102552,USER203,USER333,2534.85,2026-09-20T22:43:54.128862,8,DEVICE064,0,Sylhet,0,109,610,1,-556.63,0,0,1,0
TXN101691,USER256,USER277,2286.64,2026-09-23T08:27:40.128862,18,DEVICE107,0,Chattogram,0,426,534,1,-1202.82,0,0,0,0
TXN100862,USER178,USER378,1091.78,2026-09-26T00:41:48.128862,10,DEVICE162,0,Sylhet,0,149,979,1,-872.06,0,0,0,0
TXN200569,USER281,USER563,29136.57,2026-10-01T16:56:02.128862,3,DEVICE_ROGUE_998,1,Unknown,1,1055,7,6,26399.02,1,1,3,1
TXN201010,USER164,USER200,43856.69,2026-09-25T18:11:45.128862,4,DEVICE173,0,Chattogram,0,1089,274,2,40612.06,1,0,1,1
TXN104789,USER129,USER043,2737.27,2026-09-13T06:31:31.128862,16,DEVICE045,0,Rajshahi,1,476,962,3,-435.28,0,0,0,0
TXN104645,USER014,USER359,794.66,2026-10-03T00:20:44.128862,10,DEVICE092,0,Sylhet,1,719,661,1,-542.2,0,0,0,0
TXN101116,USER073,USER355,2214.63,2026-09-09T03:14:13.128862,13,DEVICE149,0,Dhaka,0,830,236,1,-951.56,0,0,0,0
TXN101541,USER053,USER093,1621.04,2026-09-22T21:14:46.128862,7,DEVICE007,0,Sylhet,0,765,186,1,100.2,0,0,0,0
TXN103790,USER197,USER109,2644.39,2026-09-14T05:27:27.128862,15,DEVICE046,0,Dhaka,0,383,564,3,358.51,0,0,0,0
TXN104615,USER275,USER503,1571.47,2026-09-11T07:46:52.128862,18,DEVICE091,0,Dhaka,0,844,193,1,408.88,0,0,0,0
TXN200718,USER290,USER103,47614.03,2026-09-13T15:49:00.128862,2,DEVICE_ROGUE_972,1,Chattogram,1,376,13,11,46066.99,1,1,3,1
TXN103295,USER101,USER161,1041.53,2026-09-19T08:14:13.128862,18,DEVICE051,0,Chattogram,0,1078,375,1,210.53,0,0,0,0
TXN200498,USER203,USER401,43044.94,2026-09-10T17:35:08.128862,3,DEVICE064,0,Sylhet,0,109,178,4,39953.46,1,0,1,1
TXN200513,USER045,USER463,47268.79,2026-09-09T18:00:44.128862,4,DEVICE_ROGUE_932,1,Chattogram,1,276,5,9,46253.35,1,1,3,1
TXN201104,USER222,USER086,24014.32,2026-10-03T12:04:29.128862,22,DEVICE191,0,Chattogram,0,11,12,18,21650.53,1,1,0,1
TXN103047,USER165,USER463,2615.55,2026-09-12T08:39:01.128862,18,DEVICE080,0,Dhaka,0,1198,739,2,-505.47,0,0,0,0
TXN200923,USER189,USER381,25253.47,2026-09-13T12:16:48.128862,22,DEVICE177,0,Sylhet,0,18,21,13,23939.91,1,1,0,1
TXN102437,USER095,USER460,278.6,2026-09-06T06:14:22.128862,16,DEVICE138,0,Chattogram,0,405,729,1,-692.92,0,0,0,0
TXN200954,USER237,USER411,24235.5,2026-09-08T21:55:29.128862,8,DEVICE113,0,Chattogram,0,30,24,11,21031.72,1,1,0,1
TXN102052,USER290,USER113,2281.98,2026-09-19T05:03:52.128862,15,DEVICE125,0,Sylhet,0,376,507,2,734.94,0,0,0,0
TXN101776,USER037,USER265,3077.79,2026-09-08T01:08:02.128862,11,DEVICE189,0,Sylhet,0,448,287,1,38.4,0,0,0,0
TXN103269,USER260,USER095,3497.55,2026-09-19T09:17:38.128862,19,DEVICE120,0,Dhaka,0,783,888,1,177.75,0,0,0,0
TXN104302,USER219,USER352,892.28,2026-09-14T06:42:34.128862,16,DEVICE141,0,Dhaka,0,575,329,1,-325.67,0,0,0,0
TXN101592,USER076,USER016,2357.06,2026-09-04T01:09:47.128862,11,DEVICE028,0,Sylhet,0,195,235,1,488.85,1,0,0,0
TXN101723,USER254,USER573,1635.67,2026-09-30T20:50:24.128862,7,DEVICE055,0,Dhaka,0,1117,426,1,-401.7,0,0,0,0
TXN104693,USER134,USER215,3087.32,2026-09-28T06:13:32.128862,16,DEVICE141,0,Chattogram,0,179,633,2,-269.44,1,0,0,0
TXN104041,USER050,USER497,1401.22,2026-09-26T18:59:28.128862,5,DEVICE079,0,Sylhet,0,747,851,5,-383.83,0,1,0,0
TXN100490,USER078,USER458,1726.23,2026-09-09T01:02:03.128862,11,DEVICE112,0,Dhaka,0,636,878,1,-312.67,0,0,1,0
TXN200277,USER082,USER100,38274.45,2026-10-03T13:20:10.128862,23,DEVICE_ROGUE_924,1,Unknown,1,1082,6,10,36765.05,1,1,4,1
TXN101006,USER030,USER560,1886.0,2026-09-07T07:22:43.128862,17,DEVICE106,0,Sylhet,0,602,728,2,-544.06,1,0,0,0
TXN103148,USER064,USER313,3463.16,2026-09-23T08:07:29.128862,18,DEVICE131,0,Dhaka,0,327,498,1,814.7,0,0,0,0
TXN104248,USER144,USER056,2726.2,2026-09-25T10:21:19.128862,20,DEVICE120,0,Chattogram,0,769,413,1,-429.37,0,0,0,0
TXN101417,USER096,USER252,1763.99,2026-09-14T08:39:23.128862,18,DEVICE176,0,Dhaka,0,1110,81,1,-66.38,0,0,0,0
TXN100025,USER224,USER109,3775.53,2026-09-21T23:10:46.128862,9,DEVICE116,0,Dhaka,0,134,823,3,956.0,0,0,0,0
TXN101113,USER192,USER346,756.66,2026-09-16T03:04:15.128862,13,DEVICE198,0,Dhaka,0,448,841,1,-795.41,0,0,0,0
TXN200785,USER107,USER272,32723.45,2026-10-02T17:12:30.128862,3,DEVICE_ROGUE_919,1,Coxs Bazar,1,480,14,9,31622.26,1,1,4,1
TXN101552,USER203,USER439,2843.8,2026-09-29T02:32:15.128862,12,DEVICE064,0,Sylhet,0,109,824,1,-247.68,1,0,0,0
TXN200323,USER190,USER408,46155.04,2026-09-06T15:45:46.128862,2,DEVICE002,0,Dhaka,0,458,308,2,44143.78,1,0,1,1
TXN104482,USER067,USER289,1520.26,2026-09-16T00:36:58.128862,10,DEVICE138,0,Chattogram,0,92,234,2,101.83,0,0,0,0
TXN100433,USER167,USER469,1584.02,2026-09-17T10:11:02.128862,20,DEVICE377,1,Sylhet,0,230,797,2,141.41,0,0,0,0
TXN102926,USER288,USER388,978.29,2026-09-24T08:23:05.128862,18,DEVICE070,0,Chattogram,0,926,318,1,-70.92,0,0,0,0
TXN103857,USER086,USER343,1154.02,2026-10-01T11:06:01.128862,21,DEVICE099,0,Dhaka,0,414,789,1,-238.15,1,0,0,0
TXN104015,USER244,USER195,3035.24,2026-09-17T03:00:16.128862,13,DEVICE082,0,Sylhet,0,274,284,1,-288.47,0,0,0,0
TXN102963,USER251,USER593,1798.06,2026-09-14T23:49:49.128862,10,DEVICE178,0,Chattogram,0,1194,320,1,144.38,0,0,0,0
TXN103098,USER196,USER375,2966.15,2026-09-25T05:24:36.128862,15,DEVICE057,0,Dhaka,0,1109,743,1,-159.49,0,0,0,0
TXN201075,USER233,USER017,39158.88,2026-09-13T18:05:12.128862,4,DEVICE_ROGUE_968,1,Sylhet,1,538,6,5,36752.29,1,1,4,1
TXN104456,USER279,USER168,1664.71,2026-09-17T08:26:55.128862,18,DEVICE108,0,Sylhet,0,311,171,2,129.37,1,0,0,0
TXN104540,USER202,USER251,1717.75,2026-09-18T21:34:43.128862,7,DEVICE143,0,Sylhet,0,612,476,1,-1583.44,0,0,0,0
TXN200968,USER042,USER044,33576.21,2026-09-10T15:46:00.128862,2,DEVICE_ROGUE_956,1,Sylhet,1,461,6,10,32652.48,1,1,3,1
TXN101102,USER002,USER319,633.72,2026-09-14T23:52:34.128862,10,DEVICE140,0,Sylhet,0,568,148,1,-233.81,0,0,0,0
TXN200265,USER194,USER555,8459.99,2026-09-19T18:23:12.128862,4,DEVICE289,1,Sylhet,0,873,31,16,5167.17,1,1,2,1
TXN104517,USER193,USER475,1448.09,2026-09-06T07:17:18.128862,17,DEVICE028,0,Sylhet,0,251,767,2,-26.39,0,0,0,0
TXN104162,USER012,USER240,3005.5,2026-09-26T00:05:13.128862,10,DEVICE094,0,Dhaka,0,212,642,3,841.04,0,0,0,0
TXN100194,USER220,USER279,1340.67,2026-09-12T04:30:49.128862,14,DEVICE115,0,Dhaka,0,871,583,1,-260.44,0,0,0,0
TXN100615,USER012,USER572,1665.33,2026-09-24T06:00:11.128862,16,DEVICE094,0,Dhaka,0,212,328,1,-499.13,0,0,0,0
TXN100643,USER007,USER176,4263.74,2026-09-18T06:29:38.128862,16,DEVICE038,0,Sylhet,0,550,676,1,1054.86,0,0,0,0
TXN104309,USER205,USER033,2763.3,2026-09-05T18:55:05.128862,5,DEVICE117,0,Sylhet,0,679,935,3,652.07,0,0,0,0
TXN103153,USER024,USER055,1718.2,2026-09-03T21:14:48.128862,7,DEVICE159,0,Chattogram,0,1101,759,2,498.41,0,0,0,0
TXN200270,USER262,USER524,39469.86,2026-09-11T17:00:18.128862,3,DEVICE016,0,Chattogram,0,1049,38,3,36295.83,1,0,0,1
TXN100330,USER129,USER386,3571.03,2026-09-11T12:18:38.128862,22,DEVICE045,0,Sylhet,0,476,558,3,398.48,0,0,0,0
TXN103825,USER185,USER142,1856.32,2026-09-14T00:13:16.128862,10,DEVICE103,0,Chattogram,0,972,961,1,-30.76,0,0,0,0
TXN104515,USER146,USER119,823.69,2026-09-15T18:46:02.128862,5,DEVICE221,1,Dhaka,0,991,907,1,-548.17,1,0,0,0
TXN103113,USER014,USER170,967.63,2026-10-02T06:29:58.128862,16,DEVICE092,0,Dhaka,0,719,289,1,-369.23,1,0,0,0
TXN200565,USER113,USER425,9226.77,2026-09-07T19:05:57.128862,5,DEVICE088,1,Sylhet,0,786,115,12,7075.19,1,1,2,1
TXN100483,USER257,USER276,750.27,2026-09-21T02:21:36.128862,12,DEVICE020,1,Sylhet,0,616,781,1,-247.53,0,0,0,0
TXN200397,USER123,USER334,38535.37,2026-09-09T10:36:04.128862,20,DEVICE050,0,Chattogram,0,26,18,18,35633.08,1,1,0,1
TXN102671,USER136,USER183,2258.73,2026-09-17T07:49:43.128862,18,DEVICE078,0,Chattogram,0,1058,231,1,146.56,0,0,0,0
TXN102059,USER048,USER394,1443.28,2026-09-27T05:25:22.128862,15,DEVICE118,0,Sylhet,0,926,566,1,-107.25,0,0,0,0
TXN104678,USER265,USER093,2933.79,2026-09-18T23:18:28.128862,9,DEVICE100,0,Chattogram,0,552,860,1,-117.32,0,0,0,0
TXN100032,USER032,USER462,2210.34,2026-10-01T21:38:34.128862,7,DEVICE046,0,Dhaka,0,277,721,5,-559.94,1,1,0,0
TXN100664,USER267,USER303,1907.2,2026-10-02T02:28:57.128862,12,DEVICE150,0,Chattogram,0,839,820,2,-544.33,0,0,0,0
TXN200359,USER193,USER264,48329.15,2026-09-16T17:16:32.128862,3,DEVICE028,0,Sylhet,0,251,131,3,46854.67,1,0,0,1
TXN104182,USER279,USER262,1223.71,2026-09-11T10:42:03.128862,20,DEVICE108,0,Sylhet,0,311,356,1,-311.63,0,0,0,0
TXN101444,USER183,USER586,4277.99,2026-09-08T21:42:32.128862,7,DEVICE099,0,Gazipur,1,824,144,2,820.74,0,0,0,0
TXN102399,USER282,USER370,2192.75,2026-09-18T22:38:27.128862,8,DEVICE189,0,Dhaka,0,141,154,2,843.04,0,0,0,0
TXN102441,USER140,USER103,972.42,2026-09-21T02:54:13.128862,13,DEVICE149,0,Chattogram,0,1104,573,1,-174.24,0,0,0,0
TXN201052,USER298,USER248,8697.43,2026-09-27T08:19:12.128862,18,DEVICE210,1,Chattogram,0,1190,188,8,7871.32,1,1,1,1
TXN101705,USER206,USER065,924.09,2026-09-27T03:16:10.128862,13,DEVICE035,0,Chattogram,0,413,850,2,-453.03,0,0,0,0
TXN201182,USER223,USER319,18648.1,2026-09-13T01:49:37.128862,12,DEVICE122,0,Sylhet,0,22,27,14,16384.17,1,1,0,1
TXN102850,USER240,USER244,1677.72,2026-09-09T05:09:21.128862,15,DEVICE074,0,Dhaka,0,992,618,3,-794.61,0,0,0,0
TXN200701,USER229,USER446,38541.8,2026-09-05T18:24:40.128862,4,DEVICE071,0,Sylhet,0,1107,212,4,37316.73,1,0,0,1
TXN102277,USER190,USER153,2231.7,2026-09-22T21:16:16.128862,7,DEVICE002,0,Dhaka,0,458,72,1,220.44,0,0,0,0
TXN101401,USER006,USER115,1334.23,2026-09-23T01:31:30.128862,11,DEVICE142,0,Sylhet,0,325,285,1,-1292.86,0,0,0,0
TXN200748,USER096,USER452,45880.82,2026-09-10T11:03:16.128862,21,DEVICE176,0,Dhaka,0,19,21,18,44050.45,1,1,0,1
TXN100170,USER276,USER173,837.71,2026-09-26T00:03:31.128862,10,DEVICE077,0,Sylhet,0,626,586,1,-273.95,0,0,0,0
TXN100540,USER034,USER193,2754.87,2026-09-18T09:50:18.128862,20,DEVICE086,0,Dhaka,0,132,138,2,-672.54,1,0,0,0
TXN200665,USER277,USER582,42138.47,2026-09-18T05:46:20.128862,16,DEVICE359,1,Dhaka,0,5,15,9,41049.47,1,1,0,1
TXN104605,USER252,USER494,2576.61,2026-09-11T08:29:06.128862,18,DEVICE040,0,Dhaka,0,839,701,1,-253.42,0,0,1,0
TXN102458,USER204,USER303,1435.48,2026-09-18T00:35:06.128862,10,DEVICE032,0,Sylhet,0,1042,390,1,186.44,0,0,0,0
TXN103908,USER086,USER513,1153.75,2026-10-03T07:49:42.128862,18,DEVICE099,0,Cumilla,1,414,970,2,-238.42,1,0,0,0
TXN100674,USER203,USER271,1577.13,2026-09-24T05:12:41.128862,15,DEVICE064,0,Sylhet,0,109,809,3,-1514.35,0,0,0,0
TXN102918,USER233,USER103,2301.52,2026-09-30T00:17:42.128862,10,DEVICE125,0,Rajshahi,1,538,167,2,-105.07,0,0,0,0
TXN104076,USER075,USER437,2772.04,2026-09-07T11:36:02.128862,21,DEVICE010,0,Rangpur,1,995,188,1,202.36,1,0,0,0
TXN101815,USER130,USER091,2936.42,2026-09-19T00:02:54.128862,10,DEVICE158,0,Chattogram,0,579,827,1,-109.08,0,0,0,0
TXN102554,USER078,USER445,2179.58,2026-09-23T00:38:44.128862,10,DEVICE112,0,Rajshahi,1,636,994,1,140.68,0,0,0,0
TXN102100,USER197,USER258,2499.51,2026-09-28T02:52:47.128862,13,DEVICE046,0,Dhaka,0,383,292,3,213.63,1,0,0,0
TXN103125,USER207,USER407,1584.64,2026-09-23T02:01:08.128862,12,DEVICE119,0,Dhaka,0,241,313,1,-298.17,0,0,0,0
TXN200693,USER170,USER515,37661.68,2026-10-02T17:00:18.128862,3,DEVICE012,0,Sylhet,0,555,167,4,36504.44,1,0,1,1
TXN102101,USER287,USER109,3741.15,2026-09-04T09:57:04.128862,20,DEVICE057,0,Cumilla,1,708,435,1,656.67,0,0,0,0
TXN200280,USER052,USER277,33524.94,2026-09-13T04:54:02.128862,15,DEVICE058,0,Chattogram,0,27,22,9,32159.27,1,1,0,1
TXN102803,USER280,USER237,2031.08,2026-09-30T08:04:25.128862,18,DEVICE138,0,Dhaka,0,568,144,2,-401.96,1,0,0,0
TXN101548,USER037,USER127,2388.32,2026-09-24T09:34:49.128862,19,DEVICE189,0,Sylhet,0,448,291,1,-651.07,0,0,0,0
TXN104750,USER157,USER079,1917.94,2026-09-22T01:41:10.128862,11,DEVICE170,0,Chattogram,0,783,424,1,205.11,0,0,0,0
TXN200050,USER002,USER598,35500.58,2026-09-09T16:36:53.128862,2,DEVICE140,0,Sylhet,0,568,220,3,34633.05,1,0,1,1
TXN100355,USER176,USER078,1394.05,2026-09-09T05:15:33.128862,15,DEVICE117,0,Chattogram,0,430,335,1,79.94,1,0,0,0
TXN102640,USER120,USER097,1337.26,2026-09-10T00:34:16.128862,10,DEVICE076,0,Mymensingh,1,394,672,1,124.59,0,0,0,0
TXN104169,USER003,USER051,1451.34,2026-10-01T16:03:15.128862,2,DEVICE366,1,Dhaka,0,631,929,2,-91.24,0,0,0,0
TXN104676,USER190,USER327,2103.5,2026-09-19T07:04:16.128862,17,DEVICE002,0,Dhaka,0,458,878,3,92.24,0,0,0,0
TXN200509,USER295,USER430,43646.4,2026-09-21T17:37:07.128862,3,DEVICE_ROGUE_952,1,Coxs Bazar,1,327,8,12,40845.08,1,1,4,1
TXN104273,USER025,USER385,2746.75,2026-09-15T12:11:25.128862,22,DEVICE192,0,Chattogram,0,986,212,3,-637.73,0,0,0,0
TXN101051,USER277,USER551,952.95,2026-09-04T08:17:06.128862,18,DEVICE193,0,Dhaka,0,870,348,1,-136.05,0,0,0,0
TXN102321,USER100,USER047,3269.25,2026-09-13T10:37:12.128862,20,DEVICE172,0,Chattogram,0,940,584,1,145.14,0,0,0,0
TXN104328,USER127,USER068,1136.42,2026-09-12T00:53:20.128862,11,DEVICE174,0,Sylhet,0,1022,424,2,283.83,0,0,0,0
TXN103919,USER231,USER041,1633.43,2026-09-20T06:51:13.128862,17,DEVICE200,0,Chattogram,0,561,170,1,617.13,1,0,0,0
TXN101751,USER222,USER400,2590.83,2026-09-06T01:49:13.128862,12,DEVICE191,0,Chattogram,0,695,439,2,227.04,0,0,0,0
TXN102464,USER024,USER287,1095.96,2026-09-29T16:53:51.128862,3,DEVICE159,0,Chattogram,0,1101,962,1,-123.83,0,0,0,0
TXN101772,USER221,USER322,3996.34,2026-09-04T07:15:29.128862,17,DEVICE041,0,Sylhet,0,825,729,1,580.82,1,0,0,0
TXN101196,USER107,USER390,891.91,2026-09-17T19:10:25.128862,5,DEVICE160,0,Dhaka,0,480,894,1,-209.28,1,0,0,0
TXN101878,USER097,USER032,2820.53,2026-09-25T11:32:03.128862,21,DEVICE185,0,Chattogram,0,687,298,4,-669.0,1,1,0,0
TXN102016,USER194,USER420,3632.78,2026-10-02T14:00:31.128862,0,DEVICE200,0,Sylhet,0,873,886,1,339.96,0,0,0,0
TXN102005,USER086,USER108,1060.12,2026-09-22T01:48:36.128862,12,DEVICE099,0,Dhaka,0,414,495,2,-332.05,0,0,0,0
TXN104075,USER090,USER147,939.49,2026-09-19T00:20:53.128862,10,DEVICE012,0,Sylhet,0,280,404,3,12.28,1,0,0,0
TXN101482,USER003,USER110,1241.33,2026-09-05T10:16:04.128862,20,DEVICE010,0,Dhaka,0,631,330,5,-301.25,1,1,0,0
TXN100328,USER185,USER398,2208.77,2026-09-18T03:41:15.128862,13,DEVICE333,1,Chattogram,0,972,780,1,321.69,0,0,0,0
TXN100648,USER213,USER508,1916.86,2026-09-23T07:31:48.128862,17,DEVICE194,0,Rangpur,1,1025,557,1,-111.66,0,0,0,0
TXN102894,USER156,USER255,2129.08,2026-09-06T10:17:16.128862,20,DEVICE132,0,Sylhet,0,632,274,1,722.4,0,0,0,0
TXN101123,USER247,USER036,1262.95,2026-09-16T23:56:23.128862,10,DEVICE036,0,Dhaka,0,940,168,3,-181.5,0,0,0,0
TXN102776,USER250,USER246,956.84,2026-09-25T01:35:35.128862,11,DEVICE099,0,Sylhet,0,360,106,3,-653.15,0,0,0,0
TXN102960,USER137,USER400,631.13,2026-09-18T10:55:20.128862,21,DEVICE074,0,Dhaka,0,870,466,1,-355.74,0,0,1,0
TXN103455,USER207,USER547,2213.16,2026-10-02T08:00:31.128862,18,DEVICE119,0,Dhaka,0,241,792,5,330.35,0,1,0,0
TXN102843,USER026,USER091,1580.77,2026-09-14T09:13:51.128862,19,DEVICE040,0,Chattogram,0,254,557,1,-128.04,1,0,0,0
TXN103089,USER276,USER071,1264.97,2026-09-22T01:11:53.128862,11,DEVICE077,0,Sylhet,0,626,950,2,153.31,0,0,0,0
TXN200221,USER167,USER034,22871.76,2026-10-02T15:59:01.128862,2,DEVICE385,1,Sylhet,0,230,86,15,21429.15,1,1,2,1
TXN101259,USER226,USER182,3177.37,2026-09-30T04:37:41.128862,14,DEVICE020,1,Chattogram,0,652,969,1,800.09,0,0,0,0
TXN104314,USER235,USER203,1402.68,2026-09-27T19:57:23.128862,6,DEVICE062,0,Dhaka,0,603,442,1,-32.37,0,0,0,0
TXN103411,USER070,USER512,1869.07,2026-09-25T06:55:46.128862,17,DEVICE343,1,Chattogram,0,201,596,1,346.17,0,0,0,0
TXN104619,USER239,USER403,1820.88,2026-09-11T12:02:13.128862,22,DEVICE183,0,Dhaka,0,722,512,2,-584.32,0,0,0,0
TXN101519,USER072,USER226,4731.21,2026-09-06T07:18:22.128862,17,DEVICE046,0,Sylhet,0,1151,798,2,1385.35,0,0,0,0
TXN101378,USER060,USER104,1937.78,2026-09-07T22:32:51.128862,8,DEVICE198,0,Sylhet,0,270,435,2,113.25,0,0,0,0
TXN104381,USER083,USER445,2340.11,2026-09-21T08:23:16.128862,18,DEVICE257,1,Sylhet,0,338,496,1,-38.27,0,0,0,0
TXN101023,USER284,USER398,2531.23,2026-10-03T11:28:31.128862,21,DEVICE155,0,Sylhet,0,543,534,1,1018.47,0,0,0,0
TXN102876,USER262,USER037,1807.17,2026-09-28T11:18:17.128862,21,DEVICE016,0,Chattogram,0,1049,902,1,-1366.86,0,0,0,0
TXN104553,USER274,USER315,2828.57,2026-09-23T20:41:44.128862,6,DEVICE002,0,Dhaka,0,1021,713,1,-506.54,0,0,0,0
TXN104795,USER045,USER521,726.88,2026-09-27T23:16:48.128862,9,DEVICE121,0,Dhaka,0,276,563,3,-288.56,0,0,0,0
TXN100912,USER163,USER015,1170.24,2026-09-17T22:44:22.128862,8,DEVICE061,0,Dhaka,0,738,871,1,-247.9,0,0,0,0
TXN104038,USER245,USER024,1725.01,2026-10-02T02:21:52.128862,12,DEVICE139,0,Sylhet,0,694,453,7,373.51,0,1,0,0
TXN101675,USER213,USER436,1907.96,2026-09-13T21:25:50.128862,7,DEVICE035,1,Chattogram,0,1025,111,1,-120.56,0,0,0,0
TXN101746,USER286,USER493,3053.06,2026-09-07T06:45:48.128862,17,DEVICE125,0,Dhaka,0,1040,441,1,-191.35,0,0,0,0
TXN102970,USER012,USER564,2399.81,2026-09-21T00:15:29.128862,10,DEVICE094,0,Sylhet,1,212,561,1,235.35,0,0,0,0
TXN101736,USER185,USER268,2228.09,2026-09-05T00:37:47.128862,10,DEVICE103,0,Chattogram,0,972,430,2,341.01,0,0,0,0
TXN101629,USER033,USER130,2204.42,2026-09-07T23:42:06.128862,9,DEVICE189,0,Chattogram,0,558,699,3,-43.4,1,0,0,0
TXN104319,USER211,USER016,854.51,2026-09-14T22:29:49.128862,8,DEVICE153,0,Chattogram,0,958,918,1,-661.54,0,0,0,0
TXN100430,USER119,USER237,2807.65,2026-09-15T06:50:57.128862,17,DEVICE179,0,Chattogram,0,1092,926,1,363.43,0,0,0,0
TXN101808,USER087,USER102,2710.73,2026-09-23T06:31:55.128862,16,DEVICE148,0,Chattogram,0,726,992,2,-782.62,0,0,0,0
TXN103527,USER187,USER213,3176.07,2026-09-22T03:00:03.128862,13,DEVICE038,0,Dhaka,0,590,420,1,49.55,0,0,0,0
TXN102387,USER066,USER339,3616.09,2026-09-30T07:48:39.128862,18,DEVICE174,0,Dhaka,0,1143,62,1,720.89,1,0,0,0
TXN103402,USER182,USER097,2333.28,2026-09-27T03:00:57.128862,13,DEVICE179,0,Sylhet,0,690,841,1,-284.8,0,0,0,0
TXN103480,USER258,USER413,1642.99,2026-09-10T21:49:05.128862,8,DEVICE085,0,Sylhet,0,1076,860,2,267.47,0,0,0,0
TXN200906,USER134,USER339,37708.14,2026-09-08T16:51:38.128862,3,DEVICE141,0,Chattogram,0,179,221,4,34351.38,1,0,0,1
TXN102222,USER137,USER584,1024.19,2026-09-30T03:38:12.128862,13,DEVICE074,0,Dhaka,0,870,445,1,37.32,0,0,0,0
TXN104198,USER238,USER446,1232.02,2026-09-13T07:01:47.128862,17,DEVICE020,0,Chattogram,0,170,674,1,-232.76,0,0,0,0
TXN104166,USER289,USER179,1833.52,2026-09-26T19:10:54.128862,5,DEVICE112,0,Chattogram,0,328,813,2,-110.13,0,0,0,0
TXN200550,USER241,USER448,35790.09,2026-09-12T21:46:56.128862,8,DEVICE061,0,Chattogram,0,11,15,12,33858.18,1,1,0,1
TXN201081,USER275,USER309,29419.68,2026-09-06T16:20:16.128862,2,DEVICE_ROGUE_956,1,Unknown,1,844,7,5,28257.09,1,1,2,1
TXN104586,USER243,USER119,2015.67,2026-09-04T19:35:38.128862,5,DEVICE086,0,Dhaka,0,359,719,1,-195.84,0,0,0,0
TXN200524,USER166,USER061,22129.53,2026-09-21T17:48:29.128862,4,DEVICE333,1,Chattogram,0,163,108,8,21138.22,1,1,2,1
TXN101995,USER117,USER592,1957.54,2026-10-01T16:00:06.128862,2,DEVICE084,0,Sylhet,0,669,227,1,351.74,1,0,0,0
TXN200190,USER227,USER585,39807.07,2026-09-15T18:30:54.128862,4,DEVICE064,0,Dhaka,0,106,360,2,37649.37,1,0,0,1
TXN102224,USER218,USER262,3301.5,2026-09-06T04:29:47.128862,14,DEVICE110,0,Chattogram,0,308,857,2,561.8,0,0,0,0
TXN101106,USER103,USER182,2911.78,2026-09-12T12:29:41.128862,22,DEVICE111,0,Chattogram,0,589,652,1,271.16,0,0,0,0
TXN200945,USER057,USER246,29721.07,2026-09-06T10:34:29.128862,20,DEVICE085,0,Sylhet,0,27,26,8,28459.0,1,1,0,1
TXN100818,USER260,USER306,2053.07,2026-09-21T00:55:40.128862,11,DEVICE120,0,Dhaka,0,783,314,1,-1266.73,0,0,0,0
TXN104072,USER188,USER199,1400.45,2026-09-14T20:03:02.128862,6,DEVICE168,0,Dhaka,0,1177,636,1,-70.92,0,0,0,0
TXN104358,USER220,USER080,1446.01,2026-09-29T06:10:59.128862,16,DEVICE115,0,Dhaka,0,871,69,1,-155.1,0,0,0,0
TXN101697,USER288,USER347,873.52,2026-09-07T20:56:12.128862,7,DEVICE070,0,Chattogram,0,926,905,1,-175.69,0,0,0,0
TXN103221,USER297,USER119,2098.47,2026-09-15T23:26:03.128862,9,DEVICE186,0,Barishal,1,570,404,2,143.72,1,0,0,0
TXN100136,USER291,USER399,740.11,2026-09-21T07:06:37.128862,17,DEVICE008,0,Sylhet,0,182,765,1,-69.46,0,0,0,0
TXN104523,USER085,USER162,1537.67,2026-10-02T06:23:26.128862,16,DEVICE030,0,Sylhet,0,580,764,1,-340.71,0,0,0,0
TXN102921,USER269,USER461,3548.52,2026-09-10T14:00:51.128862,0,DEVICE006,0,Sylhet,0,898,825,1,982.78,0,0,0,0
TXN200516,USER046,USER207,9218.94,2026-09-19T04:52:49.128862,15,DEVICE260,1,Dhaka,0,1052,27,8,7790.4,1,1,1,1
TXN101180,USER055,USER077,3046.47,2026-09-13T23:31:43.128862,9,DEVICE050,0,Chattogram,0,1104,107,1,496.77,0,0,0,0
TXN103434,USER099,USER358,3372.68,2026-09-21T23:54:20.128862,10,DEVICE189,0,Cumilla,1,649,878,4,-49.23,1,1,0,0
TXN100888,USER217,USER466,1803.43,2026-09-30T05:02:11.128862,15,DEVICE130,0,Dhaka,0,1079,292,2,-497.14,0,0,0,0
TXN102656,USER002,USER388,437.83,2026-09-09T02:18:00.128862,12,DEVICE140,0,Sylhet,0,568,266,1,-429.7,0,0,0,0
TXN200933,USER268,USER449,37719.33,2026-09-11T18:07:27.128862,4,DEVICE_ROGUE_988,1,Sylhet,1,274,4,9,34253.8,1,1,4,1
TXN102895,USER017,USER138,1446.75,2026-09-30T01:07:40.128862,11,DEVICE064,0,Chattogram,0,344,305,1,51.56,0,0,0,0
TXN100817,USER063,USER041,2817.85,2026-09-09T22:26:23.128862,8,DEVICE165,0,Chattogram,0,752,831,1,514.09,1,0,0,0
TXN101111,USER005,USER163,2295.92,2026-09-14T02:06:54.128862,12,DEVICE150,0,Sylhet,0,960,426,3,-492.55,0,0,0,0
TXN103412,USER254,USER051,1821.1,2026-09-24T21:22:42.128862,7,DEVICE055,0,Dhaka,0,1117,192,1,-216.27,0,0,0,0
TXN102341,USER279,USER554,1892.21,2026-09-05T06:38:41.128862,16,DEVICE108,0,Sylhet,0,311,127,1,356.87,0,0,0,0
TXN201190,USER120,USER061,11625.67,2026-10-01T22:07:14.128862,8,DEVICE386,1,Chattogram,0,394,172,15,10413.0,1,1,2,1
TXN103759,USER292,USER380,3253.56,2026-09-26T00:11:20.128862,10,DEVICE100,0,Chattogram,0,166,272,1,371.54,0,0,0,0
TXN101264,USER103,USER290,1837.66,2026-09-18T00:33:25.128862,10,DEVICE111,0,Chattogram,0,589,473,1,-802.96,0,0,0,0
TXN100990,USER189,USER282,1477.71,2026-09-26T02:36:19.128862,12,DEVICE177,0,Sylhet,0,933,211,2,164.15,1,0,0,0
TXN103235,USER022,USER555,3482.22,2026-09-26T07:24:44.128862,17,DEVICE144,0,Chattogram,0,1114,883,1,797.24,0,0,0,0
TXN101739,USER297,USER436,1953.82,2026-09-20T12:18:02.128862,22,DEVICE186,0,Sylhet,0,570,767,1,-0.93,0,0,0,0
TXN102477,USER209,USER076,1904.87,2026-09-23T07:48:22.128862,18,DEVICE136,0,Chattogram,0,797,460,1,81.64,0,0,0,0
TXN100353,USER125,USER348,781.67,2026-09-18T11:28:42.128862,21,DEVICE171,0,Dhaka,0,770,553,1,-19.87,1,0,0,0
TXN200469,USER124,USER568,44736.26,2026-09-19T18:43:08.128862,4,DEVICE108,0,Chattogram,0,796,35,2,42504.31,1,0,1,1
TXN102457,USER154,USER566,2174.67,2026-09-14T19:59:53.128862,6,DEVICE144,1,Sylhet,0,243,800,1,-22.78,0,0,0,0
TXN104207,USER049,USER270,2583.99,2026-09-15T02:22:35.128862,12,DEVICE090,0,Dhaka,0,772,208,2,67.64,1,0,0,0
TXN101489,USER112,USER284,2574.49,2026-09-22T10:45:54.128862,21,DEVICE077,0,Sylhet,0,939,772,1,1063.34,1,0,0,0
TXN103926,USER055,USER242,2398.53,2026-09-07T13:11:57.128862,23,DEVICE050,0,Chattogram,0,1104,82,2,-151.17,0,0,0,0
TXN101228,USER144,USER283,3493.46,2026-09-24T10:17:34.128862,20,DEVICE120,0,Chattogram,0,769,425,1,337.89,1,0,0,0
TXN201132,USER114,USER395,27894.61,2026-10-03T09:24:22.128862,19,DEVICE080,0,Chattogram,0,29,8,9,26612.25,1,1,0,1
TXN102689,USER007,USER038,2644.19,2026-09-04T00:39:49.128862,10,DEVICE038,0,Sylhet,0,550,813,3,-564.69,0,0,0,0
TXN200882,USER233,USER268,48728.35,2026-09-24T17:52:48.128862,4,DEVICE_ROGUE_904,1,Coxs Bazar,1,538,11,12,46321.76,1,1,4,1
TXN100052,USER298,USER341,606.71,2026-09-14T22:19:34.128862,8,DEVICE043,0,Chattogram,0,1190,857,1,-219.4,0,0,0,0
TXN103123,USER258,USER079,1792.14,2026-09-30T21:28:00.128862,7,DEVICE085,0,Mymensingh,1,1076,927,1,416.62,0,0,0,0
TXN103948,USER280,USER458,2631.02,2026-09-19T03:35:52.128862,13,DEVICE138,0,Dhaka,0,568,252,1,197.98,0,0,0,0
TXN103321,USER105,USER551,1537.81,2026-09-13T07:13:46.128862,17,DEVICE171,0,Dhaka,0,386,260,4,17.38,0,1,0,0
TXN103652,USER050,USER514,2309.47,2026-09-09T07:46:13.128862,18,DEVICE079,0,Sylhet,0,747,161,1,524.42,0,0,0,0
TXN101589,USER252,USER449,2198.35,2026-09-16T23:41:05.128862,9,DEVICE040,0,Dhaka,0,839,308,1,-631.68,0,0,0,0
TXN101479,USER094,USER591,1658.98,2026-09-28T22:50:27.128862,9,DEVICE160,1,Sylhet,0,330,623,1,-280.85,0,0,0,0
TXN101469,USER045,USER065,1022.66,2026-09-13T21:55:46.128862,8,DEVICE121,0,Dhaka,0,276,550,1,7.22,0,0,0,0
TXN102778,USER004,USER077,1758.92,2026-09-05T00:23:42.128862,10,DEVICE095,0,Chattogram,0,495,564,1,356.25,0,0,0,0
TXN201187,USER106,USER115,18721.32,2026-09-03T13:48:47.128862,0,DEVICE074,1,Chattogram,0,875,165,8,16190.72,1,1,1,1
TXN102078,USER105,USER317,1470.66,2026-09-08T03:01:28.128862,13,DEVICE171,0,Dhaka,0,386,145,1,-49.77,0,0,0,0
TXN103450,USER079,USER006,1372.22,2026-09-30T09:56:05.128862,20,DEVICE089,0,Dhaka,0,358,369,2,-142.96,0,0,0,0
TXN201111,USER237,USER275,33768.53,2026-10-01T17:29:51.128862,3,DEVICE_ROGUE_909,1,Chattogram,1,288,10,9,30564.75,1,1,4,1
TXN102951,USER212,USER269,3630.08,2026-09-26T08:25:40.128862,18,DEVICE082,0,Dhaka,0,602,253,1,713.09,0,0,0,0
TXN100436,USER156,USER293,734.25,2026-09-17T03:03:52.128862,13,DEVICE132,0,Sylhet,0,632,985,2,-672.43,1,0,0,0
TXN102886,USER261,USER485,3688.41,2026-09-27T07:07:18.128862,17,DEVICE107,0,Sylhet,0,325,490,1,510.08,0,0,0,0
TXN103885,USER261,USER376,2607.66,2026-09-09T10:01:49.128862,20,DEVICE107,0,Sylhet,0,325,699,1,-570.67,0,0,1,0
TXN101588,USER252,USER550,2025.47,2026-09-07T09:25:25.128862,19,DEVICE040,0,Dhaka,0,839,489,3,-804.56,1,0,0,0
TXN104417,USER140,USER215,1509.29,2026-09-19T07:54:02.128862,18,DEVICE149,0,Chattogram,0,1104,501,1,362.63,0,0,0,0
TXN101590,USER091,USER557,987.44,2026-09-14T07:11:14.128862,17,DEVICE182,0,Chattogram,0,550,520,1,-108.61,0,0,1,0
TXN103250,USER077,USER130,2442.33,2026-09-26T06:52:13.128862,17,DEVICE153,0,Sylhet,0,506,959,2,-826.95,0,0,0,0
TXN100973,USER178,USER296,2308.09,2026-09-03T21:17:12.128862,7,DEVICE162,0,Sylhet,0,149,213,4,344.25,0,1,0,0
TXN101238,USER225,USER371,753.84,2026-09-09T08:05:14.128862,18,DEVICE067,0,Sylhet,0,900,990,1,-200.51,0,0,0,0
TXN102342,USER253,USER060,888.3,2026-09-13T05:08:45.128862,15,DEVICE181,0,Dhaka,0,1177,702,1,-107.57,0,0,0,0
TXN102473,USER198,USER480,821.89,2026-09-29T03:20:02.128862,13,DEVICE179,0,Dhaka,0,565,356,2,-114.7,0,0,0,0
TXN103588,USER250,USER148,1621.32,2026-09-13T03:32:30.128862,13,DEVICE099,0,Chattogram,1,360,763,1,11.33,0,0,0,0
TXN200320,USER136,USER422,43865.89,2026-09-18T17:58:53.128862,4,DEVICE078,0,Chattogram,0,1058,268,5,41753.72,1,0,0,1
TXN102231,USER080,USER562,1685.08,2026-09-13T23:33:48.128862,9,DEVICE187,0,Sylhet,0,679,469,1,219.19,0,0,0,0
TXN102518,USER154,USER437,1197.39,2026-09-10T20:46:04.128862,7,DEVICE022,0,Sylhet,0,243,997,1,-1000.06,1,0,0,0
TXN101497,USER265,USER318,4286.68,2026-09-04T07:49:49.128862,18,DEVICE100,0,Chattogram,0,552,980,1,1235.57,0,0,0,0
TXN100449,USER148,USER438,4256.77,2026-09-14T05:01:46.128862,15,DEVICE055,0,Dhaka,0,1167,192,2,1485.96,0,0,0,0
TXN102369,USER179,USER031,1895.89,2026-09-24T05:22:37.128862,15,DEVICE148,0,Sylhet,0,184,631,1,-47.77,0,0,0,0
TXN104122,USER143,USER291,1465.83,2026-09-30T03:16:28.128862,13,DEVICE083,0,Sylhet,0,1118,440,3,-49.82,0,0,0,0
TXN102422,USER020,USER155,834.4,2026-09-30T04:41:39.128862,14,DEVICE091,0,Chattogram,0,914,473,1,16.85,0,0,0,0
TXN200586,USER009,USER355,27553.83,2026-09-09T07:15:12.128862,17,DEVICE033,0,Dhaka,0,11,18,10,25614.64,1,1,0,1
TXN201156,USER159,USER065,43060.06,2026-09-05T13:09:35.128862,23,DEVICE_ROGUE_993,1,Sylhet,1,254,6,7,41638.75,1,1,2,1
TXN101551,USER151,USER134,3861.8,2026-09-17T04:32:15.128862,14,DEVICE189,0,Sylhet,0,385,856,2,374.9,0,0,0,0
TXN200518,USER184,USER335,32906.95,2026-09-23T11:10:40.128862,21,DEVICE282,1,Chattogram,0,6,19,8,31841.22,1,1,0,1
TXN101146,USER215,USER429,3419.73,2026-09-24T01:46:52.128862,12,DEVICE157,0,Sylhet,0,497,575,1,34.97,0,0,0,0
TXN200798,USER015,USER589,9760.01,2026-09-21T03:55:47.128862,14,DEVICE341,1,Dhaka,0,681,137,9,7205.32,1,1,2,1
TXN102092,USER259,USER395,1302.2,2026-09-04T19:57:23.128862,6,DEVICE139,0,Sylhet,0,694,167,2,-213.84,0,0,0,0
TXN101313,USER102,USER270,2307.78,2026-09-20T22:21:25.128862,8,DEVICE094,0,Sylhet,0,1057,137,1,-438.17,1,0,0,0
TXN102015,USER022,USER138,2852.4,2026-10-03T09:00:43.128862,19,DEVICE144,0,Chattogram,0,1114,935,2,167.42,1,0,0,0
TXN104306,USER269,USER400,2497.93,2026-09-14T22:27:09.128862,8,DEVICE006,0,Sylhet,0,898,817,2,-67.81,0,0,0,0
TXN103708,USER191,USER038,1523.04,2026-09-23T09:11:01.128862,19,DEVICE193,0,Chattogram,0,438,711,3,-416.04,0,0,0,0
TXN103008,USER102,USER514,3127.01,2026-09-04T00:01:10.128862,10,DEVICE094,0,Sylhet,0,1057,678,1,381.06,0,0,0,0
TXN101381,USER101,USER457,716.13,2026-09-21T06:08:48.128862,16,DEVICE051,0,Sylhet,1,1078,656,1,-114.87,0,0,0,0
TXN103248,USER174,USER154,3191.92,2026-09-14T15:43:59.128862,1,DEVICE197,0,Sylhet,0,295,845,2,273.45,1,0,0,0
TXN100413,USER247,USER573,1522.97,2026-09-15T23:26:49.128862,9,DEVICE036,0,Dhaka,0,940,813,3,78.52,0,0,0,0
TXN100941,USER005,USER327,2969.43,2026-09-26T07:06:26.128862,17,DEVICE150,0,Sylhet,0,960,980,1,180.96,0,0,0,0
TXN100801,USER114,USER110,1295.63,2026-09-21T02:39:42.128862,12,DEVICE080,0,Chattogram,0,1129,363,6,13.27,0,1,0,0
TXN200113,USER130,USER280,10152.3,2026-09-07T02:43:00.128862,12,DEVICE129,1,Chattogram,0,579,158,12,7106.8,1,1,1,1
TXN200683,USER185,USER498,49489.96,2026-09-20T16:00:21.128862,2,DEVICE103,0,Chattogram,0,972,192,2,47602.88,1,0,1,1
TXN100256,USER019,USER598,2593.98,2026-09-22T07:37:25.128862,17,DEVICE027,0,Dhaka,0,712,762,1,-391.48,0,0,0,0
TXN201086,USER234,USER129,24757.24,2026-09-09T02:56:10.128862,13,DEVICE267,1,Chattogram,0,479,168,16,22134.17,1,1,1,1
TXN102235,USER239,USER409,2901.85,2026-09-22T22:32:00.128862,8,DEVICE183,0,Dhaka,0,722,372,1,496.65,0,0,0,0
TXN100647,USER231,USER600,680.92,2026-09-12T23:22:06.128862,9,DEVICE200,0,Dhaka,1,561,165,1,-335.38,0,0,0,0
TXN101767,USER144,USER006,2824.68,2026-09-18T20:18:54.128862,6,DEVICE120,0,Chattogram,0,769,247,1,-330.89,1,0,0,0
TXN104105,USER157,USER427,2507.95,2026-09-06T02:43:56.128862,12,DEVICE170,0,Chattogram,0,783,818,2,795.12,0,0,0,0
TXN103935,USER283,USER501,3630.87,2026-09-07T01:43:24.128862,11,DEVICE140,0,Dhaka,0,761,745,3,1118.43,0,0,0,0
TXN200612,USER168,USER132,23828.97,2026-09-29T07:12:27.128862,17,DEVICE108,1,Dhaka,0,570,144,13,21222.73,1,1,1,1
TXN103949,USER145,USER146,2476.45,2026-09-09T22:22:27.128862,8,DEVICE114,0,Sylhet,0,295,330,1,533.98,1,0,0,0
TXN100024,USER214,USER297,2336.63,2026-09-03T21:05:23.128862,7,DEVICE114,0,Dhaka,0,708,911,2,394.51,0,0,0,0
TXN101088,USER092,USER270,2950.83,2026-09-08T05:36:46.128862,15,DEVICE112,0,Dhaka,0,322,398,1,456.73,0,0,0,0
TXN200311,USER271,USER336,45169.98,2026-09-27T18:05:27.128862,4,DEVICE_ROGUE_966,1,Unknown,1,631,15,12,42163.8,1,1,2,1
TXN104165,USER186,USER087,1463.24,2026-10-03T12:09:12.128862,22,DEVICE063,0,Chattogram,0,388,555,1,-252.88,0,0,0,0
TXN100112,USER153,USER475,1670.72,2026-09-21T06:12:47.128862,16,DEVICE169,0,Chattogram,0,406,531,1,-312.15,0,0,0,0
TXN102311,USER199,USER535,3731.3,2026-09-25T18:49:59.128862,5,DEVICE133,0,Sylhet,0,1034,649,1,233.24,0,0,0,0
TXN104647,USER081,USER044,1883.45,2026-09-22T23:35:11.128862,9,DEVICE081,0,Chattogram,0,987,766,1,-432.24,1,0,0,0
TXN100056,USER096,USER509,1094.8,2026-09-15T07:45:04.128862,17,DEVICE176,0,Dhaka,0,1110,804,1,-735.57,0,0,0,0
TXN101309,USER037,USER160,2992.4,2026-10-01T05:14:53.128862,15,DEVICE189,0,Sylhet,0,448,168,2,-46.99,0,0,0,0
TXN100695,USER144,USER443,1547.05,2026-09-19T23:36:33.128862,9,DEVICE120,0,Chattogram,0,769,710,1,-1608.52,0,0,0,0
TXN104366,USER058,USER052,3061.87,2026-09-07T02:10:51.128862,12,DEVICE072,0,Sylhet,0,165,950,2,293.23,0,0,0,0
TXN101227,USER046,USER372,1007.67,2026-09-30T23:27:44.128862,9,DEVICE057,0,Dhaka,0,1052,491,1,-420.87,1,0,0,0
TXN101999,USER299,USER474,399.7,2026-09-23T07:28:10.128862,17,DEVICE120,0,Sylhet,0,367,135,1,-603.46,0,0,0,0
TXN100276,USER138,USER096,4009.72,2026-09-14T00:56:20.128862,11,DEVICE054,0,Chattogram,0,880,338,1,1156.09,0,0,0,0
TXN104060,USER295,USER361,3065.51,2026-09-08T00:40:53.128862,10,DEVICE174,0,Dhaka,0,327,552,1,264.19,0,0,0,0
TXN103007,USER099,USER324,2562.18,2026-09-24T06:25:13.128862,16,DEVICE189,0,Dhaka,0,649,457,1,-859.73,0,0,0,0
TXN101833,USER104,USER036,2413.07,2026-09-11T07:49:18.128862,18,DEVICE018,0,Sylhet,0,1025,744,1,163.25,0,0,0,0
TXN100682,USER085,USER026,1901.66,2026-09-29T05:34:58.128862,15,DEVICE030,0,Sylhet,0,580,719,1,23.28,0,0,0,0
TXN103139,USER139,USER389,3471.13,2026-10-03T12:01:24.128862,22,DEVICE111,0,Chattogram,0,401,312,1,603.38,0,0,0,0
TXN104334,USER242,USER215,2048.91,2026-09-27T13:38:20.128862,23,DEVICE070,0,Chattogram,0,837,712,1,-327.01,1,0,0,0
TXN101137,USER163,USER100,1150.19,2026-09-03T23:30:33.128862,9,DEVICE061,0,Dhaka,0,738,805,1,-267.95,0,0,0,0
TXN103752,USER074,USER352,1237.78,2026-09-27T09:54:11.128862,20,DEVICE068,0,Khulna,1,1110,742,1,-411.85,1,0,0,0
TXN103782,USER038,USER336,2683.0,2026-09-21T21:14:41.128862,7,DEVICE064,0,Dhaka,0,1053,151,2,213.0,0,0,0,0
TXN103011,USER028,USER193,1252.85,2026-09-07T22:00:30.128862,8,DEVICE042,0,Chattogram,0,974,494,2,191.72,0,0,0,0
TXN104088,USER211,USER536,2218.09,2026-09-29T23:07:36.128862,9,DEVICE153,0,Chattogram,0,958,723,1,702.04,1,0,0,0
TXN200033,USER099,USER406,44241.17,2026-09-19T18:12:28.128862,4,DEVICE189,0,Dhaka,0,649,381,3,40819.26,1,0,1,1
TXN101346,USER263,USER416,1830.62,2026-09-06T22:47:37.128862,9,DEVICE053,0,Chattogram,0,244,955,2,32.9,0,0,0,0
TXN102550,USER045,USER407,699.51,2026-09-29T10:25:23.128862,20,DEVICE121,0,Dhaka,0,276,666,1,-315.93,1,0,0,0
TXN200122,USER076,USER216,42406.95,2026-09-15T16:26:28.128862,2,DEVICE028,0,Sylhet,0,195,168,4,40538.74,1,0,0,1
TXN102801,USER175,USER176,3106.71,2026-09-04T01:53:24.128862,12,DEVICE019,0,Sylhet,0,998,834,1,126.47,1,0,0,0
TXN102384,USER049,USER527,2344.71,2026-09-25T23:19:04.128862,9,DEVICE090,0,Chattogram,1,772,800,1,-171.64,0,0,0,0
TXN104766,USER061,USER517,3161.93,2026-10-01T21:42:32.128862,7,DEVICE072,0,Dhaka,0,734,482,1,-309.78,0,0,0,0
TXN104176,USER052,USER041,1261.4,2026-10-02T07:00:02.128862,17,DEVICE058,0,Chattogram,0,419,184,3,-104.27,0,0,0,0
TXN103253,USER279,USER155,1245.81,2026-09-13T06:48:01.128862,17,DEVICE108,0,Sylhet,0,311,497,1,-289.53,0,0,0,0
TXN102609,USER005,USER468,3106.44,2026-09-10T21:02:48.128862,7,DEVICE150,0,Sylhet,0,960,873,1,317.97,0,0,0,0
TXN103254,USER048,USER223,2099.38,2026-09-22T03:40:56.128862,13,DEVICE118,0,Sylhet,0,926,574,2,548.85,1,0,1,0
TXN102569,USER154,USER531,2120.04,2026-09-07T23:47:08.128862,10,DEVICE022,0,Sylhet,0,243,433,3,-77.41,0,0,1,0
TXN102753,USER112,USER571,1714.22,2026-09-03T23:28:44.128862,9,DEVICE077,0,Sylhet,0,939,622,1,203.07,1,0,0,0
TXN200188,USER134,USER034,8384.03,2026-09-24T01:29:42.128862,11,DEVICE082,1,Chattogram,0,179,200,18,5027.27,1,1,2,1
TXN200126,USER018,USER320,45040.89,2026-09-24T16:33:54.128862,2,DEVICE171,0,Chattogram,0,1049,55,3,42649.87,1,0,1,1
TXN100081,USER261,USER412,3184.14,2026-09-05T03:47:21.128862,14,DEVICE107,0,Sylhet,0,325,591,1,5.81,0,0,0,0
TXN101972,USER213,USER036,1932.05,2026-09-23T18:33:26.128862,4,DEVICE194,0,Chattogram,0,1025,185,2,-96.47,1,0,0,0
TXN101714,USER294,USER309,1164.21,2026-09-13T08:18:50.128862,18,DEVICE172,0,Rangpur,1,1098,444,1,-343.07,0,0,0,0
TXN103142,USER212,USER141,2686.03,2026-09-27T21:54:27.128862,8,DEVICE082,0,Dhaka,0,602,661,1,-230.96,0,0,0,0
TXN103622,USER077,USER170,3593.73,2026-09-18T10:10:58.128862,20,DEVICE153,0,Sylhet,0,506,532,1,324.45,0,0,0,0
TXN101946,USER032,USER062,3299.73,2026-09-21T03:29:40.128862,13,DEVICE046,0,Dhaka,0,277,506,2,529.45,0,0,0,0
TXN103317,USER278,USER123,2451.9,2026-09-23T10:56:28.128862,21,DEVICE100,0,Chattogram,0,850,157,3,158.2,0,0,0,0
TXN104084,USER061,USER339,2460.19,2026-09-08T11:24:03.128862,21,DEVICE072,0,Dhaka,0,734,648,1,-1011.52,0,0,0,0
TXN104709,USER216,USER071,1908.05,2026-10-03T03:44:02.128862,13,DEVICE185,0,Sylhet,0,877,209,1,-1579.59,0,0,0,0
TXN101610,USER259,USER109,1545.9,2026-09-16T05:08:36.128862,15,DEVICE331,1,Sylhet,0,694,329,1,29.86,0,0,0,0
TXN104640,USER002,USER130,671.83,2026-09-08T03:24:55.128862,13,DEVICE140,0,Sylhet,0,568,668,1,-195.7,0,0,0,0
TXN102890,USER015,USER547,2139.13,2026-09-27T23:10:51.128862,9,DEVICE054,0,Dhaka,0,681,838,2,-415.56,0,0,0,0
TXN103245,USER255,USER503,3765.12,2026-09-13T08:47:23.128862,19,DEVICE017,0,Sylhet,0,648,569,1,269.29,0,0,0,0
TXN201063,USER284,USER584,38286.39,2026-09-27T16:18:12.128862,2,DEVICE155,0,Sylhet,0,543,357,3,36773.63,1,0,1,1
TXN104625,USER147,USER554,2240.03,2026-10-02T22:41:03.128862,8,DEVICE173,0,Sylhet,0,294,189,1,-16.07,0,0,0,0
TXN100665,USER144,USER541,2913.47,2026-09-08T05:29:38.128862,15,DEVICE120,0,Chattogram,0,769,617,1,-242.1,0,0,0,0
TXN102194,USER127,USER455,699.85,2026-09-17T00:22:45.128862,10,DEVICE174,0,Mymensingh,1,1022,720,3,-152.74,0,0,0,0
TXN200922,USER052,USER387,12021.4,2026-09-15T16:36:46.128862,2,DEVICE335,1,Chattogram,0,419,190,9,10655.73,1,1,1,1
TXN200300,USER224,USER435,48003.85,2026-10-02T18:29:43.128862,4,DEVICE116,0,Dhaka,0,134,94,3,45184.32,1,0,1,1
TXN101017,USER028,USER355,759.09,2026-09-26T10:24:44.128862,20,DEVICE042,0,Chattogram,0,974,200,1,-302.04,0,0,0,0
TXN100557,USER252,USER044,2614.79,2026-09-13T09:38:50.128862,19,DEVICE040,0,Dhaka,0,839,534,1,-215.24,0,0,0,0
TXN104398,USER278,USER164,2338.07,2026-09-09T04:09:00.128862,14,DEVICE100,0,Chattogram,0,850,244,1,44.37,0,0,0,0
TXN200966,USER114,USER556,46290.05,2026-09-05T13:14:54.128862,23,DEVICE_ROGUE_908,1,Coxs Bazar,1,1129,9,11,45007.69,1,1,3,1
TXN101207,USER166,USER553,586.71,2026-09-23T01:27:58.128862,11,DEVICE058,0,Chattogram,0,163,911,1,-404.6,0,0,0,0
TXN103802,USER255,USER290,3619.15,2026-09-15T23:33:49.128862,9,DEVICE017,0,Sylhet,0,648,93,1,123.32,0,0,0,0
TXN103024,USER094,USER076,1746.6,2026-09-10T04:28:28.128862,14,DEVICE134,0,Sylhet,0,330,662,1,-193.23,0,0,0,0
TXN101510,USER188,USER307,1363.14,2026-09-17T08:54:57.128862,19,DEVICE168,0,Dhaka,0,1177,545,1,-108.23,0,0,0,0
TXN200314,USER111,USER450,25506.81,2026-09-23T15:09:25.128862,1,DEVICE_ROGUE_992,1,Sylhet,1,655,12,10,22342.01,1,1,4,1
TXN200749,USER255,USER597,19543.62,2026-09-19T05:51:10.128862,16,DEVICE286,1,Sylhet,0,7,17,16,16047.79,1,1,0,1
TXN104201,USER058,USER399,2504.4,2026-09-24T23:12:50.128862,9,DEVICE072,0,Sylhet,0,165,763,1,-264.24,0,0,0,0
TXN104567,USER082,USER398,1400.48,2026-10-01T22:06:56.128862,8,DEVICE112,0,Sylhet,0,1082,783,1,-108.92,0,0,0,0
TXN100266,USER069,USER351,792.03,2026-09-19T13:08:01.128862,23,DEVICE008,0,Sylhet,0,936,1000,1,-859.69,0,0,1,0
TXN102688,USER171,USER433,4520.24,2026-09-14T00:57:11.128862,11,DEVICE063,0,Sylhet,0,275,481,1,1194.35,0,0,1,0
TXN200662,USER018,USER146,33661.23,2026-09-29T12:49:01.128862,23,DEVICE_ROGUE_989,1,Coxs Bazar,1,1049,6,5,31270.21,1,1,2,1
TXN102111,USER282,USER093,1220.61,2026-09-13T20:47:05.128862,7,DEVICE189,0,Dhaka,0,141,993,1,-129.1,0,0,0,0
TXN102943,USER029,USER338,2070.34,2026-10-02T17:56:37.128862,4,DEVICE046,0,Chattogram,1,750,862,1,-1017.89,0,0,0,0
TXN101909,USER119,USER596,2171.49,2026-09-12T05:37:44.128862,15,DEVICE179,0,Khulna,1,1092,793,1,-272.73,0,0,0,0
TXN103105,USER238,USER208,1388.15,2026-09-26T18:34:48.128862,4,DEVICE020,0,Chattogram,0,170,253,2,-76.63,0,0,0,0
TXN103903,USER216,USER280,3878.2,2026-09-08T10:06:39.128862,20,DEVICE185,0,Sylhet,0,877,886,2,390.56,0,0,0,0
TXN103951,USER267,USER539,2376.95,2026-09-09T08:50:19.128862,19,DEVICE150,0,Chattogram,0,839,376,3,-74.58,0,0,1,0
TXN104236,USER281,USER391,2387.93,2026-09-14T09:41:15.128862,19,DEVICE192,0,Dhaka,0,1055,153,2,-349.62,0,0,0,0
TXN103570,USER001,USER342,2930.13,2026-09-29T10:19:26.128862,20,DEVICE039,0,Sylhet,0,235,774,1,403.68,0,0,1,0
TXN200023,USER201,USER454,40946.63,2026-09-18T13:19:36.128862,23,DEVICE_ROGUE_985,1,Coxs Bazar,1,1031,8,7,37530.34,1,1,3,1
TXN103217,USER155,USER126,1165.24,2026-09-22T23:59:26.128862,10,DEVICE073,0,Dhaka,0,1051,616,1,38.53,0,0,0,0
TXN101784,USER043,USER103,1603.22,2026-09-20T03:09:19.128862,13,DEVICE098,0,Sylhet,0,982,205,2,187.89,0,0,0,0
TXN101237,USER047,USER416,1472.39,2026-09-19T00:25:24.128862,10,DEVICE052,0,Chattogram,0,802,936,1,399.69,0,0,0,0
TXN200191,USER182,USER101,8392.94,2026-09-06T19:08:59.128862,5,DEVICE117,1,Sylhet,0,690,81,20,5774.86,1,1,2,1
TXN104700,USER047,USER309,1205.82,2026-09-08T12:38:16.128862,22,DEVICE052,0,Chattogram,0,802,467,2,133.12,1,0,0,0
TXN104200,USER254,USER479,1659.52,2026-09-12T06:53:30.128862,17,DEVICE055,0,Dhaka,0,1117,354,2,-377.85,0,0,0,0
TXN200065,USER163,USER335,38090.7,2026-09-12T03:52:12.128862,14,DEVICE185,1,Dhaka,0,18,7,10,36672.56,1,1,0,1
TXN201120,USER249,USER408,38443.06,2026-09-07T18:00:31.128862,4,DEVICE_ROGUE_936,1,Coxs Bazar,1,501,2,7,35829.5,1,1,2,1
TXN102186,USER002,USER348,889.85,2026-09-30T23:06:53.128862,9,DEVICE140,0,Sylhet,0,568,334,2,22.32,1,0,0,0
TXN103447,USER169,USER182,1224.97,2026-09-13T07:22:24.128862,17,DEVICE007,0,Chattogram,0,678,943,1,-153.47,1,0,0,0
TXN100908,USER109,USER024,1829.06,2026-09-25T11:12:30.128862,21,DEVICE170,0,Sylhet,0,369,205,1,-195.99,1,0,0,0
TXN104318,USER221,USER365,3948.91,2026-09-13T19:57:31.128862,6,DEVICE041,0,Sylhet,0,825,930,1,533.39,0,0,0,0
TXN101303,USER086,USER054,2241.91,2026-09-26T06:04:29.128862,16,DEVICE099,0,Dhaka,0,414,101,1,849.74,0,0,0,0
TXN200801,USER112,USER143,23322.62,2026-09-10T11:10:45.128862,21,DEVICE077,0,Sylhet,0,19,22,17,21811.47,1,1,0,1
TXN101627,USER150,USER424,1487.92,2026-09-03T21:53:36.128862,8,DEVICE122,0,Dhaka,0,121,780,3,-153.71,1,0,0,0
TXN101522,USER051,USER450,1116.17,2026-09-21T08:26:36.128862,18,DEVICE059,0,Dhaka,0,304,679,2,-683.32,1,0,0,0
TXN100835,USER271,USER044,1083.45,2026-09-09T05:29:12.128862,15,DEVICE148,0,Dhaka,0,631,290,1,-1922.73,1,0,0,0
TXN100358,USER022,USER494,2915.03,2026-09-14T01:17:10.128862,11,DEVICE144,0,Chattogram,0,1114,949,4,230.05,0,1,0,0
TXN100138,USER016,USER280,2310.89,2026-09-18T08:16:27.128862,18,DEVICE175,0,Chattogram,0,989,502,1,39.55,1,0,0,0
TXN100299,USER196,USER397,3517.16,2026-09-29T02:28:33.128862,12,DEVICE057,0,Khulna,1,1109,267,1,391.52,0,0,0,0
TXN101556,USER288,USER147,1113.26,2026-09-20T06:38:29.128862,16,DEVICE070,0,Chattogram,0,926,178,3,64.05,0,0,0,0
TXN101003,USER035,USER450,1297.74,2026-09-16T02:40:17.128862,12,DEVICE106,0,Sylhet,0,641,589,3,-524.3,0,0,0,0
TXN100382,USER097,USER329,2589.6,2026-09-04T17:19:14.128862,3,DEVICE185,0,Chattogram,0,687,335,2,-899.93,1,0,0,0
TXN104194,USER108,USER248,2737.79,2026-09-26T09:02:24.128862,19,DEVICE171,1,Gazipur,1,1130,980,1,763.92,0,0,0,0
TXN100761,USER155,USER512,824.79,2026-09-07T12:30:47.128862,22,DEVICE073,0,Dhaka,0,1051,642,1,-301.92,1,0,0,0
TXN200921,USER228,USER287,46024.78,2026-09-09T17:28:41.128862,3,DEVICE164,0,Dhaka,0,190,314,4,42922.44,1,0,1,1
TXN102954,USER233,USER105,1428.84,2026-10-01T22:23:28.128862,8,DEVICE125,0,Chattogram,0,538,926,1,-977.75,0,0,0,0
TXN104174,USER124,USER112,1516.55,2026-09-04T01:14:08.128862,11,DEVICE108,0,Chattogram,0,796,854,2,-715.4,0,0,0,0
TXN200047,USER189,USER588,17214.57,2026-10-01T20:41:17.128862,6,DEVICE204,1,Sylhet,0,933,16,17,15901.01,1,1,1,1
TXN104439,USER185,USER524,1728.77,2026-09-27T07:30:31.128862,17,DEVICE103,0,Chattogram,0,972,718,1,-158.31,1,0,0,0
TXN101402,USER137,USER566,674.9,2026-09-11T00:54:14.128862,11,DEVICE074,0,Dhaka,0,870,285,1,-311.97,1,0,0,0
TXN102937,USER124,USER281,1823.0,2026-09-29T04:53:10.128862,15,DEVICE108,0,Chattogram,0,796,459,2,-408.95,0,0,1,0
TXN201043,USER255,USER220,35461.79,2026-09-22T09:38:15.128862,19,DEVICE017,0,Sylhet,0,25,18,18,31965.96,1,1,0,1
TXN101932,USER021,USER045,3430.99,2026-09-21T00:40:07.128862,10,DEVICE200,0,Chattogram,0,647,125,1,455.28,0,0,0,0
TXN103210,USER203,USER162,3182.69,2026-09-05T07:54:28.128862,18,DEVICE293,1,Sylhet,0,109,908,1,91.21,0,0,0,0
TXN102897,USER213,USER111,1626.44,2026-09-21T01:15:56.128862,11,DEVICE194,0,Chattogram,0,1025,207,2,-402.08,0,0,0,0
TXN200767,USER108,USER139,31213.62,2026-09-20T15:22:23.128862,1,DEVICE_ROGUE_981,1,Coxs Bazar,1,1130,9,12,29239.75,1,1,4,1
TXN200343,USER267,USER476,19818.72,2026-09-16T10:12:33.128862,20,DEVICE150,0,Chattogram,0,30,19,18,17367.19,1,1,0,1
TXN102827,USER225,USER551,1107.49,2026-09-14T10:34:21.128862,20,DEVICE067,0,Sylhet,0,900,577,1,153.14,0,0,0,0
TXN103870,USER127,USER374,464.86,2026-09-03T20:53:38.128862,7,DEVICE174,0,Sylhet,0,1022,554,1,-387.73,0,0,0,0
TXN102755,USER229,USER575,512.8,2026-09-30T04:47:06.128862,15,DEVICE071,0,Sylhet,0,1107,742,2,-712.27,0,0,0,0
TXN100058,USER228,USER360,4110.14,2026-09-27T02:41:11.128862,12,DEVICE164,0,Dhaka,0,190,341,4,1007.8,0,1,0,0
TXN100076,USER296,USER321,2421.73,2026-09-08T23:16:45.128862,9,DEVICE104,0,Chattogram,0,289,569,1,132.19,1,0,0,0
TXN100796,USER132,USER488,1063.48,2026-09-25T10:52:55.128862,21,DEVICE078,0,Dhaka,0,568,802,1,107.08,0,0,0,0
TXN102416,USER112,USER337,1729.86,2026-09-06T22:47:19.128862,9,DEVICE077,0,Sylhet,0,939,418,2,218.71,0,0,0,0
TXN102985,USER260,USER446,1763.73,2026-09-18T09:13:58.128862,19,DEVICE120,0,Dhaka,0,783,471,1,-1556.07,1,0,0,0
TXN104387,USER223,USER183,2290.22,2026-09-25T08:04:52.128862,18,DEVICE122,0,Sylhet,0,694,489,1,26.29,0,0,0,0
TXN100785,USER056,USER171,2067.96,2026-09-05T20:09:20.128862,6,DEVICE103,0,Dhaka,0,680,659,1,-376.69,0,0,0,0
TXN200217,USER059,USER160,38219.08,2026-09-27T16:23:40.128862,2,DEVICE018,0,Sylhet,0,1021,359,2,36977.89,1,0,1,1
TXN200267,USER239,USER151,32221.11,2026-09-29T17:08:39.128862,3,DEVICE_ROGUE_939,1,Sylhet,1,722,11,6,29815.91,1,1,3,1
TXN102217,USER057,USER176,1566.21,2026-09-16T08:10:21.128862,18,DEVICE017,1,Sylhet,0,910,920,2,304.14,1,0,0,0
TXN200521,USER142,USER257,8054.51,2026-09-11T14:07:58.128862,0,DEVICE340,1,Sylhet,0,348,11,14,5770.04,1,1,1,1
TXN200228,USER260,USER188,8538.27,2026-09-13T22:46:07.128862,9,DEVICE053,1,Dhaka,0,783,116,10,5218.47,1,1,2,1
TXN103504,USER132,USER280,821.44,2026-09-16T21:54:02.128862,8,DEVICE078,0,Dhaka,0,568,569,2,-134.96,1,0,0,0
TXN103370,USER139,USER055,3446.07,2026-09-25T12:30:17.128862,22,DEVICE111,0,Chattogram,0,401,368,1,578.32,0,0,0,0
TXN103982,USER101,USER488,661.96,2026-09-25T08:25:28.128862,18,DEVICE051,0,Chattogram,0,1078,223,1,-169.04,0,0,0,0
TXN104628,USER150,USER474,1761.46,2026-09-22T09:26:55.128862,19,DEVICE122,0,Dhaka,0,121,233,4,119.83,0,1,0,0
TXN100910,USER176,USER305,1574.68,2026-09-14T22:11:43.128862,8,DEVICE117,0,Chattogram,0,430,224,1,260.57,0,0,0,0
TXN102172,USER010,USER238,888.72,2026-09-05T06:33:01.128862,16,DEVICE011,0,Sylhet,0,381,439,1,8.27,0,0,0,0
TXN103518,USER161,USER585,780.92,2026-09-13T07:03:00.128862,17,DEVICE024,0,Chattogram,0,1182,147,4,-210.76,0,1,0,0
TXN102309,USER083,USER350,1750.36,2026-09-18T02:32:45.128862,12,DEVICE156,0,Cumilla,1,338,852,1,-628.02,0,0,0,0
TXN201094,USER278,USER329,45990.51,2026-09-25T16:55:51.128862,3,DEVICE_ROGUE_937,1,Coxs Bazar,1,850,12,10,43696.81,1,1,2,1
TXN101257,USER271,USER013,2948.15,2026-09-15T14:04:14.128862,0,DEVICE148,0,Dhaka,0,631,443,3,-58.03,0,0,0,0
TXN102495,USER074,USER249,1683.74,2026-09-23T23:32:09.128862,9,DEVICE068,0,Gazipur,1,1110,775,1,34.11,0,0,0,0
TXN104520,USER223,USER410,1991.04,2026-09-05T01:19:58.128862,11,DEVICE122,0,Sylhet,0,694,892,1,-272.89,0,0,0,0
TXN200085,USER231,USER189,14848.37,2026-09-06T07:49:26.128862,18,DEVICE224,1,Chattogram,0,561,175,20,13832.07,1,1,2,1
TXN101178,USER072,USER468,3583.2,2026-09-04T08:37:58.128862,18,DEVICE046,0,Sylhet,0,1151,322,1,237.34,0,0,0,0
TXN104513,USER192,USER460,1714.05,2026-09-14T01:15:32.128862,11,DEVICE198,0,Dhaka,0,448,212,3,161.98,0,0,0,0
TXN200098,USER105,USER416,41416.48,2026-09-28T16:32:42.128862,2,DEVICE171,0,Dhaka,0,386,176,4,39896.05,1,0,1,1
TXN100442,USER068,USER208,991.29,2026-09-27T14:01:13.128862,0,DEVICE085,0,Sylhet,0,1036,616,3,104.62,0,0,0,0
TXN104066,USER138,USER199,2865.23,2026-09-10T08:11:44.128862,18,DEVICE054,0,Chattogram,0,880,220,4,11.6,0,1,0,0
TXN103038,USER064,USER179,2467.93,2026-09-12T07:53:48.128862,18,DEVICE131,0,Dhaka,0,327,442,6,-180.53,0,1,0,0
TXN103296,USER239,USER512,3182.91,2026-09-28T22:56:59.128862,9,DEVICE183,0,Dhaka,0,722,896,1,777.71,0,0,0,0
TXN200919,USER298,USER318,46617.06,2026-10-01T18:05:54.128862,4,DEVICE043,0,Chattogram,0,1190,81,4,45790.95,1,0,0,1
TXN101054,USER039,USER335,3170.64,2026-09-13T22:02:42.128862,8,DEVICE069,0,Dhaka,0,1152,855,2,44.03,1,0,0,0
TXN102669,USER189,USER446,1667.81,2026-09-14T04:47:09.128862,15,DEVICE177,0,Sylhet,0,933,391,1,354.25,0,0,1,0
TXN104596,USER104,USER054,2067.76,2026-09-28T23:07:45.128862,9,DEVICE018,0,Sylhet,0,1025,239,1,-182.06,0,0,0,0
TXN103044,USER186,USER029,1862.66,2026-09-04T07:08:16.128862,17,DEVICE063,0,Chattogram,0,388,638,1,146.54,0,0,0,0
TXN101415,USER091,USER296,1554.72,2026-09-17T04:42:23.128862,14,DEVICE182,0,Chattogram,0,550,260,1,458.67,0,0,0,0
TXN102372,USER113,USER276,1539.98,2026-09-21T05:47:17.128862,16,DEVICE130,0,Sylhet,0,786,508,2,-611.6,0,0,0,0
TXN104237,USER143,USER141,2056.42,2026-10-03T06:02:02.128862,16,DEVICE083,0,Sylhet,0,1118,869,1,540.77,0,0,0,0
TXN102972,USER187,USER083,3153.35,2026-09-06T18:24:32.128862,4,DEVICE038,0,Dhaka,0,590,787,2,26.83,1,0,0,0
TXN200628,USER268,USER501,32520.72,2026-09-21T10:09:49.128862,20,DEVICE179,0,Chattogram,0,7,21,7,29055.19,1,1,0,1
TXN103685,USER088,USER195,1638.36,2026-09-26T23:06:57.128862,9,DEVICE049,0,Sylhet,0,118,76,1,-537.36,1,0,0,0
TXN200366,USER124,USER009,43651.41,2026-09-22T16:07:08.128862,2,DEVICE_ROGUE_983,1,Coxs Bazar,1,796,12,10,41419.46,1,1,2,1
TXN101502,USER009,USER079,1910.7,2026-10-01T20:53:27.128862,7,DEVICE033,0,Mymensingh,1,634,482,2,-28.49,0,0,0,0
TXN104702,USER148,USER338,2067.78,2026-09-08T00:02:00.128862,10,DEVICE055,0,Dhaka,0,1167,305,2,-703.03,1,0,0,0
TXN103844,USER163,USER314,1174.72,2026-09-27T19:45:47.128862,6,DEVICE061,0,Dhaka,0,738,995,1,-243.42,0,0,0,0
TXN102011,USER272,USER509,2171.03,2026-09-27T23:10:21.128862,9,DEVICE098,0,Sylhet,0,1188,766,1,562.71,0,0,0,0
TXN200456,USER294,USER583,22167.87,2026-09-17T02:55:29.128862,13,DEVICE249,1,Dhaka,0,13,6,16,20660.59,1,1,0,1
TXN200455,USER118,USER494,38319.36,2026-10-02T15:12:45.128862,1,DEVICE_ROGUE_977,1,Chattogram,1,701,6,12,35794.2,1,1,3,1
TXN102859,USER171,USER152,4892.38,2026-09-07T03:30:20.128862,13,DEVICE063,0,Sylhet,0,275,246,1,1566.49,0,0,0,0
TXN200036,USER012,USER282,43629.1,2026-09-06T06:50:52.128862,17,DEVICE316,1,Dhaka,0,24,9,18,41464.64,1,1,0,1
TXN104531,USER229,USER414,1276.01,2026-09-07T05:00:56.128862,15,DEVICE071,0,Sylhet,0,1107,844,1,50.94,0,0,0,0
TXN103464,USER164,USER190,2833.92,2026-09-24T22:52:04.128862,9,DEVICE173,0,Chattogram,0,1089,583,1,-410.71,0,0,0,0
TXN100006,USER166,USER017,740.31,2026-09-04T21:54:00.128862,8,DEVICE058,0,Chattogram,0,163,125,1,-251.0,0,0,0,0
TXN102487,USER201,USER322,3072.88,2026-09-16T11:24:43.128862,21,DEVICE013,0,Chattogram,0,1031,511,3,-343.41,0,0,0,0
TXN100678,USER216,USER050,4179.49,2026-09-13T11:41:31.128862,21,DEVICE185,0,Sylhet,0,877,560,1,691.85,1,0,0,0
TXN101943,USER087,USER003,4684.04,2026-09-14T20:44:25.128862,6,DEVICE148,0,Chattogram,0,726,258,2,1190.69,0,0,0,0
TXN103716,USER014,USER137,1494.88,2026-09-28T04:20:53.128862,14,DEVICE092,0,Dhaka,0,719,452,1,158.02,0,0,1,0
TXN200720,USER218,USER021,42362.03,2026-09-16T03:37:25.128862,13,DEVICE353,1,Chattogram,0,14,15,6,39622.33,1,1,0,1
TXN200843,USER223,USER395,12353.45,2026-09-29T07:55:02.128862,18,DEVICE126,1,Sylhet,0,694,75,15,10089.52,1,1,1,1
TXN104602,USER232,USER118,1170.29,2026-09-17T20:33:13.128862,6,DEVICE134,0,Chattogram,0,811,598,1,-131.44,0,0,0,0
TXN102607,USER045,USER491,778.75,2026-09-27T13:09:51.128862,23,DEVICE384,1,Dhaka,0,276,783,2,-236.69,0,0,0,0
TXN104660,USER069,USER047,563.3,2026-09-09T06:57:13.128862,17,DEVICE008,0,Sylhet,0,936,548,2,-1088.42,0,0,0,0
TXN200716,USER184,USER393,38228.43,2026-10-01T13:13:20.128862,23,DEVICE_ROGUE_903,1,Coxs Bazar,1,857,7,11,37162.7,1,1,2,1
TXN101064,USER028,USER275,1085.47,2026-09-11T03:06:53.128862,13,DEVICE042,0,Chattogram,0,974,479,1,24.34,0,0,0,0
TXN103732,USER097,USER224,3774.53,2026-09-05T07:03:19.128862,17,DEVICE185,0,Chattogram,0,687,552,3,285.0,1,0,0,0
TXN102242,USER246,USER157,2210.38,2026-09-24T08:43:59.128862,18,DEVICE021,0,Sylhet,0,759,929,1,-523.34,0,0,0,0
TXN101474,USER044,USER138,1388.31,2026-09-23T09:18:48.128862,19,DEVICE010,0,Dhaka,0,1097,544,1,-193.04,0,0,0,0
TXN104449,USER162,USER435,1859.5,2026-09-12T09:54:04.128862,20,DEVICE193,0,Dhaka,0,868,320,1,-644.48,0,0,0,0
TXN101889,USER133,USER283,3159.31,2026-09-13T04:59:49.128862,15,DEVICE104,0,Chattogram,0,931,330,5,-11.32,1,1,0,0
TXN103454,USER059,USER574,1293.93,2026-10-02T05:51:19.128862,16,DEVICE018,0,Sylhet,0,1021,963,1,52.74,1,0,0,0
TXN102021,USER023,USER429,1553.49,2026-09-12T03:30:01.128862,13,DEVICE105,0,Chattogram,0,1195,681,1,-165.19,0,0,0,0
TXN200435,USER045,USER505,45819.69,2026-09-03T16:53:23.128862,3,DEVICE121,0,Dhaka,0,276,30,5,44804.25,1,0,0,1
TXN104270,USER022,USER282,2343.96,2026-09-15T06:49:34.128862,17,DEVICE144,0,Chattogram,0,1114,917,1,-341.02,0,0,0,0
TXN102658,USER131,USER039,1534.92,2026-09-28T04:36:36.128862,14,DEVICE146,0,Chattogram,0,874,315,2,-95.37,0,0,0,0
TXN102467,USER003,USER406,1186.22,2026-09-07T23:37:35.128862,9,DEVICE010,0,Dhaka,0,631,184,2,-356.36,0,0,0,0
TXN102751,USER079,USER544,1117.42,2026-09-15T09:11:41.128862,19,DEVICE089,0,Dhaka,0,358,217,1,-397.76,0,0,0,0
TXN101130,USER183,USER038,2846.27,2026-09-16T04:00:24.128862,14,DEVICE099,0,Chattogram,0,824,804,1,-610.98,1,0,0,0
TXN101461,USER221,USER049,2137.94,2026-09-29T11:36:30.128862,21,DEVICE041,0,Sylhet,0,825,486,1,-1277.58,1,0,0,0
TXN104689,USER241,USER158,2337.71,2026-09-12T08:48:10.128862,19,DEVICE061,0,Chattogram,0,158,428,1,405.8,0,0,0,0
TXN200630,USER159,USER511,37566.94,2026-09-23T16:10:22.128862,2,DEVICE159,0,Sylhet,0,254,322,5,36145.63,1,0,0,1
TXN103308,USER198,USER224,1115.81,2026-09-25T22:02:06.128862,8,DEVICE053,1,Sylhet,1,565,477,1,179.22,0,0,0,0
TXN103260,USER082,USER008,1480.28,2026-09-18T12:10:43.128862,22,DEVICE112,0,Sylhet,0,1082,785,1,-29.12,1,0,0,0
TXN100222,USER166,USER140,1365.48,2026-09-27T12:13:03.128862,22,DEVICE058,0,Chattogram,0,163,384,1,374.17,1,0,0,0
TXN200762,USER218,USER381,41634.74,2026-09-16T17:15:26.128862,3,DEVICE110,0,Chattogram,0,308,337,5,38895.04,1,0,1,1
TXN100048,USER122,USER309,3048.97,2026-09-10T21:11:53.128862,7,DEVICE033,0,Dhaka,0,1193,173,1,792.65,0,0,0,0
TXN100573,USER244,USER376,2383.91,2026-09-09T07:13:56.128862,17,DEVICE082,0,Sylhet,0,274,423,1,-939.8,0,0,0,0
TXN101236,USER256,USER092,1922.05,2026-09-23T01:20:00.128862,11,DEVICE107,0,Chattogram,0,426,384,1,-1567.41,0,0,0,0
TXN104561,USER071,USER267,932.66,2026-09-14T19:28:12.128862,5,DEVICE067,0,Chattogram,0,474,789,1,-436.99,0,0,0,0
TXN201015,USER187,USER316,49352.83,2026-09-18T15:14:16.128862,1,DEVICE_ROGUE_992,1,Coxs Bazar,1,590,7,10,46226.31,1,1,2,1
TXN200589,USER096,USER396,45638.84,2026-09-10T15:53:44.128862,2,DEVICE176,0,Dhaka,0,1110,75,3,43808.47,1,0,0,1
TXN102282,USER227,USER581,2867.38,2026-09-26T00:09:29.128862,10,DEVICE064,0,Dhaka,0,106,159,2,709.68,0,0,0,0
TXN104078,USER269,USER066,2915.58,2026-09-22T19:15:54.128862,5,DEVICE006,0,Sylhet,0,898,492,1,349.84,0,0,0,0
TXN100267,USER115,USER135,4648.44,2026-09-03T23:22:45.128862,9,DEVICE171,0,Chattogram,0,637,726,2,1384.34,0,0,0,0
TXN101104,USER192,USER472,1377.01,2026-09-26T20:00:32.128862,6,DEVICE198,0,Dhaka,0,448,983,2,-175.06,0,0,0,0
TXN102305,USER145,USER213,2215.6,2026-09-16T22:35:08.128862,8,DEVICE114,0,Sylhet,0,295,194,1,273.13,0,0,0,0
TXN200317,USER247,USER162,9206.68,2026-09-19T14:45:37.128862,1,DEVICE109,1,Dhaka,0,940,119,15,7762.23,1,1,2,1
TXN101935,USER299,USER113,1119.14,2026-09-12T04:20:47.128862,14,DEVICE120,0,Sylhet,0,367,372,1,115.98,0,0,0,0
TXN100386,USER102,USER472,2569.26,2026-09-07T07:18:55.128862,17,DEVICE094,0,Sylhet,0,1057,757,3,-176.69,0,0,0,0
TXN101701,USER128,USER367,3052.44,2026-09-23T06:26:05.128862,16,DEVICE192,0,Sylhet,0,749,269,1,-256.13,0,0,0,0
TXN101628,USER108,USER072,1577.78,2026-09-29T04:37:24.128862,14,DEVICE081,0,Sylhet,0,1130,168,2,-396.09,0,0,0,0
TXN103200,USER105,USER191,1842.87,2026-09-26T21:58:31.128862,8,DEVICE171,0,Dhaka,0,386,637,2,322.44,0,0,0,0
TXN102714,USER137,USER350,1199.72,2026-09-16T22:04:56.128862,8,DEVICE074,0,Dhaka,0,870,811,1,212.85,0,0,1,0
TXN102986,USER228,USER283,3072.62,2026-09-04T04:00:14.128862,14,DEVICE164,0,Dhaka,0,190,881,2,-29.72,0,0,0,0
TXN200445,USER292,USER155,41328.31,2026-09-17T16:12:13.128862,2,DEVICE100,0,Chattogram,0,166,366,4,38446.29,1,0,1,1
TXN101563,USER053,USER302,1533.13,2026-09-19T17:41:32.128862,3,DEVICE007,0,Sylhet,0,765,937,2,12.29,1,0,0,0
TXN103578,USER158,USER069,2721.08,2026-09-19T00:17:36.128862,10,DEVICE163,0,Sylhet,0,904,316,1,332.65,1,0,0,0
TXN100209,USER072,USER125,2482.1,2026-09-29T16:34:27.128862,2,DEVICE046,0,Sylhet,0,1151,441,2,-863.76,0,0,0,0
TXN100909,USER153,USER463,1960.36,2026-09-20T08:58:55.128862,19,DEVICE169,0,Chattogram,0,406,115,1,-22.51,1,0,0,0
TXN101289,USER098,USER583,1280.26,2026-09-30T23:31:55.128862,9,DEVICE190,0,Chattogram,0,1132,534,1,-948.35,0,0,0,0
TXN104528,USER104,USER132,1937.0,2026-09-08T07:03:08.128862,17,DEVICE018,0,Sylhet,0,1025,539,2,-312.82,1,0,0,0
TXN200152,USER069,USER004,37325.65,2026-09-20T18:01:38.128862,4,DEVICE008,0,Sylhet,0,936,323,2,35673.93,1,0,0,1
TXN101842,USER060,USER309,2437.72,2026-10-02T08:04:26.128862,18,DEVICE198,0,Gazipur,1,270,482,2,613.19,0,0,0,0
TXN102497,USER267,USER437,1886.34,2026-09-06T22:49:21.128862,9,DEVICE150,0,Chattogram,0,839,87,1,-565.19,0,0,0,0
TXN200104,USER108,USER028,26780.9,2026-09-08T16:07:50.128862,2,DEVICE_ROGUE_913,1,Coxs Bazar,1,1130,2,7,24807.03,1,1,3,1
TXN104323,USER069,USER507,1423.92,2026-09-12T03:03:54.128862,13,DEVICE008,0,Sylhet,0,936,854,1,-227.8,0,0,0,0
TXN100958,USER136,USER122,2353.64,2026-09-06T10:07:40.128862,20,DEVICE078,0,Chattogram,0,1058,501,3,241.47,0,0,0,0
TXN101793,USER146,USER066,1023.93,2026-09-12T20:25:52.128862,6,DEVICE114,0,Dhaka,0,991,729,1,-347.93,0,0,0,0
TXN102088,USER148,USER513,2895.24,2026-09-20T09:36:24.128862,19,DEVICE055,0,Dhaka,0,1167,343,1,124.43,0,0,0,0
TXN102702,USER073,USER364,2281.3,2026-09-10T04:03:10.128862,14,DEVICE149,0,Dhaka,0,830,385,1,-884.89,0,0,0,0
TXN100331,USER004,USER514,1703.35,2026-09-18T09:55:27.128862,20,DEVICE095,0,Chattogram,0,495,276,2,300.68,1,0,0,0
TXN103334,USER229,USER210,1854.3,2026-09-20T05:32:22.128862,15,DEVICE071,0,Sylhet,0,1107,713,1,629.23,0,0,0,0
TXN103881,USER258,USER519,1125.68,2026-09-18T03:36:17.128862,13,DEVICE085,0,Sylhet,0,1076,650,1,-249.84,0,0,0,0
TXN102991,USER211,USER147,1455.5,2026-09-12T02:06:02.128862,12,DEVICE153,0,Chattogram,0,958,458,1,-60.55,1,0,0,0
TXN102459,USER273,USER289,1854.97,2026-09-11T07:32:22.128862,17,DEVICE123,0,Sylhet,0,343,368,3,-736.18,0,0,0,0
TXN101774,USER285,USER587,1918.6,2026-09-30T23:11:35.128862,9,DEVICE057,0,Dhaka,0,219,543,1,-200.44,0,0,0,0
TXN104211,USER167,USER055,1878.1,2026-09-04T07:37:59.128862,17,DEVICE051,0,Sylhet,0,230,869,1,435.49,1,0,0,0
TXN104741,USER068,USER469,884.7,2026-09-25T02:54:17.128862,13,DEVICE085,0,Sylhet,0,1036,457,3,-1.97,1,0,0,0
TXN104151,USER285,USER184,2108.02,2026-09-27T04:59:46.128862,15,DEVICE057,0,Sylhet,1,219,806,4,-11.02,0,1,0,0
TXN104163,USER213,USER553,2723.18,2026-10-03T09:32:29.128862,19,DEVICE194,0,Chattogram,0,1025,780,3,694.66,0,0,0,0
TXN200067,USER131,USER111,47094.64,2026-09-19T15:59:23.128862,2,DEVICE146,0,Chattogram,0,874,86,2,45464.35,1,0,1,1
TXN200490,USER117,USER173,27517.77,2026-09-08T13:00:44.128862,23,DEVICE_ROGUE_906,1,Sylhet,1,669,7,11,25911.97,1,1,4,1
TXN103765,USER069,USER495,1906.03,2026-09-22T00:43:58.128862,10,DEVICE008,0,Sylhet,0,936,459,1,254.31,0,0,0,0
TXN102809,USER277,USER238,982.39,2026-09-24T08:20:50.128862,18,DEVICE193,0,Dhaka,0,870,454,2,-106.61,0,0,0,0
TXN101710,USER168,USER349,2501.28,2026-09-14T05:36:55.128862,15,DEVICE064,1,Dhaka,0,570,799,1,-104.96,0,0,0,0
TXN104579,USER093,USER060,3409.16,2026-09-28T08:10:44.128862,18,DEVICE001,0,Sylhet,0,1035,724,1,470.55,1,0,0,0
TXN102478,USER227,USER025,2865.47,2026-09-30T01:15:53.128862,11,DEVICE064,0,Dhaka,0,106,198,1,707.77,1,0,0,0
TXN101366,USER097,USER001,3563.09,2026-09-20T10:36:19.128862,20,DEVICE185,0,Chattogram,0,687,771,1,73.56,0,0,0,0
TXN100173,USER213,USER385,1626.43,2026-09-24T03:36:09.128862,13,DEVICE194,0,Chattogram,0,1025,827,1,-402.09,0,0,0,0
TXN104039,USER124,USER341,849.99,2026-09-15T02:32:57.128862,12,DEVICE108,0,Chattogram,0,796,578,1,-1381.96,0,0,0,0
TXN104419,USER259,USER057,2028.98,2026-09-11T08:18:10.128862,18,DEVICE139,0,Sylhet,0,694,849,5,512.94,0,1,0,0
TXN104443,USER082,USER149,1385.89,2026-10-03T06:17:53.128862,16,DEVICE112,0,Sylhet,0,1082,810,1,-123.51,0,0,0,0
TXN201197,USER188,USER574,29137.44,2026-09-14T16:26:30.128862,2,DEVICE_ROGUE_915,1,Chattogram,1,1177,9,6,27666.07,1,1,4,1
TXN104092,USER060,USER050,2859.49,2026-09-15T20:46:18.128862,7,DEVICE198,0,Sylhet,0,270,1000,1,1034.96,0,0,0,0
TXN101952,USER011,USER416,865.46,2026-09-19T11:16:37.128862,21,DEVICE079,0,Barishal,1,236,905,2,-524.86,0,0,1,0
TXN103203,USER293,USER203,2777.99,2026-09-20T06:07:52.128862,16,DEVICE087,0,Chattogram,0,713,153,1,257.78,0,0,0,0
TXN103353,USER041,USER486,3106.45,2026-10-02T21:06:56.128862,7,DEVICE180,0,Dhaka,0,659,222,2,404.11,1,0,0,0
TXN102036,USER026,USER487,1696.61,2026-09-20T16:10:41.128862,2,DEVICE040,0,Chattogram,0,254,215,1,-12.2,0,0,1,0
TXN103878,USER231,USER239,1025.84,2026-09-07T05:35:12.128862,15,DEVICE103,1,Chattogram,0,561,316,1,9.54,1,0,0,0
TXN104400,USER195,USER020,1735.66,2026-09-15T04:07:47.128862,14,DEVICE109,0,Sylhet,0,583,488,4,-260.79,1,1,0,0
TXN100018,USER272,USER221,1746.48,2026-09-18T01:06:23.128862,11,DEVICE098,0,Sylhet,0,1188,855,1,138.16,0,0,0,0
TXN100000,USER233,USER380,2705.44,2026-09-27T06:29:47.128862,16,DEVICE125,0,Chattogram,0,538,218,2,298.85,0,0,0,0
TXN102174,USER215,USER022,3256.16,2026-09-08T11:14:44.128862,21,DEVICE157,0,Sylhet,0,497,347,1,-128.6,0,0,0,0
TXN101356,USER144,USER289,3044.83,2026-09-10T07:36:30.128862,17,DEVICE140,1,Chattogram,0,769,252,2,-110.74,0,0,0,0
TXN200776,USER040,USER524,36781.53,2026-09-25T16:24:49.128862,2,DEVICE041,0,Dhaka,0,995,33,4,34422.68,1,0,1,1
TXN104772,USER162,USER255,3783.71,2026-09-26T00:16:31.128862,10,DEVICE193,0,Dhaka,0,868,568,2,1279.73,1,0,0,0
TXN103159,USER287,USER134,3189.24,2026-09-27T09:50:06.128862,20,DEVICE057,0,Dhaka,0,708,539,1,104.76,0,0,0,0
TXN100396,USER268,USER069,4460.8,2026-09-07T18:57:08.128862,5,DEVICE055,1,Chattogram,0,274,161,1,995.27,1,0,0,0
TXN104507,USER062,USER491,2948.69,2026-09-09T08:24:34.128862,18,DEVICE090,0,Dhaka,0,606,619,2,420.69,0,0,0,0
TXN103341,USER181,USER216,3655.28,2026-09-14T01:17:45.128862,11,DEVICE184,0,Sylhet,1,204,739,1,886.78,1,0,0,0
TXN101812,USER111,USER069,4481.15,2026-09-16T04:23:22.128862,14,DEVICE185,0,Chattogram,0,655,980,2,1316.35,1,0,0,0
TXN103896,USER254,USER471,1669.11,2026-09-13T20:57:58.128862,7,DEVICE055,0,Dhaka,0,1117,169,1,-368.26,0,0,0,0
TXN104349,USER002,USER339,1028.26,2026-10-02T10:17:06.128862,20,DEVICE140,0,Sylhet,0,568,273,1,160.73,1,0,0,0
TXN100816,USER064,USER213,1344.02,2026-10-02T11:52:24.128862,22,DEVICE131,0,Dhaka,0,327,65,1,-1304.44,0,0,0,0
TXN101572,USER205,USER555,2041.49,2026-09-21T22:36:02.128862,8,DEVICE117,0,Sylhet,0,679,701,1,-69.74,0,0,0,0
TXN104730,USER211,USER547,1760.16,2026-10-02T22:46:52.128862,9,DEVICE153,0,Chattogram,0,958,306,2,244.11,0,0,0,0
TXN101800,USER095,USER597,1026.78,2026-09-08T20:27:49.128862,6,DEVICE138,0,Chattogram,0,405,868,1,55.26,0,0,0,0
TXN102280,USER003,USER070,1183.59,2026-09-25T02:31:53.128862,12,DEVICE010,0,Dhaka,0,631,888,2,-358.99,1,0,0,0
TXN200258,USER115,USER098,31316.0,2026-09-30T08:07:00.128862,18,DEVICE132,1,Chattogram,0,6,12,6,28051.9,1,1,0,1
TXN201021,USER090,USER009,41444.55,2026-09-22T17:14:11.128862,3,DEVICE012,0,Sylhet,0,280,136,4,40517.34,1,0,1,1
TXN103910,USER287,USER395,4598.61,2026-09-14T00:38:36.128862,10,DEVICE057,0,Dhaka,0,708,182,1,1514.13,1,0,1,0
TXN104535,USER288,USER422,1565.48,2026-09-22T20:06:29.128862,6,DEVICE070,0,Chattogram,0,926,622,1,516.27,0,0,0,0
TXN200344,USER132,USER548,10177.53,2026-09-16T23:29:32.128862,9,DEVICE394,1,Dhaka,0,568,162,20,9221.13,1,1,2,1
TXN200371,USER281,USER488,36440.24,2026-10-01T15:29:55.128862,1,DEVICE_ROGUE_929,1,Coxs Bazar,1,1055,11,8,33702.69,1,1,3,1
TXN104395,USER129,USER149,3703.11,2026-09-09T21:21:35.128862,7,DEVICE045,0,Sylhet,0,476,649,1,530.56,0,0,0,0
TXN104155,USER036,USER442,2486.41,2026-09-07T07:22:34.128862,17,DEVICE172,0,Dhaka,0,172,669,1,195.9,0,0,0,0
TXN103835,USER156,USER010,1270.53,2026-09-18T00:23:05.128862,10,DEVICE132,0,Sylhet,0,632,428,3,-136.15,0,0,0,0
TXN104731,USER096,USER168,2941.12,2026-09-09T13:33:08.128862,23,DEVICE176,0,Dhaka,0,1110,514,1,1110.75,0,0,0,0
TXN200537,USER148,USER524,42209.37,2026-09-29T03:14:31.128862,13,DEVICE398,1,Dhaka,0,29,15,18,39438.56,1,1,0,1
TXN100554,USER228,USER426,4276.15,2026-09-13T07:56:04.128862,18,DEVICE164,0,Dhaka,0,190,806,3,1173.81,0,0,0,0
TXN101159,USER150,USER394,1470.92,2026-09-10T23:47:07.128862,10,DEVICE122,0,Dhaka,0,121,658,1,-170.71,1,0,0,0
TXN101213,USER144,USER527,2355.03,2026-09-14T10:42:24.128862,20,DEVICE120,0,Chattogram,0,769,559,1,-800.54,0,0,0,0
TXN104032,USER007,USER301,1803.59,2026-09-13T19:30:05.128862,5,DEVICE038,0,Sylhet,0,550,689,1,-1405.29,0,0,0,0
TXN101325,USER067,USER543,1418.67,2026-09-27T00:09:04.128862,10,DEVICE138,0,Chattogram,0,92,638,2,0.24,0,0,0,0
TXN103286,USER038,USER599,2116.93,2026-09-28T01:37:48.128862,11,DEVICE281,1,Dhaka,0,1053,878,1,-353.07,0,0,0,0
TXN103349,USER104,USER283,2067.86,2026-10-02T21:44:53.128862,7,DEVICE018,0,Khulna,1,1025,433,2,-181.96,0,0,0,0
TXN100700,USER114,USER021,1947.29,2026-09-25T08:43:58.128862,18,DEVICE080,0,Chattogram,0,1129,688,1,664.93,0,0,0,0
TXN102700,USER259,USER493,1241.17,2026-09-30T06:07:18.128862,16,DEVICE139,0,Sylhet,0,694,776,1,-274.87,0,0,0,0
TXN104293,USER070,USER397,1140.92,2026-09-06T19:58:17.128862,6,DEVICE030,0,Chattogram,0,201,90,1,-381.98,0,0,0,0
TXN101847,USER211,USER350,1565.15,2026-09-30T08:54:27.128862,19,DEVICE153,0,Chattogram,0,958,195,2,49.1,0,0,0,0
TXN104406,USER170,USER464,1161.84,2026-09-15T07:39:25.128862,17,DEVICE012,0,Sylhet,0,555,837,2,4.6,0,0,0,0
TXN200834,USER257,USER124,42508.78,2026-09-17T18:23:20.128862,4,DEVICE105,0,Sylhet,0,616,199,4,41510.98,1,0,0,1
TXN101455,USER104,USER185,3283.67,2026-09-28T01:45:53.128862,12,DEVICE018,0,Sylhet,0,1025,689,1,1033.85,0,0,1,0
TXN200219,USER090,USER121,31140.36,2026-09-22T04:41:58.128862,14,DEVICE107,1,Sylhet,0,11,14,11,30213.15,1,1,0,1
TXN200814,USER298,USER134,29188.15,2026-09-18T15:23:48.128862,1,DEVICE_ROGUE_902,1,Chattogram,1,1190,13,7,28362.04,1,1,2,1
TXN104127,USER293,USER157,2189.83,2026-09-20T04:02:41.128862,14,DEVICE087,0,Chattogram,0,713,577,1,-330.38,1,0,0,0
TXN100866,USER189,USER152,1909.05,2026-09-06T10:16:24.128862,20,DEVICE177,0,Sylhet,0,933,240,1,595.49,1,0,0,0
TXN104584,USER036,USER393,2314.31,2026-09-26T09:29:30.128862,19,DEVICE172,0,Rangpur,1,172,84,1,23.8,0,0,0,0
TXN101644,USER284,USER501,1634.98,2026-09-25T05:41:42.128862,15,DEVICE155,0,Sylhet,0,543,642,3,122.22,0,0,0,0
TXN102140,USER289,USER440,1484.05,2026-09-29T20:12:58.128862,6,DEVICE112,0,Chattogram,0,328,399,1,-459.6,0,0,0,0
TXN104463,USER272,USER211,873.87,2026-09-28T08:41:15.128862,18,DEVICE098,0,Sylhet,0,1188,75,1,-734.45,0,0,0,0
TXN103988,USER089,USER384,1416.35,2026-09-21T20:08:03.128862,6,DEVICE066,0,Chattogram,0,925,506,3,370.89,0,0,0,0
TXN101490,USER106,USER458,2464.58,2026-09-26T22:27:03.128862,8,DEVICE085,0,Chattogram,0,875,480,1,-66.02,0,0,0,0
TXN200706,USER176,USER308,39888.2,2026-09-10T18:38:20.128862,4,DEVICE117,0,Chattogram,0,430,254,2,38574.09,1,0,0,1
TXN100729,USER113,USER208,2266.31,2026-09-11T03:10:26.128862,13,DEVICE130,0,Sylhet,0,786,645,2,114.73,1,0,0,0
TXN104582,USER279,USER254,1482.18,2026-09-24T21:43:10.128862,7,DEVICE108,0,Sylhet,0,311,727,1,-53.16,1,0,0,0
TXN103499,USER173,USER225,1049.99,2026-09-12T06:04:12.128862,16,DEVICE157,0,Cumilla,1,291,785,3,-1026.22,0,0,0,0
TXN102620,USER119,USER004,2785.63,2026-09-20T17:59:44.128862,4,DEVICE179,0,Chattogram,0,1092,293,2,341.41,0,0,0,0
TXN101936,USER001,USER044,1682.7,2026-09-09T08:22:12.128862,18,DEVICE039,0,Sylhet,0,235,512,1,-843.75,0,0,0,0
TXN200751,USER034,USER511,13428.88,2026-09-19T22:02:53.128862,8,DEVICE055,1,Dhaka,0,132,131,18,10001.47,1,1,1,1
TXN101110,USER072,USER479,3233.1,2026-09-15T05:21:37.128862,15,DEVICE046,0,Sylhet,0,1151,390,1,-112.76,0,0,0,0
TXN200070,USER107,USER225,28064.06,2026-09-15T18:26:42.128862,4,DEVICE_ROGUE_974,1,Unknown,1,480,6,10,26962.87,1,1,4,1
TXN200560,USER280,USER593,17316.09,2026-10-01T09:18:32.128862,19,DEVICE232,1,Dhaka,0,568,165,11,14883.05,1,1,2,1
TXN102394,USER024,USER078,1406.78,2026-09-09T21:01:47.128862,7,DEVICE159,0,Chattogram,0,1101,163,1,186.99,1,0,0,0
TXN101185,USER229,USER220,1283.1,2026-09-17T21:59:42.128862,8,DEVICE071,0,Sylhet,0,1107,780,2,58.03,0,0,0,0
TXN102007,USER007,USER327,3098.25,2026-09-24T23:10:14.128862,9,DEVICE038,0,Sylhet,0,550,649,1,-110.63,0,0,0,0
TXN100193,USER133,USER171,2132.52,2026-09-27T01:35:08.128862,11,DEVICE104,0,Chattogram,0,931,849,2,-1038.11,0,0,0,0
TXN101515,USER275,USER477,1069.42,2026-10-01T10:22:20.128862,20,DEVICE091,0,Dhaka,0,844,115,1,-93.17,0,0,0,0
TXN100578,USER206,USER105,1404.66,2026-10-02T06:55:17.128862,17,DEVICE035,0,Chattogram,0,413,265,1,27.54,0,0,0,0
TXN102123,USER271,USER442,2866.48,2026-09-30T07:15:51.128862,17,DEVICE148,0,Dhaka,0,631,770,1,-139.7,1,0,0,0
TXN101429,USER146,USER377,865.32,2026-09-19T19:22:20.128862,5,DEVICE114,0,Dhaka,0,991,503,4,-506.54,0,1,1,0
TXN100771,USER140,USER493,390.2,2026-09-14T20:10:37.128862,6,DEVICE149,0,Chattogram,0,1104,577,1,-756.46,0,0,0,0
TXN200405,USER034,USER213,20990.5,2026-09-14T02:29:39.128862,12,DEVICE192,1,Dhaka,0,132,23,16,17563.09,1,1,2,1
TXN102395,USER187,USER186,3427.81,2026-09-07T04:35:26.128862,14,DEVICE038,0,Dhaka,0,590,320,1,301.29,0,0,0,0
TXN201141,USER121,USER445,46207.74,2026-09-12T16:31:16.128862,2,DEVICE142,0,Dhaka,0,1004,389,5,43348.96,1,0,0,1
TXN101846,USER137,USER511,1181.12,2026-09-18T18:57:54.128862,5,DEVICE074,0,Dhaka,0,870,895,2,194.25,0,0,0,0
TXN100131,USER204,USER081,1709.73,2026-09-16T01:14:49.128862,11,DEVICE032,0,Sylhet,0,1042,367,1,460.69,0,0,0,0
TXN100178,USER068,USER310,1075.39,2026-10-02T22:41:30.128862,8,DEVICE085,0,Sylhet,0,1036,144,1,188.72,0,0,0,0
TXN200555,USER232,USER216,11474.23,2026-09-16T19:12:45.128862,5,DEVICE243,1,Chattogram,0,811,18,10,10172.5,1,1,2,1
TXN103809,USER159,USER018,979.82,2026-09-22T06:25:05.128862,16,DEVICE159,0,Sylhet,0,254,606,1,-441.49,0,0,0,0
TXN103567,USER113,USER163,1400.98,2026-09-10T03:07:02.128862,13,DEVICE130,0,Sylhet,0,786,458,1,-750.6,0,0,0,0
TXN102580,USER177,USER114,1358.11,2026-09-20T07:08:44.128862,17,DEVICE107,0,Chattogram,0,703,792,1,296.4,0,0,0,0
TXN103625,USER218,USER488,3766.6,2026-10-02T11:06:31.128862,21,DEVICE110,0,Chattogram,0,308,183,1,1026.9,0,0,0,0
TXN104279,USER066,USER204,1795.67,2026-09-07T15:37:05.128862,1,DEVICE174,0,Dhaka,0,1143,768,2,-1099.53,0,0,0,0
TXN102652,USER037,USER028,2554.3,2026-09-14T06:09:33.128862,16,DEVICE189,0,Sylhet,0,448,651,1,-485.09,0,0,0,0
TXN104219,USER128,USER255,2846.32,2026-10-03T02:56:40.128862,13,DEVICE192,0,Sylhet,0,749,162,2,-462.25,0,0,0,0
TXN102073,USER113,USER057,2616.77,2026-09-16T23:46:16.128862,10,DEVICE130,0,Sylhet,0,786,594,1,465.19,1,0,0,0
TXN100658,USER288,USER043,863.39,2026-09-09T04:25:20.128862,14,DEVICE070,0,Chattogram,0,926,220,1,-185.82,0,0,0,0
TXN101896,USER237,USER342,3842.98,2026-10-01T09:07:46.128862,19,DEVICE113,0,Chattogram,0,288,398,2,639.2,0,0,0,0
TXN104411,USER196,USER150,3187.43,2026-09-20T12:31:37.128862,22,DEVICE356,1,Dhaka,0,1109,579,3,61.79,0,0,0,0
TXN104063,USER054,USER255,3139.78,2026-09-18T21:55:41.128862,8,DEVICE169,0,Chattogram,0,933,479,1,-189.19,1,0,0,0
TXN102221,USER111,USER418,2700.28,2026-09-22T04:51:12.128862,15,DEVICE185,0,Chattogram,0,655,432,1,-464.52,0,0,0,0
TXN200878,USER093,USER139,46587.78,2026-09-08T18:07:03.128862,4,DEVICE001,0,Sylhet,0,1035,147,3,43649.17,1,0,0,1
TXN102379,USER172,USER352,2049.32,2026-09-26T19:59:06.128862,6,DEVICE122,0,Chattogram,0,978,858,1,-292.5,0,0,0,0
TXN101447,USER146,USER033,964.6,2026-09-14T02:27:23.128862,12,DEVICE114,0,Dhaka,0,991,427,3,-407.26,0,0,0,0
TXN100342,USER162,USER419,2276.77,2026-09-08T01:12:54.128862,11,DEVICE193,0,Dhaka,0,868,608,1,-227.21,0,0,0,0
TXN103604,USER139,USER428,2870.27,2026-09-08T06:47:19.128862,17,DEVICE111,0,Chattogram,0,401,282,2,2.52,0,0,0,0
TXN102527,USER066,USER091,2588.99,2026-09-28T05:01:28.128862,15,DEVICE174,0,Dhaka,0,1143,529,1,-306.21,1,0,0,0
TXN100727,USER086,USER521,823.97,2026-10-02T01:27:01.128862,11,DEVICE099,0,Dhaka,0,414,535,1,-568.2,1,0,0,0
TXN104722,USER051,USER276,1614.92,2026-09-27T04:08:54.128862,14,DEVICE059,0,Dhaka,0,304,629,1,-184.57,0,0,0,0
TXN100976,USER258,USER575,1261.13,2026-09-05T22:30:30.128862,8,DEVICE085,0,Sylhet,0,1076,502,1,-114.39,0,0,0,0
TXN103614,USER072,USER071,4367.77,2026-10-03T01:26:19.128862,11,DEVICE046,0,Sylhet,0,1151,934,1,1021.91,0,0,0,0
TXN104161,USER062,USER133,2239.37,2026-09-17T17:56:11.128862,4,DEVICE090,0,Dhaka,0,606,696,2,-288.63,0,0,0,0
TXN101928,USER294,USER162,1837.88,2026-09-12T21:52:17.128862,8,DEVICE172,0,Dhaka,0,1098,847,3,330.6,0,0,0,0
TXN103694,USER136,USER301,1929.78,2026-09-14T13:15:54.128862,23,DEVICE078,0,Chattogram,0,1058,142,1,-182.39,0,0,0,0
TXN200960,USER274,USER492,44484.95,2026-09-23T16:57:16.128862,3,DEVICE_ROGUE_987,1,Chattogram,1,1021,13,8,41149.84,1,1,4,1
TXN101299,USER186,USER452,1829.19,2026-09-09T05:14:10.128862,15,DEVICE252,1,Chattogram,0,388,640,1,113.07,0,0,0,0
TXN104173,USER197,USER362,2000.89,2026-09-24T22:08:16.128862,8,DEVICE046,0,Dhaka,0,383,639,4,-284.99,0,1,1,0
TXN200708,USER152,USER325,48290.56,2026-09-14T18:17:26.128862,4,DEVICE044,0,Chattogram,0,929,173,5,45735.89,1,0,1,1
TXN100660,USER213,USER007,1783.55,2026-09-28T23:15:34.128862,9,DEVICE194,0,Chattogram,0,1025,332,1,-244.97,0,0,0,0
TXN101790,USER067,USER475,1228.98,2026-09-05T05:44:35.128862,15,DEVICE138,0,Chattogram,0,92,434,2,-189.45,0,0,0,0
TXN103390,USER183,USER448,4268.8,2026-09-05T04:12:50.128862,14,DEVICE237,1,Chattogram,0,824,851,1,811.55,1,0,0,0
TXN201133,USER072,USER181,43414.17,2026-09-11T12:16:51.128862,22,DEVICE387,1,Sylhet,0,10,8,6,40068.31,1,1,0,1
TXN100493,USER244,USER309,2089.87,2026-09-28T03:44:47.128862,13,DEVICE082,0,Sylhet,0,274,459,1,-1233.84,0,0,0,0
TXN103112,USER091,USER473,1221.66,2026-09-17T01:50:24.128862,12,DEVICE182,0,Chattogram,0,550,191,2,125.61,1,0,0,0
TXN200102,USER110,USER344,18673.79,2026-09-23T10:14:53.128862,20,DEVICE181,1,Sylhet,0,232,97,18,15298.49,1,1,2,1
TXN200189,USER011,USER206,12275.29,2026-09-05T04:14:03.128862,14,DEVICE221,1,Chattogram,0,236,107,20,10884.97,1,1,1,1
TXN103826,USER272,USER137,1615.67,2026-09-21T02:19:13.128862,12,DEVICE098,0,Sylhet,0,1188,230,1,7.35,0,0,0,0
TXN200722,USER132,USER322,48459.94,2026-09-17T17:11:02.128862,3,DEVICE078,0,Dhaka,0,568,304,5,47503.54,1,0,1,1
TXN101085,USER097,USER205,5223.19,2026-09-21T07:14:34.128862,17,DEVICE185,0,Chattogram,0,687,668,1,1733.66,1,0,0,0
TXN200862,USER113,USER332,37665.58,2026-09-09T18:28:19.128862,4,DEVICE130,0,Sylhet,0,786,314,5,35514.0,1,0,1,1
TXN100694,USER024,USER166,1381.1,2026-09-22T06:49:32.128862,17,DEVICE159,0,Chattogram,0,1101,910,1,161.31,1,0,0,0
TXN101278,USER022,USER516,3459.32,2026-09-10T08:34:26.128862,18,DEVICE144,0,Dhaka,1,1114,216,1,774.34,0,0,0,0
TXN104229,USER058,USER586,3262.78,2026-09-23T11:44:10.128862,21,DEVICE072,0,Sylhet,0,165,476,2,494.14,1,0,0,0
TXN101621,USER217,USER373,2079.18,2026-09-14T08:35:58.128862,18,DEVICE130,0,Dhaka,0,1079,574,1,-221.39,1,0,0,0
TXN102561,USER012,USER412,2793.98,2026-09-23T06:07:22.128862,16,DEVICE094,0,Dhaka,0,212,931,1,629.52,1,0,0,0
TXN200384,USER103,USER180,11768.75,2026-09-13T21:15:00.128862,7,DEVICE362,1,Chattogram,0,589,120,11,9128.13,1,1,1,1
TXN104008,USER038,USER084,1824.29,2026-09-28T10:22:06.128862,20,DEVICE064,0,Dhaka,0,1053,564,2,-645.71,0,0,0,0
TXN100067,USER210,USER589,2792.68,2026-09-13T20:26:17.128862,6,DEVICE144,0,Dhaka,0,702,412,3,-667.65,1,0,0,0
TXN104082,USER201,USER182,2449.24,2026-09-05T02:15:13.128862,12,DEVICE013,0,Chattogram,0,1031,351,1,-967.05,0,0,0,0
TXN200037,USER090,USER273,38939.66,2026-09-16T16:23:55.128862,2,DEVICE012,0,Sylhet,0,280,358,4,38012.45,1,0,0,1
TXN102269,USER025,USER339,2647.74,2026-09-05T10:10:28.128862,20,DEVICE203,1,Chattogram,0,986,909,1,-736.74,1,0,0,0
TXN200979,USER264,USER091,22619.14,2026-10-01T08:08:29.128862,18,DEVICE244,1,Chattogram,0,13,25,10,21393.22,1,1,0,1
TXN104725,USER156,USER074,1005.62,2026-09-24T22:11:41.128862,8,DEVICE132,0,Sylhet,0,632,86,1,-401.06,0,0,0,0
TXN100820,USER276,USER523,1171.1,2026-09-06T23:28:05.128862,9,DEVICE019,1,Sylhet,0,626,366,1,59.44,0,0,0,0
TXN101226,USER058,USER478,1206.96,2026-09-09T02:41:58.128862,12,DEVICE072,0,Sylhet,0,165,836,1,-1561.68,0,0,0,0
TXN101677,USER289,USER277,1250.68,2026-09-14T05:00:55.128862,15,DEVICE112,0,Sylhet,1,328,103,1,-692.97,0,0,0,0
TXN200211,USER177,USER340,15898.22,2026-10-01T22:30:12.128862,8,DEVICE107,0,Chattogram,0,8,25,17,14836.51,1,1,0,1
TXN102867,USER074,USER063,1273.72,2026-09-18T07:09:04.128862,17,DEVICE068,0,Dhaka,0,1110,290,1,-375.91,0,0,0,0
TXN104376,USER061,USER246,4155.01,2026-09-17T03:35:33.128862,13,DEVICE072,0,Dhaka,0,734,715,1,683.3,1,0,0,0
TXN102367,USER131,USER576,1342.59,2026-09-18T23:36:41.128862,9,DEVICE146,0,Chattogram,0,874,191,1,-287.7,0,0,0,0
TXN104025,USER230,USER187,2931.19,2026-09-07T20:19:19.128862,6,DEVICE197,0,Chattogram,0,676,626,2,-462.91,0,0,1,0
TXN103921,USER155,USER568,982.97,2026-10-03T06:40:54.128862,16,DEVICE073,0,Dhaka,0,1051,182,4,-143.74,0,1,0,0
TXN102512,USER275,USER213,691.45,2026-09-12T01:07:54.128862,11,DEVICE091,0,Dhaka,0,844,492,2,-471.14,0,0,0,0
TXN102723,USER094,USER269,1724.28,2026-09-28T16:08:07.128862,2,DEVICE134,0,Sylhet,0,330,521,5,-215.55,0,1,0,0
TXN200543,USER072,USER215,24340.0,2026-09-07T16:57:22.128862,3,DEVICE092,1,Sylhet,0,1151,34,14,20994.14,1,1,1,1
TXN200651,USER242,USER346,8696.0,2026-09-21T03:33:04.128862,13,DEVICE084,1,Chattogram,0,837,77,12,6320.08,1,1,1,1
TXN104434,USER077,USER301,2976.36,2026-09-19T12:04:18.128862,22,DEVICE153,0,Sylhet,0,506,640,1,-292.92,0,0,0,0
TXN101143,USER082,USER411,2006.86,2026-09-15T04:33:26.128862,14,DEVICE112,0,Sylhet,0,1082,387,1,497.46,0,0,0,0
TXN100397,USER199,USER502,1976.66,2026-09-26T04:22:29.128862,14,DEVICE114,1,Sylhet,0,1034,132,2,-1521.4,1,0,0,0
TXN100786,USER052,USER010,1803.24,2026-09-27T19:45:55.128862,6,DEVICE058,0,Chattogram,0,419,159,1,437.57,0,0,0,0
TXN200339,USER090,USER582,35474.7,2026-09-30T16:24:51.128862,2,DEVICE012,0,Sylhet,0,280,393,5,34547.49,1,0,1,1
TXN103907,USER120,USER184,1152.87,2026-09-24T00:26:20.128862,10,DEVICE076,0,Chattogram,0,394,638,1,-59.8,0,0,0,0
TXN101398,USER299,USER284,654.93,2026-09-17T03:57:30.128862,14,DEVICE120,0,Sylhet,0,367,561,1,-348.23,0,0,0,0
TXN101659,USER109,USER028,2159.53,2026-09-06T00:42:00.128862,10,DEVICE170,0,Mymensingh,1,369,115,3,134.48,0,0,0,0
TXN200935,USER165,USER399,48909.37,2026-09-20T12:57:39.128862,23,DEVICE_ROGUE_938,1,Coxs Bazar,1,1198,1,7,45788.35,1,1,3,1
TXN102220,USER042,USER183,469.82,2026-09-26T15:04:04.128862,1,DEVICE028,0,Dhaka,0,461,365,1,-453.91,1,0,0,0
TXN100979,USER129,USER139,2940.75,2026-09-10T02:04:32.128862,12,DEVICE045,0,Sylhet,0,476,703,1,-231.8,0,0,0,0
TXN102331,USER268,USER163,3490.46,2026-09-19T23:19:01.128862,9,DEVICE179,0,Chattogram,0,274,387,1,24.93,0,0,0,0
TXN101298,USER076,USER456,1316.95,2026-09-04T20:54:09.128862,7,DEVICE028,0,Sylhet,0,195,234,1,-551.26,0,0,0,0
TXN200619,USER232,USER098,43414.71,2026-09-19T16:34:56.128862,2,DEVICE134,0,Chattogram,0,811,267,4,42112.98,1,0,1,1
TXN100082,USER264,USER144,1077.16,2026-09-23T01:05:23.128862,11,DEVICE108,0,Chattogram,0,378,922,1,-148.76,0,0,0,0
TXN103100,USER199,USER138,2827.88,2026-09-24T04:50:41.128862,15,DEVICE133,0,Sylhet,0,1034,956,1,-670.18,0,0,0,0
TXN103481,USER014,USER028,1092.12,2026-10-02T23:19:19.128862,9,DEVICE092,0,Rangpur,1,719,364,4,-244.74,0,1,0,0
TXN104793,USER270,USER509,511.42,2026-09-04T03:49:35.128862,14,DEVICE196,0,Sylhet,0,118,712,1,-309.7,0,0,0,0
TXN104529,USER161,USER337,1028.56,2026-09-22T07:53:04.128862,18,DEVICE024,0,Chattogram,0,1182,373,3,36.88,0,0,0,0
TXN200833,USER121,USER163,40209.98,2026-09-24T17:17:51.128862,3,DEVICE142,0,Dhaka,0,1004,321,4,37351.2,1,0,0,1
TXN200714,USER298,USER342,29304.06,2026-09-04T15:20:08.128862,1,DEVICE_ROGUE_915,1,Unknown,1,1190,1,5,28477.95,1,1,2,1
TXN102903,USER255,USER200,3261.48,2026-09-20T01:24:04.128862,11,DEVICE017,0,Sylhet,0,648,218,1,-234.35,0,0,0,0
TXN100423,USER010,USER356,694.03,2026-09-15T07:25:32.128862,17,DEVICE011,0,Sylhet,0,381,573,1,-186.42,0,0,0,0
TXN200389,USER033,USER185,8238.0,2026-09-19T22:39:26.128862,8,DEVICE101,1,Chattogram,0,558,155,14,5990.18,1,1,2,1
TXN101904,USER188,USER049,1106.46,2026-09-29T22:20:52.128862,8,DEVICE168,0,Dhaka,0,1177,406,1,-364.91,1,0,0,0
TXN200639,USER122,USER193,22819.81,2026-09-21T08:49:06.128862,19,DEVICE322,1,Dhaka,0,1193,141,18,20563.49,1,1,2,1
TXN101530,USER063,USER402,2871.86,2026-09-19T22:53:09.128862,9,DEVICE165,0,Chattogram,0,752,65,1,568.1,0,0,0,0
TXN104251,USER020,USER153,1349.46,2026-09-30T01:27:15.128862,11,DEVICE091,0,Chattogram,0,914,955,1,531.91,0,0,0,0
TXN101565,USER287,USER057,3448.02,2026-09-26T01:46:48.128862,12,DEVICE057,0,Dhaka,0,708,180,2,363.54,0,0,0,0
TXN104436,USER143,USER206,2357.02,2026-09-06T23:22:33.128862,9,DEVICE083,0,Dhaka,1,1118,88,2,841.37,0,0,0,0
TXN102749,USER202,USER042,4265.44,2026-09-17T06:17:07.128862,16,DEVICE143,0,Sylhet,0,612,472,1,964.25,0,0,0,0
TXN100839,USER055,USER006,1817.43,2026-09-27T00:56:38.128862,11,DEVICE050,0,Chattogram,0,1104,563,1,-732.27,1,0,0,0
TXN100500,USER057,USER189,948.42,2026-09-17T23:28:12.128862,9,DEVICE085,0,Sylhet,0,910,343,1,-313.65,0,0,0,0
TXN104030,USER205,USER487,1797.36,2026-10-03T03:07:49.128862,13,DEVICE117,0,Sylhet,0,679,812,1,-313.87,0,0,0,0
TXN100141,USER096,USER442,2269.33,2026-09-21T03:17:39.128862,13,DEVICE176,0,Dhaka,0,1110,627,2,438.96,1,0,0,0
TXN200149,USER203,USER347,35552.07,2026-09-29T13:06:09.128862,23,DEVICE_ROGUE_951,1,Sylhet,1,109,13,9,32460.59,1,1,4,1
TXN102605,USER281,USER174,2373.54,2026-09-11T00:56:15.128862,11,DEVICE192,0,Dhaka,0,1055,761,2,-364.01,0,0,0,0
TXN103505,USER281,USER425,2465.61,2026-09-07T03:36:14.128862,13,DEVICE192,0,Dhaka,0,1055,537,1,-271.94,0,0,0,0
TXN101377,USER155,USER188,1134.6,2026-09-30T23:28:50.128862,9,DEVICE073,0,Dhaka,0,1051,515,3,7.89,0,0,0,0
TXN104661,USER110,USER444,2624.83,2026-09-28T13:27:01.128862,23,DEVICE032,0,Sylhet,0,232,551,1,-750.47,0,0,0,0
TXN201082,USER217,USER445,36897.44,2026-09-11T16:42:30.128862,2,DEVICE130,0,Dhaka,0,1079,259,3,34596.87,1,0,1,1
TXN102266,USER174,USER250,4299.05,2026-09-17T05:42:03.128862,15,DEVICE197,0,Sylhet,0,295,477,1,1380.58,1,0,0,0
TXN200540,USER181,USER065,37935.4,2026-09-28T17:12:47.128862,3,DEVICE184,0,Chattogram,0,204,224,5,35166.9,1,0,0,1
TXN101138,USER216,USER337,4402.02,2026-09-19T04:44:48.128862,14,DEVICE175,1,Sylhet,0,877,902,1,914.38,0,0,0,0
TXN102257,USER078,USER402,1410.63,2026-09-23T00:29:34.128862,10,DEVICE112,0,Dhaka,0,636,349,1,-628.27,0,0,0,0
TXN200645,USER289,USER008,14645.48,2026-09-20T02:33:25.128862,12,DEVICE310,1,Chattogram,0,328,27,20,12701.83,1,1,1,1
TXN101787,USER290,USER366,1914.0,2026-09-05T08:45:23.128862,19,DEVICE125,0,Sylhet,0,376,776,1,366.96,0,0,0,0
TXN103634,USER110,USER059,3260.19,2026-09-30T22:15:15.128862,8,DEVICE032,0,Sylhet,0,232,558,1,-115.11,1,0,0,0
TXN100550,USER021,USER143,2849.11,2026-09-07T07:04:14.128862,17,DEVICE200,0,Chattogram,0,647,516,3,-126.6,0,0,0,0
TXN100459,USER048,USER455,1157.18,2026-09-29T04:16:10.128862,14,DEVICE118,0,Sylhet,0,926,555,1,-393.35,0,0,0,0
TXN102019,USER005,USER271,1303.03,2026-09-16T21:58:40.128862,8,DEVICE150,0,Sylhet,0,960,953,2,-1485.44,1,0,0,0
TXN100948,USER015,USER230,2378.6,2026-09-03T18:53:19.128862,5,DEVICE054,0,Dhaka,0,681,801,2,-176.09,0,0,0,0
TXN103218,USER206,USER002,1770.13,2026-09-10T21:17:33.128862,7,DEVICE035,0,Dhaka,1,413,231,3,393.01,0,0,0,0
TXN200380,USER190,USER126,22738.47,2026-09-29T18:07:38.128862,4,DEVICE305,1,Dhaka,0,458,178,9,20727.21,1,1,2,1
TXN100532,USER152,USER245,2708.43,2026-09-06T05:46:43.128862,16,DEVICE044,0,Chattogram,0,929,530,1,153.76,0,0,0,0
TXN103842,USER047,USER444,930.05,2026-09-11T08:02:07.128862,18,DEVICE052,0,Chattogram,0,802,756,2,-142.65,1,0,0,0
TXN101829,USER071,USER352,1752.9,2026-09-21T11:29:33.128862,21,DEVICE067,0,Chattogram,0,474,755,1,383.25,0,0,0,0
TXN200606,USER282,USER119,42518.76,2026-09-23T18:06:13.128862,4,DEVICE_ROGUE_975,1,Unknown,1,141,4,8,41169.05,1,1,2,1
TXN200492,USER274,USER014,25186.73,2026-09-18T01:01:53.128862,11,DEVICE002,0,Dhaka,0,28,10,14,21851.62,1,1,0,1
TXN104774,USER074,USER006,1860.0,2026-10-01T04:00:29.128862,14,DEVICE068,0,Dhaka,0,1110,474,2,210.37,1,0,0,0
TXN103914,USER197,USER192,3105.37,2026-09-15T00:49:36.128862,11,DEVICE046,0,Dhaka,0,383,661,1,819.49,0,0,0,0
TXN101602,USER079,USER133,1420.83,2026-09-21T23:57:44.128862,10,DEVICE089,0,Cumilla,1,358,385,1,-94.35,0,0,1,0
TXN102238,USER070,USER304,1804.19,2026-09-14T10:24:58.128862,20,DEVICE030,0,Sylhet,1,201,299,1,281.29,0,0,0,0
TXN100639,USER040,USER047,2499.42,2026-09-20T04:12:39.128862,14,DEVICE041,0,Dhaka,0,995,642,4,140.57,0,1,0,0
TXN200992,USER053,USER390,43450.42,2026-09-05T16:24:22.128862,2,DEVICE007,0,Sylhet,0,765,314,4,41929.58,1,0,1,1
TXN100967,USER052,USER312,1097.74,2026-09-14T08:13:44.128862,18,DEVICE058,0,Chattogram,0,419,323,2,-267.93,0,0,0,0
TXN200266,USER132,USER365,19366.22,2026-09-08T13:07:31.128862,23,DEVICE299,1,Dhaka,0,568,81,19,18409.82,1,1,2,1
TXN103711,USER189,USER174,670.32,2026-10-03T04:38:33.128862,14,DEVICE177,0,Sylhet,0,933,674,1,-643.24,0,0,0,0
TXN101683,USER072,USER027,3410.9,2026-09-04T23:17:42.128862,9,DEVICE046,0,Sylhet,0,1151,235,2,65.04,1,0,0,0
TXN102248,USER066,USER231,3063.88,2026-09-06T00:45:09.128862,10,DEVICE241,1,Dhaka,0,1143,138,1,168.68,0,0,0,0
TXN104126,USER138,USER019,2043.87,2026-09-15T06:55:49.128862,17,DEVICE371,1,Chattogram,0,880,422,1,-809.76,1,0,0,0
TXN200559,USER024,USER210,49957.19,2026-09-20T16:43:53.128862,2,DEVICE_ROGUE_959,1,Coxs Bazar,1,1101,10,11,48737.4,1,1,2,1
TXN103319,USER107,USER255,914.14,2026-10-03T03:17:41.128862,13,DEVICE356,1,Dhaka,0,480,71,1,-187.05,0,0,0,0
TXN100155,USER267,USER495,2766.82,2026-09-07T01:13:59.128862,11,DEVICE150,0,Chattogram,0,839,367,2,315.29,1,0,0,0
TXN102295,USER292,USER072,2214.08,2026-09-10T22:52:14.128862,9,DEVICE202,1,Chattogram,0,166,311,2,-667.94,0,0,0,0
TXN103523,USER261,USER091,2909.23,2026-10-02T05:42:53.128862,15,DEVICE107,0,Sylhet,0,325,429,1,-269.1,0,0,0,0
TXN104019,USER227,USER237,2278.75,2026-09-26T06:54:38.128862,17,DEVICE064,0,Dhaka,0,106,222,1,121.05,0,0,0,0
TXN101089,USER142,USER485,2449.36,2026-09-03T23:35:27.128862,9,DEVICE168,0,Sylhet,0,348,882,1,164.89,0,0,0,0
TXN201019,USER169,USER552,32002.93,2026-09-06T01:01:50.128862,11,DEVICE007,0,Chattogram,0,12,12,16,30624.49,1,1,0,1
TXN102319,USER036,USER525,2185.42,2026-09-19T05:44:31.128862,15,DEVICE104,1,Dhaka,0,172,476,2,-105.09,0,0,0,0
TXN102940,USER135,USER403,1114.99,2026-09-10T00:37:50.128862,10,DEVICE001,0,Dhaka,0,741,75,1,83.73,1,0,0,0
TXN200271,USER244,USER572,10639.34,2026-09-25T21:23:52.128862,7,DEVICE306,1,Sylhet,0,274,35,11,7315.63,1,1,2,1
TXN100288,USER072,USER420,3763.87,2026-09-22T20:57:25.128862,7,DEVICE046,0,Sylhet,0,1151,280,1,418.01,0,0,0,0
TXN100930,USER135,USER185,1656.91,2026-09-18T21:39:36.128862,7,DEVICE001,0,Dhaka,0,741,163,1,625.65,0,0,1,0
TXN102909,USER145,USER311,2275.95,2026-09-03T23:54:23.128862,10,DEVICE114,0,Sylhet,0,295,628,1,333.48,1,0,0,0
TXN103585,USER205,USER382,1849.59,2026-09-27T09:12:37.128862,19,DEVICE117,0,Sylhet,0,679,463,1,-261.64,1,0,0,0
TXN104656,USER072,USER316,2274.36,2026-09-28T07:12:16.128862,17,DEVICE046,0,Sylhet,0,1151,544,1,-1071.5,0,0,0,0
TXN102884,USER214,USER099,1913.56,2026-09-27T08:58:51.128862,19,DEVICE114,0,Dhaka,0,708,597,1,-28.56,0,0,0,0
TXN103377,USER048,USER586,2174.73,2026-09-15T12:27:55.128862,22,DEVICE175,1,Sylhet,0,926,702,4,624.2,1,1,0,0
TXN103220,USER278,USER095,2008.53,2026-09-21T09:48:37.128862,20,DEVICE100,0,Chattogram,0,850,152,2,-285.17,0,0,0,0
TXN200644,USER281,USER501,41814.34,2026-09-25T13:43:42.128862,23,DEVICE_ROGUE_905,1,Coxs Bazar,1,1055,10,5,39076.79,1,1,2,1
TXN103000,USER153,USER284,1181.21,2026-09-25T00:42:54.128862,10,DEVICE169,0,Chattogram,0,406,377,1,-801.66,0,0,0,0
TXN104450,USER020,USER026,739.27,2026-09-09T05:01:33.128862,15,DEVICE091,0,Chattogram,0,914,330,1,-78.28,0,0,0,0
TXN104697,USER020,USER408,502.31,2026-10-03T00:11:08.128862,10,DEVICE091,0,Chattogram,0,914,826,1,-315.24,0,0,0,0
TXN201113,USER228,USER318,32415.99,2026-09-21T15:27:02.128862,1,DEVICE_ROGUE_921,1,Sylhet,1,190,9,10,29313.65,1,1,4,1
TXN100942,USER146,USER218,2270.69,2026-09-07T04:20:30.128862,14,DEVICE114,0,Dhaka,0,991,886,2,898.83,0,0,0,0
TXN102354,USER027,USER105,1132.99,2026-10-03T07:59:54.128862,18,DEVICE061,0,Dhaka,0,171,263,3,82.58,0,0,0,0
TXN104764,USER160,USER080,706.36,2026-09-27T05:04:02.128862,15,DEVICE086,0,Chattogram,0,762,276,4,-688.23,0,1,0,0
TXN200988,USER131,USER029,46674.23,2026-09-10T16:56:15.128862,3,DEVICE_ROGUE_989,1,Sylhet,1,874,1,5,45043.94,1,1,3,1
TXN200793,USER109,USER003,35690.22,2026-09-22T15:55:30.128862,2,DEVICE_ROGUE_997,1,Chattogram,1,369,9,8,33665.17,1,1,4,1
TXN101698,USER280,USER129,2271.47,2026-09-21T14:36:02.128862,0,DEVICE138,0,Dhaka,0,568,605,1,-161.57,0,0,0,0
TXN200846,USER089,USER335,23601.72,2026-09-09T07:32:41.128862,17,DEVICE059,1,Chattogram,0,925,31,18,22556.26,1,1,1,1
TXN200399,USER224,USER435,9874.26,2026-09-18T19:52:02.128862,6,DEVICE306,1,Dhaka,0,134,38,15,7054.73,1,1,1,1
TXN103545,USER035,USER370,1808.92,2026-09-19T10:00:20.128862,20,DEVICE106,0,Sylhet,0,641,64,1,-13.12,0,0,0,0
TXN103977,USER037,USER188,2587.66,2026-09-06T07:01:52.128862,17,DEVICE189,0,Sylhet,0,448,269,3,-451.73,0,0,0,0
TXN200214,USER232,USER468,18460.83,2026-09-26T15:42:53.128862,1,DEVICE069,1,Chattogram,0,811,98,20,17159.1,1,1,2,1
TXN100985,USER105,USER529,1763.9,2026-09-26T22:16:21.128862,8,DEVICE171,0,Dhaka,0,386,932,1,243.47,1,0,0,0
TXN200478,USER299,USER595,37024.35,2026-09-20T18:03:16.128862,4,DEVICE120,0,Sylhet,0,367,150,2,36021.19,1,0,0,1
TXN103107,USER299,USER206,1086.51,2026-09-17T12:59:31.128862,23,DEVICE120,0,Sylhet,0,367,82,3,83.35,0,0,0,0
TXN103165,USER049,USER161,947.18,2026-09-23T21:32:02.128862,7,DEVICE090,0,Sylhet,1,772,833,1,-1569.17,1,0,0,0
TXN200926,USER293,USER070,9301.57,2026-09-28T15:50:54.128862,2,DEVICE046,1,Chattogram,0,713,199,10,6781.36,1,1,1,1
TXN100981,USER216,USER421,2780.3,2026-10-03T03:20:14.128862,13,DEVICE185,0,Sylhet,0,877,833,1,-707.34,1,0,0,0
TXN103528,USER195,USER022,2280.83,2026-09-08T04:52:14.128862,15,DEVICE109,0,Sylhet,0,583,539,1,284.38,1,0,0,0
TXN103262,USER161,USER213,1234.93,2026-09-29T20:37:26.128862,6,DEVICE024,0,Chattogram,0,1182,428,4,243.25,0,1,0,0
TXN200658,USER128,USER183,49413.39,2026-09-16T14:51:44.128862,1,DEVICE_ROGUE_976,1,Coxs Bazar,1,749,5,11,46104.82,1,1,4,1
TXN103442,USER027,USER453,1424.35,2026-09-28T05:07:19.128862,15,DEVICE061,0,Dhaka,0,171,136,2,373.94,0,0,0,0
TXN104296,USER124,USER450,1952.88,2026-09-16T21:33:09.128862,7,DEVICE108,0,Chattogram,0,796,83,1,-279.07,0,0,0,0
TXN103497,USER211,USER234,1548.16,2026-10-01T04:12:10.128862,14,DEVICE153,0,Chattogram,0,958,115,2,32.11,0,0,0,0
TXN101473,USER182,USER018,2205.81,2026-10-03T12:08:54.128862,22,DEVICE179,0,Sylhet,0,690,67,1,-412.27,0,0,0,0
TXN104550,USER293,USER203,3329.24,2026-09-11T08:01:06.128862,18,DEVICE087,0,Chattogram,0,713,690,1,809.03,0,0,0,0
TXN104457,USER196,USER292,3252.41,2026-09-27T01:12:06.128862,11,DEVICE057,0,Dhaka,0,1109,325,1,126.77,0,0,0,0
TXN200082,USER060,USER116,17175.08,2026-09-11T04:14:54.128862,14,DEVICE158,1,Sylhet,0,10,7,10,15350.55,1,1,0,1
TXN101457,USER271,USER202,2826.18,2026-09-27T02:36:15.128862,12,DEVICE148,0,Dhaka,0,631,620,4,-180.0,0,1,0,0
TXN101395,USER061,USER299,3662.96,2026-09-10T06:24:03.128862,16,DEVICE072,0,Dhaka,0,734,968,4,191.25,0,1,0,0
TXN100264,USER165,USER544,4147.65,2026-09-24T22:45:53.128862,9,DEVICE080,0,Dhaka,0,1198,958,1,1026.63,0,0,0,0
TXN102748,USER205,USER498,1990.12,2026-09-14T21:05:29.128862,7,DEVICE117,0,Sylhet,0,679,413,2,-121.11,0,0,0,0
TXN103393,USER164,USER084,1945.18,2026-09-17T09:06:43.128862,19,DEVICE173,0,Chattogram,0,1089,655,2,-1299.45,0,0,0,0
TXN102692,USER219,USER079,1211.11,2026-09-13T00:15:41.128862,10,DEVICE141,0,Dhaka,0,575,718,1,-6.84,0,0,0,0
TXN100929,USER043,USER148,1565.69,2026-09-24T06:23:08.128862,16,DEVICE098,0,Sylhet,0,982,670,1,150.36,1,0,0,0
TXN104220,USER184,USER326,511.82,2026-09-21T17:58:36.128862,4,DEVICE127,0,Chattogram,0,857,91,1,-553.91,0,0,0,0
TXN200903,USER180,USER019,28528.01,2026-09-06T15:55:34.128862,2,DEVICE_ROGUE_946,1,Coxs Bazar,1,754,15,8,26467.04,1,1,2,1
TXN102400,USER197,USER414,2347.61,2026-09-14T01:22:07.128862,11,DEVICE046,0,Dhaka,0,383,978,3,61.73,0,0,0,0
TXN102178,USER145,USER096,1140.09,2026-09-13T10:53:25.128862,21,DEVICE114,0,Sylhet,0,295,342,2,-802.38,0,0,0,0
TXN103806,USER296,USER290,2339.54,2026-09-08T20:05:49.128862,6,DEVICE104,0,Chattogram,0,289,900,1,50.0,0,0,0,0
TXN100246,USER034,USER319,3399.35,2026-09-16T06:54:02.128862,17,DEVICE086,0,Dhaka,0,132,89,1,-28.06,1,0,0,0
TXN101594,USER136,USER415,3009.55,2026-09-27T04:49:46.128862,15,DEVICE078,0,Chattogram,0,1058,134,2,897.38,0,0,0,0
TXN101758,USER233,USER535,2846.38,2026-09-30T05:40:24.128862,15,DEVICE125,0,Chattogram,0,538,140,1,439.79,0,0,1,0
TXN201036,USER173,USER591,12022.65,2026-09-11T14:21:59.128862,0,DEVICE043,1,Chattogram,0,291,156,14,9946.44,1,1,2,1
TXN104054,USER213,USER293,1738.48,2026-09-15T07:01:18.128862,17,DEVICE194,0,Chattogram,0,1025,877,1,-290.04,0,0,0,0
TXN100923,USER163,USER344,1423.22,2026-09-21T22:12:28.128862,8,DEVICE061,0,Dhaka,0,738,691,1,5.08,0,0,0,0
TXN103322,USER265,USER360,1903.71,2026-09-17T03:45:08.128862,13,DEVICE100,0,Chattogram,0,552,754,1,-1147.4,1,0,0,0
TXN100268,USER131,USER548,1614.95,2026-09-23T05:48:55.128862,16,DEVICE146,0,Chattogram,0,874,109,3,-15.34,0,0,0,0
TXN100669,USER191,USER266,2052.14,2026-09-15T05:52:16.128862,16,DEVICE193,0,Chattogram,0,438,519,1,113.06,0,0,0,0
TXN104256,USER282,USER021,852.93,2026-09-12T00:46:52.128862,11,DEVICE189,0,Dhaka,0,141,534,1,-496.78,0,0,0,0
TXN101910,USER024,USER131,1107.29,2026-09-18T03:50:04.128862,14,DEVICE159,0,Chattogram,0,1101,999,1,-112.5,0,0,0,0
TXN104396,USER224,USER170,1040.79,2026-09-19T03:58:09.128862,14,DEVICE116,0,Rangpur,1,134,786,2,-1778.74,0,0,0,0
TXN101152,USER214,USER267,2271.0,2026-09-21T09:52:58.128862,20,DEVICE114,0,Dhaka,0,708,606,1,328.88,0,0,0,0
TXN200118,USER234,USER469,20476.99,2026-10-03T06:17:49.128862,16,DEVICE161,0,Chattogram,0,24,24,11,17853.92,1,1,0,1
TXN200972,USER082,USER428,41586.9,2026-09-17T17:13:42.128862,3,DEVICE112,0,Sylhet,0,1082,328,5,40077.5,1,0,0,1
TXN104500,USER236,USER418,849.7,2026-09-16T18:33:25.128862,4,DEVICE071,0,Dhaka,0,370,399,1,-273.99,0,0,0,0
TXN102696,USER147,USER018,2535.57,2026-09-30T00:15:56.128862,10,DEVICE173,0,Sylhet,0,294,238,1,279.47,0,0,0,0
TXN102591,USER075,USER567,2138.16,2026-09-26T22:00:19.128862,8,DEVICE010,0,Sylhet,0,995,430,1,-431.52,0,0,0,0
TXN200272,USER256,USER349,16957.88,2026-10-02T08:54:00.128862,19,DEVICE110,1,Chattogram,0,426,134,15,13468.42,1,1,2,1
TXN101781,USER172,USER055,1825.51,2026-09-18T02:44:30.128862,12,DEVICE122,0,Chattogram,0,978,519,1,-516.31,0,0,0,0
TXN102413,USER152,USER353,1443.15,2026-09-10T08:44:05.128862,18,DEVICE044,0,Chattogram,0,929,202,1,-1111.52,0,0,0,0
TXN103013,USER021,USER421,3915.93,2026-09-11T20:49:25.128862,7,DEVICE200,0,Chattogram,0,647,871,5,940.22,0,1,0,0
TXN200438,USER175,USER578,20542.38,2026-09-22T16:26:45.128862,2,DEVICE338,1,Sylhet,0,998,148,14,17562.14,1,1,2,1
TXN102307,USER054,USER338,3743.25,2026-09-21T06:44:34.128862,16,DEVICE169,0,Chattogram,0,933,246,1,414.28,0,0,0,0
TXN103822,USER031,USER424,2647.76,2026-10-01T08:19:13.128862,18,DEVICE007,0,Sylhet,0,142,576,2,-331.49,0,0,0,0
TXN100687,USER209,USER174,1950.93,2026-09-13T19:56:14.128862,6,DEVICE136,0,Chattogram,0,797,161,1,127.7,0,0,0,0
TXN101915,USER176,USER395,1199.53,2026-09-21T02:03:58.128862,12,DEVICE117,0,Chattogram,0,430,817,2,-114.58,1,0,0,0
TXN200845,USER112,USER024,44412.34,2026-09-07T18:00:58.128862,4,DEVICE077,0,Sylhet,0,939,91,5,42901.19,1,0,1,1
TXN100612,USER095,USER455,1175.7,2026-09-08T07:45:38.128862,18,DEVICE138,0,Chattogram,0,405,649,1,204.18,1,0,0,0
TXN103071,USER067,USER461,1671.08,2026-09-13T06:00:28.128862,16,DEVICE138,0,Chattogram,0,92,751,2,252.65,1,0,0,0
TXN103405,USER023,USER395,1562.38,2026-09-26T01:36:53.128862,11,DEVICE105,0,Chattogram,0,1195,423,1,-156.3,0,0,0,0
TXN102267,USER128,USER335,2577.61,2026-09-22T07:10:12.128862,17,DEVICE119,1,Sylhet,0,749,201,1,-730.96,0,0,0,0
TXN200952,USER095,USER253,21282.58,2026-09-24T15:38:42.128862,1,DEVICE168,1,Chattogram,0,405,121,17,20311.06,1,1,2,1
TXN102533,USER199,USER291,3880.34,2026-09-11T07:36:22.128862,17,DEVICE107,1,Sylhet,0,1034,566,3,382.28,0,0,0,0
TXN100039,USER270,USER039,787.03,2026-10-02T06:34:52.128862,16,DEVICE196,0,Sylhet,0,118,226,1,-34.09,1,0,0,0
TXN101898,USER153,USER194,1963.42,2026-09-14T00:10:37.128862,10,DEVICE169,0,Chattogram,0,406,615,1,-19.45,0,0,0,0
TXN101649,USER003,USER591,1652.8,2026-09-19T01:50:26.128862,12,DEVICE010,0,Dhaka,0,631,683,1,110.22,0,0,0,0
TXN103471,USER132,USER566,1011.3,2026-09-15T00:03:00.128862,10,DEVICE078,0,Dhaka,0,568,656,1,54.9,0,0,0,0
TXN100258,USER287,USER188,3712.07,2026-10-02T11:06:54.128862,21,DEVICE057,0,Dhaka,0,708,822,2,627.59,0,0,0,0
TXN102924,USER042,USER028,1041.28,2026-09-23T13:10:54.128862,23,DEVICE028,0,Dhaka,0,461,156,1,117.55,1,0,0,0
TXN102434,USER239,USER598,2630.38,2026-09-26T04:24:30.128862,14,DEVICE183,0,Dhaka,0,722,427,1,225.18,0,0,0,0
TXN100847,USER135,USER254,1235.7,2026-09-17T05:57:43.128862,16,DEVICE001,0,Dhaka,0,741,777,1,204.44,0,0,0,0
TXN102822,USER106,USER584,1899.7,2026-09-30T05:11:22.128862,15,DEVICE085,0,Chattogram,0,875,663,3,-630.9,1,0,0,0
TXN104401,USER043,USER419,901.88,2026-09-15T13:39:14.128862,23,DEVICE098,0,Sylhet,0,982,930,1,-513.45,1,0,0,0
TXN200284,USER017,USER026,42017.22,2026-09-07T18:03:54.128862,4,DEVICE_ROGUE_928,1,Chattogram,1,344,7,8,40622.03,1,1,2,1
TXN103954,USER287,USER253,4237.47,2026-09-20T01:35:51.128862,11,DEVICE057,0,Dhaka,0,708,117,2,1152.99,0,0,0,0
TXN103641,USER272,USER335,1151.79,2026-09-09T01:07:03.128862,11,DEVICE098,0,Sylhet,0,1188,548,1,-456.53,0,0,0,0
TXN101233,USER222,USER027,2931.07,2026-09-08T22:46:53.128862,9,DEVICE191,0,Chattogram,0,695,482,1,567.28,0,0,0,0
TXN101127,USER041,USER154,1510.21,2026-10-02T15:30:50.128862,1,DEVICE180,0,Dhaka,0,659,689,1,-1192.13,0,0,0,0
TXN103489,USER040,USER536,3296.96,2026-09-23T08:43:01.128862,18,DEVICE041,0,Dhaka,0,995,568,2,938.11,0,0,0,0
TXN101967,USER277,USER565,1098.26,2026-09-22T23:32:43.128862,9,DEVICE193,0,Dhaka,0,870,168,1,9.26,0,0,0,0
TXN100558,USER079,USER269,980.76,2026-09-24T00:38:53.128862,10,DEVICE089,0,Dhaka,0,358,974,1,-534.42,0,0,0,0
TXN100904,USER205,USER075,1989.38,2026-09-30T23:14:55.128862,9,DEVICE117,0,Sylhet,0,679,717,1,-121.85,0,0,0,0
TXN102614,USER196,USER452,3505.19,2026-09-04T04:08:36.128862,14,DEVICE057,0,Dhaka,0,1109,260,1,379.55,0,0,0,0
TXN100484,USER041,USER146,3045.38,2026-09-20T07:40:01.128862,17,DEVICE180,0,Dhaka,0,659,140,1,343.04,0,0,0,0
TXN102211,USER130,USER595,3471.36,2026-09-25T09:55:10.128862,20,DEVICE158,0,Chattogram,0,579,396,1,425.86,1,0,0,0
TXN101320,USER163,USER391,2234.87,2026-09-24T12:54:38.128862,23,DEVICE061,0,Dhaka,0,738,897,4,816.73,0,1,0,0
TXN103332,USER197,USER530,1773.51,2026-10-02T20:48:32.128862,7,DEVICE046,0,Dhaka,0,383,769,2,-512.37,1,0,0,0
TXN102555,USER273,USER026,3914.1,2026-10-02T23:50:11.128862,10,DEVICE123,0,Sylhet,0,343,187,2,1322.95,0,0,0,0
TXN100007,USER263,USER112,1938.96,2026-09-11T03:24:15.128862,13,DEVICE053,0,Chattogram,0,244,734,1,141.24,0,0,0,0
TXN102315,USER215,USER331,3502.93,2026-09-14T01:31:41.128862,11,DEVICE157,0,Sylhet,0,497,344,1,118.17,0,0,0,0
TXN200278,USER092,USER426,20250.87,2026-09-27T23:09:09.128862,9,DEVICE112,0,Dhaka,0,13,30,18,17756.77,1,1,0,1
TXN104384,USER026,USER571,1352.89,2026-09-14T12:32:46.128862,22,DEVICE040,0,Chattogram,0,254,217,2,-355.92,0,0,0,0
TXN104315,USER292,USER109,4041.23,2026-09-17T18:48:53.128862,5,DEVICE100,0,Chattogram,0,166,829,1,1159.21,0,0,0,0
TXN200467,USER018,USER011,31393.68,2026-10-01T00:39:43.128862,10,DEVICE171,0,Chattogram,0,16,28,6,29002.66,1,1,0,1
TXN101450,USER171,USER328,4164.02,2026-09-26T05:15:40.128862,15,DEVICE063,0,Sylhet,0,275,744,1,838.13,0,0,0,0
TXN101201,USER166,USER047,998.76,2026-09-10T21:56:49.128862,8,DEVICE266,1,Chattogram,0,163,771,1,7.45,0,0,1,0
TXN102426,USER051,USER089,1736.6,2026-09-07T07:59:09.128862,18,DEVICE059,0,Dhaka,0,304,656,3,-62.89,0,0,0,0
TXN102648,USER016,USER162,1596.45,2026-09-11T07:37:06.128862,17,DEVICE175,0,Gazipur,1,989,375,1,-674.89,0,0,0,0
TXN101814,USER283,USER219,1701.83,2026-09-21T05:53:53.128862,16,DEVICE140,0,Dhaka,0,761,198,1,-810.61,0,0,0,0
TXN102726,USER287,USER504,3494.46,2026-10-03T04:17:41.128862,14,DEVICE057,0,Dhaka,0,708,495,1,409.98,0,0,0,0
TXN100773,USER090,USER264,917.55,2026-09-13T01:14:31.128862,11,DEVICE012,0,Sylhet,0,280,133,4,-9.66,0,1,0,0
TXN102274,USER165,USER264,1607.79,2026-09-24T08:22:21.128862,18,DEVICE147,1,Dhaka,0,1198,679,1,-1513.23,0,0,0,0
TXN101011,USER010,USER566,725.3,2026-09-16T03:34:37.128862,13,DEVICE011,0,Sylhet,0,381,497,1,-155.15,0,0,0,0
TXN104059,USER221,USER157,1281.26,2026-09-10T09:19:29.128862,19,DEVICE041,0,Sylhet,0,825,428,1,-2134.26,0,0,0,0
TXN103467,USER219,USER593,1141.86,2026-09-25T04:50:54.128862,15,DEVICE141,0,Dhaka,0,575,784,3,-76.09,0,0,0,0
TXN101991,USER263,USER052,1838.66,2026-09-21T21:40:19.128862,7,DEVICE053,0,Chattogram,0,244,252,1,40.94,0,0,0,0
TXN101277,USER199,USER189,1656.64,2026-09-25T21:36:17.128862,7,DEVICE133,0,Sylhet,0,1034,508,1,-1841.42,0,0,0,0
TXN101783,USER167,USER110,1584.34,2026-09-23T19:29:32.128862,5,DEVICE051,0,Sylhet,0,230,674,1,141.73,1,0,0,0
TXN104253,USER064,USER401,3946.21,2026-09-16T02:33:17.128862,12,DEVICE131,0,Dhaka,0,327,646,1,1297.75,0,0,0,0
TXN100446,USER294,USER576,1236.57,2026-09-17T22:32:50.128862,8,DEVICE172,0,Khulna,1,1098,390,2,-270.71,0,0,0,0
TXN100880,USER197,USER429,2965.88,2026-09-21T04:19:44.128862,14,DEVICE046,0,Dhaka,0,383,453,1,680.0,1,0,0,0
TXN104053,USER054,USER379,3621.76,2026-09-11T22:03:35.128862,8,DEVICE169,0,Chattogram,0,933,708,1,292.79,1,0,0,0
TXN200546,USER202,USER501,42406.13,2026-09-23T18:08:01.128862,4,DEVICE143,0,Sylhet,0,612,46,2,39104.94,1,0,0,1
TXN102727,USER122,USER076,2513.88,2026-09-24T22:48:39.128862,9,DEVICE033,0,Dhaka,0,1193,201,3,257.56,0,0,1,0
TXN103048,USER133,USER170,2000.14,2026-09-05T20:10:31.128862,6,DEVICE104,0,Chattogram,0,931,276,1,-1170.49,0,0,1,0
TXN100781,USER046,USER112,1132.65,2026-09-28T06:36:35.128862,16,DEVICE057,0,Dhaka,0,1052,274,1,-295.89,0,0,0,0
TXN102651,USER160,USER138,1634.11,2026-09-13T23:50:56.128862,10,DEVICE086,0,Sylhet,1,762,454,2,239.52,0,0,0,0
TXN201027,USER202,USER120,37508.3,2026-09-19T15:46:20.128862,2,DEVICE143,0,Sylhet,0,612,340,3,34207.11,1,0,0,1
TXN101749,USER162,USER101,3305.84,2026-09-09T18:32:02.128862,4,DEVICE193,0,Dhaka,0,868,829,1,801.86,0,0,0,0
TXN102126,USER231,USER440,1193.54,2026-09-28T10:45:33.128862,21,DEVICE200,0,Chattogram,0,561,389,1,177.24,0,0,0,0
TXN104421,USER017,USER068,1698.47,2026-10-01T08:32:43.128862,18,DEVICE064,0,Chattogram,0,344,153,2,303.28,0,0,0,0
TXN102791,USER125,USER332,456.66,2026-09-05T00:42:19.128862,10,DEVICE171,0,Dhaka,0,770,614,1,-344.88,0,0,0,0
TXN102423,USER038,USER041,2241.95,2026-09-07T22:53:07.128862,9,DEVICE064,0,Dhaka,0,1053,976,3,-228.05,0,0,0,0
TXN201057,USER089,USER093,40780.68,2026-09-19T18:35:19.128862,4,DEVICE066,0,Chattogram,0,925,211,3,39735.22,1,0,0,1
TXN200368,USER081,USER319,17024.19,2026-09-27T05:37:20.128862,15,DEVICE017,1,Chattogram,0,987,41,11,14708.5,1,1,1,1
TXN100883,USER072,USER302,3572.95,2026-09-30T03:39:48.128862,13,DEVICE046,0,Sylhet,0,1151,308,1,227.09,0,0,0,0
TXN103357,USER083,USER416,2273.04,2026-09-05T00:24:58.128862,10,DEVICE156,0,Sylhet,0,338,303,1,-105.34,0,0,0,0
TXN101091,USER061,USER247,3911.2,2026-09-16T05:34:37.128862,15,DEVICE072,0,Dhaka,0,734,918,1,439.49,0,0,0,0
TXN200822,USER011,USER109,25430.91,2026-09-10T07:03:01.128862,17,DEVICE079,0,Chattogram,0,13,21,17,24040.59,1,1,0,1
TXN200328,USER157,USER082,44787.05,2026-09-07T18:08:20.128862,4,DEVICE_ROGUE_929,1,Sylhet,1,783,9,7,43074.22,1,1,4,1
TXN100531,USER246,USER101,2675.02,2026-09-11T02:50:48.128862,13,DEVICE021,0,Sylhet,0,759,476,3,-58.7,0,0,0,0
TXN103590,USER142,USER036,2111.94,2026-09-28T20:15:21.128862,6,DEVICE168,0,Sylhet,0,348,502,1,-172.53,0,0,1,0
TXN102438,USER133,USER392,2999.58,2026-09-19T08:46:55.128862,19,DEVICE151,1,Chattogram,0,931,729,1,-171.05,0,0,0,0
TXN200061,USER130,USER533,49210.38,2026-09-26T16:22:35.128862,2,DEVICE158,0,Chattogram,0,579,126,4,46164.88,1,0,0,1
TXN200264,USER066,USER120,44324.98,2026-09-12T03:44:51.128862,13,DEVICE052,1,Dhaka,0,8,12,10,41429.78,1,1,0,1
TXN103955,USER126,USER182,1997.63,2026-09-11T03:53:54.128862,14,DEVICE098,0,Chattogram,0,862,384,1,322.41,0,0,0,0
TXN200166,USER022,USER178,13891.72,2026-09-27T17:21:55.128862,3,DEVICE346,1,Chattogram,0,1114,152,14,11206.74,1,1,1,1
TXN102290,USER203,USER472,4862.83,2026-10-01T01:22:54.128862,11,DEVICE064,0,Sylhet,0,109,544,1,1771.35,0,0,0,0
TXN101727,USER066,USER127,1992.41,2026-09-26T06:33:27.128862,16,DEVICE174,0,Dhaka,0,1143,430,2,-902.79,0,0,0,0
TXN100610,USER252,USER483,2765.53,2026-10-03T07:38:34.128862,17,DEVICE040,0,Dhaka,0,839,899,1,-64.5,1,0,0,0
TXN100570,USER106,USER205,3108.58,2026-09-14T21:46:18.128862,8,DEVICE085,0,Chattogram,0,875,344,2,577.98,0,0,0,0
TXN103774,USER084,USER515,3502.7,2026-09-18T08:17:03.128862,18,DEVICE131,0,Dhaka,0,149,274,4,278.58,0,1,0,0
TXN101317,USER186,USER068,1161.16,2026-09-27T05:38:33.128862,15,DEVICE063,0,Chattogram,0,388,551,1,-554.96,0,0,0,0
TXN100343,USER142,USER407,2384.21,2026-09-17T08:21:03.128862,18,DEVICE168,0,Sylhet,0,348,632,1,99.74,0,0,0,0
TXN100587,USER181,USER292,2052.59,2026-09-04T00:22:15.128862,10,DEVICE184,0,Chattogram,0,204,888,2,-715.91,0,0,1,0
TXN104677,USER173,USER377,2397.69,2026-09-18T04:12:49.128862,14,DEVICE157,0,Chattogram,0,291,920,3,321.48,1,0,0,0
TXN100636,USER217,USER093,2722.91,2026-09-29T08:08:52.128862,18,DEVICE130,0,Dhaka,0,1079,155,1,422.34,1,0,0,0
TXN100434,USER293,USER550,1453.56,2026-10-02T04:31:03.128862,14,DEVICE056,1,Chattogram,0,713,906,1,-1066.65,0,0,0,0
TXN101903,USER147,USER066,2805.25,2026-09-10T02:47:32.128862,13,DEVICE173,0,Sylhet,0,294,218,2,549.15,0,0,0,0
TXN100097,USER005,USER306,2450.9,2026-09-07T05:44:34.128862,15,DEVICE150,0,Sylhet,0,960,616,1,-337.57,0,0,0,0
TXN200128,USER086,USER425,48869.47,2026-09-13T16:12:02.128862,2,DEVICE099,0,Dhaka,0,414,199,2,47477.3,1,0,0,1
TXN103425,USER149,USER378,1314.16,2026-09-10T21:21:23.128862,7,DEVICE131,0,Dhaka,0,1025,286,1,-28.95,1,0,0,0
TXN104420,USER250,USER338,1817.7,2026-09-16T11:17:58.128862,21,DEVICE099,0,Sylhet,0,360,628,1,207.71,1,0,0,0
TXN102069,USER036,USER509,1612.61,2026-09-14T00:42:21.128862,10,DEVICE172,0,Dhaka,0,172,427,2,-677.9,0,0,0,0
TXN101537,USER158,USER422,2974.98,2026-10-01T08:03:45.128862,18,DEVICE163,0,Sylhet,0,904,577,1,586.55,0,0,1,0
TXN103206,USER154,USER262,2401.52,2026-09-29T09:58:57.128862,20,DEVICE022,0,Sylhet,0,243,511,2,204.07,0,0,0,0
TXN104546,USER005,USER025,1203.8,2026-09-22T07:56:05.128862,18,DEVICE127,1,Sylhet,0,960,389,1,-1584.67,1,0,0,0
TXN104771,USER220,USER453,1076.38,2026-10-02T09:10:43.128862,19,DEVICE115,0,Dhaka,0,871,850,1,-524.73,0,0,0,0
TXN103323,USER135,USER133,1094.48,2026-09-20T02:48:52.128862,13,DEVICE061,1,Dhaka,0,741,627,3,63.22,0,0,0,0
TXN101517,USER119,USER130,2055.94,2026-09-04T23:18:07.128862,9,DEVICE179,0,Chattogram,0,1092,307,2,-388.28,0,0,0,0
TXN100965,USER040,USER175,2230.27,2026-10-01T06:45:51.128862,17,DEVICE041,0,Dhaka,0,995,61,1,-128.58,0,0,0,0
TXN200475,USER223,USER379,25325.47,2026-09-28T17:50:04.128862,4,DEVICE_ROGUE_926,1,Unknown,1,694,15,6,23061.54,1,1,4,1
TXN100528,USER081,USER175,2171.72,2026-09-21T05:39:27.128862,15,DEVICE081,0,Chattogram,0,987,560,4,-143.97,0,1,0,0
TXN100176,USER296,USER134,2231.18,2026-09-19T05:35:34.128862,15,DEVICE104,0,Chattogram,0,289,107,2,-58.36,1,0,0,0
TXN102470,USER095,USER596,1198.88,2026-09-17T05:51:37.128862,16,DEVICE138,0,Chattogram,0,405,445,1,227.36,0,0,0,0
TXN104521,USER164,USER530,3656.03,2026-09-13T04:51:31.128862,15,DEVICE173,0,Chattogram,0,1089,288,1,411.4,0,0,0,0
TXN103599,USER157,USER482,1552.16,2026-09-09T02:22:25.128862,12,DEVICE170,0,Chattogram,0,783,609,1,-160.67,0,0,0,0
TXN103001,USER023,USER463,1867.48,2026-10-02T02:38:23.128862,12,DEVICE105,0,Chattogram,0,1195,715,1,148.8,0,0,0,0
TXN201065,USER059,USER022,39698.65,2026-10-02T17:30:35.128862,3,DEVICE018,0,Sylhet,0,1021,232,2,38457.46,1,0,0,1
TXN100572,USER099,USER289,3508.87,2026-09-27T22:19:13.128862,8,DEVICE189,0,Dhaka,0,649,279,1,86.96,0,0,0,0
TXN103265,USER196,USER314,2924.58,2026-09-18T01:04:30.128862,11,DEVICE057,0,Dhaka,0,1109,669,1,-201.06,0,0,0,0
TXN100592,USER039,USER549,3078.89,2026-09-11T22:48:32.128862,9,DEVICE069,0,Dhaka,0,1152,291,2,-47.72,0,0,0,0
TXN200174,USER008,USER120,36060.18,2026-09-29T02:45:29.128862,13,DEVICE062,1,Dhaka,0,19,15,11,35025.45,1,1,0,1
TXN103062,USER281,USER259,2298.75,2026-09-29T07:41:24.128862,17,DEVICE192,0,Dhaka,0,1055,529,1,-438.8,1,0,0,0
TXN103482,USER048,USER039,1758.61,2026-09-08T09:49:45.128862,20,DEVICE118,0,Sylhet,0,926,318,1,208.08,1,0,0,0
TXN102374,USER142,USER414,1819.35,2026-09-12T20:46:52.128862,7,DEVICE168,0,Sylhet,0,348,938,3,-465.12,0,0,0,0
TXN103064,USER258,USER531,1873.6,2026-09-18T06:22:47.128862,16,DEVICE085,0,Sylhet,0,1076,398,2,498.08,0,0,0,0
TXN200827,USER045,USER382,17062.37,2026-09-11T13:38:12.128862,23,DEVICE279,1,Dhaka,0,276,175,14,16046.93,1,1,2,1
TXN104332,USER240,USER028,1781.17,2026-09-04T04:12:07.128862,14,DEVICE074,0,Dhaka,0,992,811,2,-691.16,0,0,0,0
TXN103656,USER164,USER409,3562.51,2026-09-26T10:29:13.128862,20,DEVICE003,1,Chattogram,0,1089,731,3,317.88,0,0,0,0
TXN102208,USER143,USER252,1871.35,2026-09-26T07:55:03.128862,18,DEVICE083,0,Sylhet,0,1118,818,1,355.7,1,0,0,0
TXN104416,USER205,USER027,1261.51,2026-09-16T23:17:14.128862,9,DEVICE117,0,Sylhet,0,679,631,1,-849.72,0,0,0,0
TXN102492,USER224,USER381,3810.4,2026-09-09T09:55:03.128862,20,DEVICE116,0,Dhaka,0,134,532,1,990.87,0,0,0,0
TXN103901,USER052,USER499,1466.19,2026-09-17T10:14:38.128862,20,DEVICE058,0,Chattogram,0,419,928,2,100.52,0,0,1,0
TXN100383,USER005,USER239,2419.49,2026-09-03T21:16:26.128862,7,DEVICE150,0,Sylhet,0,960,878,2,-368.98,0,0,0,0
TXN100852,USER252,USER373,2826.07,2026-09-07T00:51:55.128862,11,DEVICE283,1,Dhaka,0,839,193,1,-3.96,0,0,0,0
TXN101880,USER146,USER492,1003.62,2026-09-04T14:45:21.128862,1,DEVICE114,0,Dhaka,0,991,465,1,-368.24,0,0,0,0
TXN100370,USER176,USER234,1312.92,2026-09-24T00:03:58.128862,10,DEVICE117,0,Chattogram,0,430,337,2,-1.19,0,0,0,0
TXN103362,USER212,USER315,3145.12,2026-09-04T00:01:42.128862,10,DEVICE082,0,Dhaka,0,602,760,2,228.13,0,0,0,0
TXN104231,USER224,USER428,3588.22,2026-09-13T19:02:11.128862,5,DEVICE116,0,Dhaka,0,134,445,1,768.69,1,0,0,0
TXN200404,USER279,USER502,39192.43,2026-09-27T15:49:34.128862,2,DEVICE108,0,Sylhet,0,311,209,2,37657.09,1,0,0,1
TXN200370,USER151,USER577,19102.94,2026-09-20T23:17:09.128862,9,DEVICE297,1,Sylhet,0,14,14,9,15616.04,1,1,0,1
TXN201157,USER050,USER119,41203.55,2026-10-01T15:55:10.128862,2,DEVICE079,0,Sylhet,0,747,196,2,39418.5,1,0,1,1
TXN101105,USER068,USER318,1008.97,2026-09-25T20:03:24.128862,6,DEVICE085,0,Sylhet,0,1036,483,1,122.3,0,0,0,0
TXN104684,USER107,USER213,1008.94,2026-09-16T23:45:24.128862,10,DEVICE160,0,Dhaka,0,480,825,1,-92.25,0,0,0,0
TXN102361,USER287,USER378,3056.48,2026-09-25T10:04:54.128862,20,DEVICE057,0,Dhaka,0,708,292,2,-28.0,1,0,0,0
TXN200353,USER225,USER141,46793.83,2026-09-03T17:26:50.128862,3,DEVICE_ROGUE_908,1,Chattogram,1,900,11,6,45839.48,1,1,2,1
TXN101336,USER193,USER564,1175.53,2026-09-16T18:26:33.128862,4,DEVICE028,0,Sylhet,0,251,916,2,-298.95,0,0,0,0
TXN102189,USER268,USER269,4133.86,2026-09-17T23:48:38.128862,10,DEVICE179,0,Chattogram,0,274,830,1,668.33,0,0,0,0
TXN200702,USER143,USER350,43182.91,2026-10-02T15:53:56.128862,2,DEVICE083,0,Sylhet,0,1118,168,3,41667.26,1,0,0,1
TXN200603,USER102,USER025,37328.37,2026-09-24T16:29:07.128862,2,DEVICE094,0,Sylhet,0,1057,225,2,34582.42,1,0,1,1
TXN200048,USER216,USER533,27685.37,2026-09-22T15:09:31.128862,1,DEVICE_ROGUE_943,1,Sylhet,1,877,12,11,24197.73,1,1,2,1
TXN102246,USER037,USER204,3573.8,2026-09-10T03:58:42.128862,14,DEVICE153,1,Sylhet,0,448,889,1,534.41,0,0,0,0
TXN201174,USER280,USER194,22933.66,2026-09-24T08:55:15.128862,19,DEVICE051,1,Dhaka,0,568,75,14,20500.62,1,1,1,1
TXN201011,USER023,USER415,9326.84,2026-09-13T08:26:32.128862,18,DEVICE282,1,Chattogram,0,1195,139,16,7608.16,1,1,2,1
TXN101171,USER154,USER271,1825.54,2026-09-11T09:06:30.128862,19,DEVICE022,0,Sylhet,0,243,700,1,-371.91,0,0,0,0
TXN103992,USER180,USER420,2425.12,2026-09-09T00:11:46.128862,10,DEVICE050,0,Chattogram,0,754,570,5,364.15,0,1,0,0
TXN103808,USER199,USER170,3712.57,2026-09-20T09:21:33.128862,19,DEVICE133,0,Sylhet,0,1034,975,1,214.51,0,0,0,0
TXN101422,USER258,USER512,1220.1,2026-09-04T20:58:17.128862,7,DEVICE085,0,Sylhet,0,1076,365,1,-155.42,1,0,0,0
TXN102686,USER107,USER061,1341.51,2026-09-05T06:35:15.128862,16,DEVICE160,0,Khulna,1,480,816,1,240.32,1,0,0,0
TXN200580,USER155,USER333,21063.79,2026-09-25T09:59:06.128862,20,DEVICE073,0,Dhaka,0,11,9,11,19937.08,1,1,0,1
TXN103318,USER066,USER193,3108.88,2026-09-12T03:08:51.128862,13,DEVICE174,0,Dhaka,0,1143,364,1,213.68,0,0,0,0
TXN201013,USER147,USER489,35350.22,2026-09-20T16:31:45.128862,2,DEVICE173,0,Sylhet,0,294,296,4,33094.12,1,0,1,1
TXN200907,USER283,USER333,13392.58,2026-09-03T18:07:46.128862,4,DEVICE199,1,Dhaka,0,761,162,12,10880.14,1,1,2,1
TXN101464,USER246,USER022,1768.51,2026-10-02T21:32:59.128862,7,DEVICE021,0,Sylhet,0,759,747,1,-965.21,0,0,0,0
TXN100874,USER252,USER174,2243.85,2026-09-11T12:51:31.128862,23,DEVICE040,0,Dhaka,0,839,181,1,-586.18,0,0,0,0
TXN102297,USER018,USER408,2371.72,2026-09-13T02:31:43.128862,12,DEVICE227,1,Cumilla,1,1049,430,2,-19.3,1,0,0,0
TXN102643,USER097,USER337,3494.21,2026-09-28T06:44:18.128862,16,DEVICE185,0,Chattogram,0,687,128,2,4.68,0,0,0,0
TXN103945,USER271,USER442,3556.29,2026-09-27T09:12:42.128862,19,DEVICE148,0,Dhaka,0,631,969,2,550.11,0,0,0,0
TXN200390,USER163,USER598,35751.26,2026-10-01T16:17:44.128862,2,DEVICE061,0,Dhaka,0,738,64,3,34333.12,1,0,0,1
TXN101251,USER209,USER148,1880.74,2026-09-25T08:22:33.128862,18,DEVICE136,0,Chattogram,0,797,114,1,57.51,0,0,0,0
TXN103326,USER096,USER035,1032.09,2026-10-02T03:08:40.128862,13,DEVICE366,1,Dhaka,0,1110,218,2,-798.28,0,0,0,0
TXN100840,USER079,USER421,1842.3,2026-09-18T20:45:22.128862,7,DEVICE089,0,Dhaka,0,358,541,1,327.12,0,0,0,0
TXN104228,USER286,USER032,1484.6,2026-09-05T13:04:34.128862,23,DEVICE125,0,Dhaka,0,1040,824,2,-1759.81,0,0,0,0
TXN100581,USER255,USER237,2787.7,2026-09-08T05:46:19.128862,16,DEVICE017,0,Sylhet,0,648,570,1,-708.13,0,0,0,0
TXN100204,USER223,USER134,3839.49,2026-09-11T23:39:33.128862,9,DEVICE122,0,Sylhet,0,694,911,1,1575.56,0,0,0,0
TXN101641,USER036,USER166,3349.51,2026-09-10T20:28:10.128862,6,DEVICE172,0,Dhaka,0,172,992,1,1059.0,0,0,0,0
TXN102014,USER300,USER500,3418.07,2026-09-15T05:08:03.128862,15,DEVICE033,0,Chattogram,0,885,357,1,233.68,0,0,0,0
TXN100905,USER056,USER088,3332.83,2026-09-06T22:44:12.128862,8,DEVICE103,0,Dhaka,0,680,471,2,888.18,0,0,0,0
TXN100631,USER042,USER472,1110.33,2026-09-25T09:15:42.128862,19,DEVICE028,0,Dhaka,0,461,733,2,186.6,1,0,0,0
TXN104244,USER004,USER006,2485.29,2026-10-03T10:15:48.128862,20,DEVICE095,0,Chattogram,0,495,436,1,1082.62,0,0,0,0
TXN101974,USER287,USER411,3911.09,2026-09-15T08:55:32.128862,19,DEVICE057,0,Dhaka,0,708,866,1,826.61,0,0,0,0
TXN100162,USER295,USER393,1589.14,2026-09-19T02:25:47.128862,12,DEVICE174,0,Dhaka,0,327,237,2,-1212.18,0,0,0,0
TXN104304,USER139,USER045,3341.82,2026-09-04T01:51:33.128862,12,DEVICE111,0,Chattogram,0,401,293,2,474.07,0,0,0,0
TXN104055,USER238,USER572,1763.35,2026-09-22T19:17:44.128862,5,DEVICE020,0,Chattogram,0,170,677,1,298.57,1,0,0,0
TXN200588,USER250,USER429,44168.03,2026-09-18T17:26:07.128862,3,DEVICE099,0,Sylhet,0,360,275,4,42558.04,1,0,1,1
TXN103513,USER241,USER304,1871.17,2026-09-29T18:36:03.128862,4,DEVICE061,0,Chattogram,0,158,201,1,-60.74,0,0,0,0
TXN100617,USER233,USER507,3143.69,2026-09-25T20:58:25.128862,7,DEVICE125,0,Chattogram,0,538,332,1,737.1,0,0,0,0
TXN100875,USER044,USER045,1319.32,2026-09-09T05:12:46.128862,15,DEVICE010,0,Dhaka,0,1097,495,1,-262.03,1,0,0,0
TXN101431,USER074,USER146,960.96,2026-09-10T07:50:52.128862,18,DEVICE068,0,Dhaka,0,1110,102,2,-688.67,1,0,1,0
TXN102973,USER089,USER213,950.71,2026-09-04T06:58:39.128862,17,DEVICE232,1,Chattogram,0,925,306,1,-94.75,0,0,0,0
TXN200562,USER177,USER562,35680.61,2026-09-20T15:47:56.128862,2,DEVICE107,0,Chattogram,0,703,359,2,34618.9,1,0,0,1
TXN100547,USER163,USER353,2325.12,2026-09-17T22:19:23.128862,8,DEVICE061,0,Dhaka,0,738,85,2,906.98,0,0,0,0
TXN200071,USER126,USER192,33095.63,2026-09-13T07:51:31.128862,18,DEVICE098,0,Chattogram,0,11,17,14,31420.41,1,1,0,1
TXN200649,USER051,USER367,20024.37,2026-09-25T10:25:29.128862,20,DEVICE315,1,Dhaka,0,304,128,16,18224.88,1,1,1,1
TXN200248,USER197,USER598,33358.19,2026-09-20T18:08:12.128862,4,DEVICE_ROGUE_926,1,Coxs Bazar,1,383,10,9,31072.31,1,1,2,1
TXN103381,USER252,USER045,3485.31,2026-09-07T18:53:51.128862,5,DEVICE040,0,Dhaka,0,839,530,1,655.28,0,0,0,0
TXN201009,USER054,USER184,40036.2,2026-09-13T18:18:05.128862,4,DEVICE169,0,Chattogram,0,933,304,5,36707.23,1,0,1,1
TXN200902,USER247,USER500,25815.5,2026-09-25T11:38:51.128862,21,DEVICE338,1,Dhaka,0,18,10,11,24371.05,1,1,0,1
TXN200090,USER071,USER216,45204.91,2026-09-15T16:33:08.128862,2,DEVICE_ROGUE_927,1,Chattogram,1,474,7,6,43835.26,1,1,3,1
TXN102856,USER026,USER582,1798.52,2026-09-22T23:49:39.128862,10,DEVICE040,0,Chattogram,0,254,549,3,89.71,0,0,0,0
TXN101861,USER223,USER269,2683.06,2026-09-12T04:34:38.128862,14,DEVICE122,0,Sylhet,0,694,831,1,419.13,0,0,0,0
TXN102659,USER069,USER568,2008.32,2026-09-04T01:13:30.128862,11,DEVICE008,0,Sylhet,0,936,82,2,356.6,0,0,0,0
TXN200705,USER212,USER462,36431.69,2026-10-02T13:31:05.128862,23,DEVICE_ROGUE_990,1,Sylhet,1,602,14,9,33514.7,1,1,3,1
TXN100640,USER300,USER084,1032.35,2026-09-04T07:53:00.128862,18,DEVICE033,0,Chattogram,0,885,246,1,-2152.04,0,0,0,0
TXN200307,USER110,USER477,42593.69,2026-09-19T18:31:00.128862,4,DEVICE_ROGUE_970,1,Chattogram,1,232,9,8,39218.39,1,1,3,1
TXN101009,USER214,USER083,1846.73,2026-09-19T09:53:30.128862,20,DEVICE114,0,Dhaka,0,708,568,1,-95.39,0,0,0,0
TXN201062,USER074,USER465,49869.09,2026-09-14T17:28:53.128862,3,DEVICE068,0,Dhaka,0,1110,352,5,48219.46,1,0,0,1
TXN100637,USER238,USER230,1227.0,2026-09-26T05:55:12.128862,16,DEVICE020,0,Chattogram,0,170,597,3,-237.78,1,0,0,0
TXN200099,USER060,USER123,35177.94,2026-09-11T13:04:05.128862,23,DEVICE_ROGUE_921,1,Unknown,1,270,12,12,33353.41,1,1,4,1
TXN104504,USER186,USER577,1380.17,2026-09-22T22:02:34.128862,8,DEVICE063,0,Chattogram,0,388,608,1,-335.95,0,0,0,0
TXN102308,USER084,USER141,3246.09,2026-09-30T10:22:46.128862,20,DEVICE131,0,Dhaka,0,149,569,1,21.97,0,0,0,0
TXN104168,USER199,USER491,2527.59,2026-09-05T17:38:29.128862,3,DEVICE133,0,Sylhet,0,1034,503,1,-970.47,0,0,0,0
TXN103145,USER294,USER088,1804.55,2026-10-03T02:43:36.128862,12,DEVICE059,1,Rangpur,1,1098,882,1,297.27,0,0,0,0
TXN103781,USER037,USER513,3141.6,2026-09-29T01:31:51.128862,11,DEVICE189,0,Sylhet,0,448,574,1,102.21,0,0,0,0
TXN102096,USER239,USER537,2164.74,2026-09-15T01:43:13.128862,11,DEVICE183,0,Dhaka,0,722,508,3,-240.46,0,0,0,0
TXN200719,USER207,USER528,15854.82,2026-10-03T02:57:20.128862,13,DEVICE399,1,Dhaka,0,241,19,10,13972.01,1,1,2,1
TXN101956,USER193,USER378,805.23,2026-09-30T07:10:47.128862,17,DEVICE028,0,Sylhet,0,251,950,1,-669.25,0,0,0,0
TXN101372,USER049,USER466,3415.22,2026-09-14T01:00:51.128862,11,DEVICE090,0,Khulna,1,772,625,1,898.87,0,0,0,0
TXN104022,USER284,USER472,1926.24,2026-09-20T06:27:45.128862,16,DEVICE155,0,Sylhet,0,543,788,1,413.48,0,0,0,0
TXN100921,USER203,USER008,3098.46,2026-09-29T10:59:45.128862,21,DEVICE064,0,Sylhet,0,109,330,1,6.98,0,0,0,0
TXN100546,USER079,USER166,1306.14,2026-09-04T23:05:49.128862,9,DEVICE089,0,Dhaka,0,358,248,1,-209.04,0,0,0,0
TXN101449,USER019,USER082,3275.28,2026-10-01T19:52:22.128862,6,DEVICE027,0,Dhaka,0,712,212,1,289.82,0,0,0,0
TXN102804,USER123,USER335,2115.13,2026-09-19T09:04:34.128862,19,DEVICE050,0,Chattogram,0,1081,282,1,-787.16,0,0,0,0
TXN102610,USER165,USER107,1631.47,2026-09-17T21:45:46.128862,8,DEVICE080,0,Dhaka,0,1198,963,1,-1489.55,0,0,0,0
TXN101900,USER159,USER469,1355.88,2026-09-12T00:11:26.128862,10,DEVICE159,0,Rajshahi,1,254,739,1,-65.43,0,0,0,0
TXN102757,USER158,USER170,1253.64,2026-09-25T00:51:40.128862,11,DEVICE163,0,Sylhet,0,904,242,1,-1134.79,0,0,0,0
TXN102028,USER058,USER358,3074.32,2026-09-29T23:26:08.128862,9,DEVICE072,0,Cumilla,1,165,190,1,305.68,0,0,0,0
TXN102301,USER008,USER041,1367.0,2026-09-15T22:58:04.128862,9,DEVICE111,0,Dhaka,0,395,709,1,332.27,0,0,0,0
TXN101885,USER189,USER359,1170.33,2026-09-19T20:55:42.128862,7,DEVICE177,0,Sylhet,0,933,366,1,-143.23,0,0,0,0
TXN101642,USER252,USER335,3101.07,2026-09-20T22:43:46.128862,8,DEVICE040,0,Dhaka,0,839,891,3,271.04,0,0,0,0
TXN100972,USER142,USER317,1705.75,2026-09-21T23:18:57.128862,9,DEVICE168,0,Sylhet,0,348,503,1,-578.72,0,0,0,0
TXN200964,USER074,USER535,44124.05,2026-10-01T09:21:19.128862,19,DEVICE068,0,Dhaka,0,22,17,9,42474.42,1,1,0,1
TXN102097,USER085,USER123,1528.45,2026-10-02T16:55:48.128862,3,DEVICE030,0,Sylhet,0,580,514,2,-349.93,0,0,1,0
TXN200408,USER229,USER432,40500.27,2026-09-29T16:16:53.128862,2,DEVICE071,0,Sylhet,0,1107,395,2,39275.2,1,0,1,1
TXN104575,USER297,USER566,2471.33,2026-09-25T08:53:15.128862,19,DEVICE186,0,Sylhet,0,570,738,3,516.58,0,0,0,0
TXN200690,USER073,USER486,47517.75,2026-10-02T16:04:38.128862,2,DEVICE_ROGUE_959,1,Chattogram,1,830,11,7,44351.56,1,1,3,1
TXN201158,USER259,USER527,49631.02,2026-09-16T17:21:14.128862,3,DEVICE_ROGUE_977,1,Unknown,1,694,1,10,48114.98,1,1,3,1
TXN100836,USER069,USER527,1202.77,2026-09-05T01:12:44.128862,11,DEVICE008,0,Sylhet,0,936,175,1,-448.95,0,0,0,0
TXN100601,USER249,USER021,2276.6,2026-10-01T19:50:33.128862,6,DEVICE060,0,Dhaka,0,501,982,1,-336.96,0,0,0,0
TXN102184,USER292,USER012,3064.82,2026-09-30T22:04:02.128862,8,DEVICE100,0,Chattogram,0,166,447,1,182.8,0,0,0,0
TXN104768,USER245,USER446,1225.74,2026-09-15T01:46:57.128862,12,DEVICE139,0,Sylhet,0,694,345,1,-125.76,1,0,0,0
TXN103516,USER066,USER181,2479.3,2026-09-24T20:04:29.128862,6,DEVICE174,0,Dhaka,0,1143,862,1,-415.9,0,0,0,0
TXN200349,USER281,USER001,30045.86,2026-09-24T18:14:43.128862,4,DEVICE_ROGUE_981,1,Unknown,1,1055,2,6,27308.31,1,1,3,1
TXN101582,USER177,USER411,911.35,2026-09-20T21:44:18.128862,7,DEVICE107,0,Chattogram,0,703,980,2,-150.36,0,0,0,0
TXN200301,USER200,USER076,39561.98,2026-09-28T17:08:01.128862,3,DEVICE119,0,Chattogram,0,610,331,2,36504.71,1,0,1,1
TXN103583,USER057,USER476,1307.33,2026-09-16T06:09:13.128862,16,DEVICE085,0,Sylhet,0,910,663,1,45.26,0,0,0,0
TXN103858,USER033,USER238,1411.98,2026-09-13T10:00:16.128862,20,DEVICE189,0,Chattogram,0,558,828,2,-835.84,1,0,0,0
TXN101070,USER194,USER411,1943.19,2026-09-26T22:41:30.128862,8,DEVICE200,0,Sylhet,0,873,576,1,-1349.63,0,0,0,0
TXN101775,USER046,USER528,1480.43,2026-09-19T09:58:04.128862,20,DEVICE057,0,Dhaka,0,1052,278,1,51.89,0,0,0,0
TXN200963,USER256,USER374,38424.12,2026-09-19T17:47:52.128862,4,DEVICE107,0,Chattogram,0,426,120,3,34934.66,1,0,1,1
TXN101283,USER291,USER123,694.99,2026-09-28T09:25:15.128862,19,DEVICE008,0,Sylhet,0,182,724,1,-114.58,0,0,0,0
TXN200187,USER017,USER594,41939.18,2026-09-20T17:08:44.128862,3,DEVICE064,0,Chattogram,0,344,105,4,40543.99,1,0,0,1
TXN200084,USER065,USER438,43512.22,2026-09-22T13:32:46.128862,23,DEVICE_ROGUE_959,1,Unknown,1,917,10,12,40436.52,1,1,4,1
TXN200899,USER120,USER025,36572.85,2026-10-01T23:50:04.128862,10,DEVICE021,1,Chattogram,0,10,27,10,35360.18,1,1,0,1
TXN101836,USER103,USER370,2199.14,2026-09-17T12:08:49.128862,22,DEVICE111,0,Chattogram,0,589,462,1,-441.48,0,0,0,0
TXN200652,USER275,USER546,41628.56,2026-09-06T18:00:09.128862,4,DEVICE091,0,Dhaka,0,844,396,4,40465.97,1,0,0,1
TXN101019,USER059,USER022,1344.23,2026-09-05T03:02:30.128862,13,DEVICE018,0,Sylhet,0,1021,146,1,103.04,1,0,0,0
TXN100970,USER016,USER251,2368.92,2026-09-26T05:12:36.128862,15,DEVICE175,0,Chattogram,0,989,446,1,97.58,0,0,0,0
TXN101326,USER229,USER379,811.74,2026-09-10T02:05:57.128862,12,DEVICE071,0,Sylhet,0,1107,380,3,-413.33,0,0,0,0
TXN103333,USER029,USER355,3530.97,2026-09-13T00:30:41.128862,10,DEVICE046,0,Dhaka,0,750,514,2,442.74,0,0,0,0
TXN100475,USER001,USER151,4101.06,2026-09-18T06:19:31.128862,16,DEVICE039,0,Sylhet,0,235,260,1,1574.61,0,0,0,0
TXN102810,USER286,USER465,2722.52,2026-09-16T08:14:42.128862,18,DEVICE125,0,Dhaka,0,1040,122,1,-521.89,1,0,0,0
TXN200808,USER092,USER355,27588.28,2026-09-24T18:38:41.128862,4,DEVICE_ROGUE_922,1,Sylhet,1,322,1,9,25094.18,1,1,2,1
TXN101651,USER072,USER055,3336.05,2026-09-27T21:32:56.128862,7,DEVICE046,0,Sylhet,0,1151,472,1,-9.81,1,0,0,0
TXN200769,USER029,USER525,31439.51,2026-09-06T08:38:57.128862,18,DEVICE307,1,Dhaka,0,28,23,17,28351.28,1,1,0,1
TXN200321,USER055,USER427,29765.23,2026-09-05T06:46:38.128862,17,DEVICE159,1,Chattogram,0,18,6,7,27215.53,1,1,0,1
TXN102528,USER245,USER250,1187.65,2026-09-28T01:52:34.128862,12,DEVICE139,0,Sylhet,0,694,177,1,-163.85,1,0,0,0
TXN103691,USER204,USER201,789.07,2026-09-25T23:06:24.128862,9,DEVICE032,0,Sylhet,0,1042,470,1,-459.97,1,0,0,0
TXN104509,USER261,USER032,3827.15,2026-09-19T00:01:18.128862,10,DEVICE107,0,Sylhet,0,325,973,3,648.82,0,0,0,0
TXN104086,USER251,USER377,1125.59,2026-09-23T23:50:45.128862,10,DEVICE178,0,Chattogram,0,1194,429,1,-528.09,0,0,0,0
TXN101373,USER111,USER421,1998.47,2026-09-24T20:53:50.128862,7,DEVICE185,0,Chattogram,0,655,578,1,-1166.33,0,0,0,0
TXN100739,USER174,USER231,3489.17,2026-09-25T02:33:38.128862,12,DEVICE197,0,Sylhet,0,295,366,1,570.7,0,0,1,0
TXN104608,USER114,USER145,1384.58,2026-09-23T23:04:44.128862,9,DEVICE080,0,Chattogram,0,1129,794,1,102.22,0,0,0,0
TXN201002,USER112,USER410,32142.76,2026-09-05T17:43:52.128862,3,DEVICE_ROGUE_938,1,Coxs Bazar,1,939,1,7,30631.61,1,1,4,1
TXN100867,USER093,USER289,2455.63,2026-09-08T17:41:24.128862,3,DEVICE001,0,Sylhet,0,1035,252,2,-482.98,1,0,0,0
TXN102974,USER271,USER237,1448.71,2026-10-01T13:57:55.128862,0,DEVICE148,0,Dhaka,0,631,898,3,-1557.47,0,0,0,0
TXN101140,USER177,USER086,1192.09,2026-09-19T23:08:32.128862,9,DEVICE107,0,Chattogram,0,703,750,2,130.38,0,0,0,0
TXN100997,USER166,USER238,1206.34,2026-09-29T12:43:59.128862,22,DEVICE058,0,Chattogram,0,163,961,2,215.03,1,0,0,0
TXN101337,USER166,USER580,715.22,2026-09-05T08:41:45.128862,18,DEVICE058,0,Chattogram,0,163,195,3,-276.09,0,0,0,0
TXN100541,USER076,USER509,2170.99,2026-09-09T22:18:53.128862,8,DEVICE214,1,Sylhet,0,195,614,1,302.78,0,0,0,0
TXN101099,USER050,USER558,2627.45,2026-09-30T23:57:54.128862,10,DEVICE079,0,Barishal,1,747,979,1,842.4,0,0,0,0
TXN101132,USER021,USER079,3305.65,2026-09-05T00:54:51.128862,11,DEVICE200,0,Chattogram,0,647,963,1,329.94,1,0,0,0
TXN201016,USER044,USER353,37427.83,2026-09-29T17:08:21.128862,3,DEVICE010,0,Dhaka,0,1097,349,2,35846.48,1,0,0,1
TXN201127,USER158,USER462,21580.87,2026-10-03T08:50:08.128862,19,DEVICE108,1,Sylhet,0,904,20,11,19192.44,1,1,2,1
TXN102258,USER106,USER209,3271.94,2026-09-14T07:31:39.128862,17,DEVICE085,0,Rajshahi,1,875,679,1,741.34,0,0,0,0
TXN201173,USER296,USER157,43910.79,2026-09-15T16:05:17.128862,2,DEVICE104,0,Chattogram,0,289,138,3,41621.25,1,0,1,1
TXN102962,USER291,USER502,845.37,2026-09-11T03:31:42.128862,13,DEVICE008,0,Sylhet,0,182,260,1,35.8,0,0,0,0
TXN100059,USER030,USER077,1903.26,2026-09-16T06:08:45.128862,16,DEVICE106,0,Sylhet,0,602,91,1,-526.8,1,0,0,0
TXN103259,USER284,USER026,1930.88,2026-09-11T01:01:34.128862,11,DEVICE155,0,Sylhet,0,543,599,1,418.12,1,0,0,0
TXN104083,USER168,USER460,1729.06,2026-09-26T06:20:06.128862,16,DEVICE038,0,Dhaka,0,570,296,1,-877.18,1,0,0,0
TXN101938,USER061,USER446,3116.03,2026-09-10T07:03:55.128862,17,DEVICE072,0,Dhaka,0,734,792,1,-355.68,0,0,0,0
TXN103650,USER098,USER275,3201.84,2026-09-22T02:50:04.128862,13,DEVICE190,0,Chattogram,0,1132,1000,1,973.23,0,0,0,0
TXN201123,USER274,USER486,42685.5,2026-09-26T18:09:11.128862,4,DEVICE_ROGUE_913,1,Unknown,1,1021,3,9,39350.39,1,1,3,1
TXN103395,USER170,USER114,1503.67,2026-09-08T05:31:15.128862,15,DEVICE012,0,Sylhet,0,555,728,3,346.43,0,0,0,0
TXN102813,USER232,USER342,800.95,2026-09-19T10:42:29.128862,20,DEVICE134,0,Chattogram,0,811,858,2,-500.78,1,0,0,0
TXN201196,USER072,USER489,8483.01,2026-09-23T01:56:29.128862,12,DEVICE181,1,Sylhet,0,1151,97,16,5137.15,1,1,2,1
TXN200856,USER216,USER524,46859.91,2026-09-17T12:55:26.128862,23,DEVICE_ROGUE_917,1,Sylhet,1,877,8,6,43372.27,1,1,3,1
TXN101078,USER209,USER006,1390.7,2026-09-10T00:33:48.128862,10,DEVICE136,0,Chattogram,0,797,380,3,-432.53,0,0,0,0
TXN104532,USER260,USER598,3934.31,2026-10-01T01:45:46.128862,12,DEVICE120,0,Dhaka,0,783,297,1,614.51,0,0,0,0
TXN201031,USER089,USER106,39300.79,2026-09-14T17:51:32.128862,4,DEVICE066,0,Chattogram,0,925,45,3,38255.33,1,0,1,1
TXN104272,USER116,USER524,3230.28,2026-09-23T02:57:15.128862,13,DEVICE105,0,Chattogram,0,95,438,1,79.88,1,0,0,0
TXN104283,USER258,USER030,1559.25,2026-09-19T00:57:46.128862,11,DEVICE085,0,Sylhet,0,1076,598,1,183.73,0,0,0,0
TXN200299,USER028,USER212,40074.9,2026-09-17T16:55:29.128862,3,DEVICE042,0,Chattogram,0,974,174,3,39013.77,1,0,0,1
TXN102630,USER157,USER421,1293.49,2026-10-02T23:20:45.128862,9,DEVICE170,0,Chattogram,0,783,973,2,-419.34,0,0,0,0
TXN200001,USER081,USER271,28746.99,2026-09-18T06:28:36.128862,16,DEVICE228,1,Chattogram,0,21,10,17,26431.3,1,1,0,1
TXN103524,USER151,USER135,4488.94,2026-09-12T01:30:57.128862,11,DEVICE189,0,Sylhet,0,385,319,3,1002.04,0,0,0,0
TXN103563,USER163,USER222,890.14,2026-09-05T02:49:23.128862,13,DEVICE061,0,Dhaka,0,738,923,2,-528.0,1,0,0,0
TXN100940,USER093,USER331,966.23,2026-09-09T02:07:28.128862,12,DEVICE001,0,Sylhet,0,1035,440,1,-1972.38,1,0,0,0
TXN101080,USER007,USER166,2547.44,2026-09-07T03:55:25.128862,14,DEVICE038,0,Sylhet,0,550,99,1,-661.44,0,0,0,0
TXN100187,USER068,USER397,876.08,2026-09-22T09:11:36.128862,19,DEVICE085,0,Sylhet,0,1036,542,1,-10.59,0,0,0,0
TXN103722,USER115,USER498,4094.77,2026-09-12T09:21:04.128862,19,DEVICE171,0,Chattogram,0,637,804,2,830.67,0,0,0,0
TXN200813,USER141,USER148,35962.04,2026-09-27T07:55:44.128862,18,DEVICE290,1,Chattogram,0,7,11,6,33878.78,1,1,0,1
TXN102085,USER222,USER259,2099.41,2026-09-28T05:07:23.128862,15,DEVICE191,0,Chattogram,0,695,236,2,-264.38,1,0,0,0
TXN102249,USER242,USER035,1949.4,2026-09-26T12:21:07.128862,22,DEVICE070,0,Chattogram,0,837,554,1,-426.52,0,0,0,0
TXN103688,USER178,USER135,2185.17,2026-09-23T06:49:48.128862,17,DEVICE162,0,Sylhet,0,149,524,3,221.33,0,0,0,0
TXN201068,USER065,USER468,45591.31,2026-09-27T16:10:23.128862,2,DEVICE_ROGUE_953,1,Sylhet,1,917,11,6,42515.61,1,1,3,1
TXN102023,USER164,USER360,3362.21,2026-09-25T21:01:06.128862,7,DEVICE173,0,Chattogram,0,1089,826,2,117.58,0,0,0,0
TXN103794,USER193,USER371,1548.21,2026-09-04T02:14:53.128862,12,DEVICE028,0,Sylhet,0,251,62,1,73.73,0,0,0,0
TXN101492,USER125,USER502,1094.55,2026-09-12T03:12:16.128862,13,DEVICE171,0,Dhaka,0,770,222,2,293.01,1,0,0,0
TXN104601,USER233,USER426,2583.49,2026-09-11T10:43:36.128862,20,DEVICE125,0,Chattogram,0,538,488,1,176.9,0,0,0,0
TXN104040,USER116,USER404,2122.05,2026-09-09T23:10:31.128862,9,DEVICE105,0,Chattogram,0,95,371,2,-1028.35,0,0,0,0
TXN100226,USER046,USER344,1772.76,2026-09-12T01:58:28.128862,12,DEVICE057,0,Dhaka,0,1052,865,2,344.22,1,0,1,0
TXN101013,USER275,USER582,1092.4,2026-09-28T18:46:08.128862,5,DEVICE091,0,Dhaka,0,844,138,1,-70.19,1,0,0,0
TXN102583,USER017,USER428,1438.26,2026-09-08T22:20:07.128862,8,DEVICE064,0,Chattogram,0,344,313,1,43.07,0,0,0,0
TXN101929,USER163,USER324,1348.38,2026-09-26T08:22:38.128862,18,DEVICE061,0,Dhaka,0,738,744,1,-69.76,0,0,0,0
TXN104215,USER138,USER082,2702.42,2026-10-01T08:18:40.128862,18,DEVICE054,0,Chattogram,0,880,551,4,-151.21,0,1,0,0
TXN200582,USER209,USER364,41841.14,2026-09-08T17:52:55.128862,4,DEVICE136,0,Chattogram,0,797,152,3,40017.91,1,0,1,1
TXN101404,USER127,USER417,770.99,2026-09-17T23:24:23.128862,9,DEVICE174,0,Sylhet,0,1022,346,1,-81.6,1,0,0,0
TXN102179,USER101,USER471,614.9,2026-09-18T22:28:10.128862,8,DEVICE051,0,Chattogram,0,1078,490,1,-216.1,0,0,0,0
TXN100697,USER002,USER488,976.15,2026-09-03T14:28:24.128862,0,DEVICE140,0,Sylhet,0,568,780,1,108.62,0,0,0,0
TXN101124,USER052,USER415,1615.67,2026-09-04T07:55:33.128862,18,DEVICE058,0,Chattogram,0,419,762,1,250.0,0,0,0,0
TXN103282,USER271,USER098,2730.86,2026-09-16T21:31:34.128862,7,DEVICE148,0,Dhaka,0,631,815,1,-275.32,0,0,0,0
TXN103960,USER101,USER518,777.24,2026-09-22T10:10:09.128862,20,DEVICE051,0,Chattogram,0,1078,636,2,-53.76,0,0,0,0
TXN104110,USER016,USER251,2109.4,2026-09-19T11:22:37.128862,21,DEVICE175,0,Chattogram,0,989,325,1,-161.94,1,0,0,0
TXN101778,USER078,USER431,1613.42,2026-09-16T04:40:30.128862,14,DEVICE112,0,Dhaka,0,636,823,2,-425.48,0,0,0,0
TXN102634,USER125,USER488,714.22,2026-09-23T06:08:00.128862,16,DEVICE171,0,Dhaka,0,770,400,1,-87.32,0,0,0,0
TXN103091,USER117,USER213,1678.91,2026-09-08T23:25:07.128862,9,DEVICE084,0,Sylhet,0,669,350,2,73.11,0,0,0,0
TXN104047,USER195,USER112,1625.78,2026-09-21T06:51:36.128862,17,DEVICE109,0,Sylhet,0,583,393,2,-370.67,0,0,0,0
TXN101037,USER169,USER249,1517.0,2026-09-15T07:59:42.128862,18,DEVICE007,0,Chattogram,0,678,769,1,138.56,0,0,0,0
TXN200194,USER033,USER096,15500.49,2026-09-26T11:07:36.128862,21,DEVICE229,1,Chattogram,0,558,55,17,13252.67,1,1,1,1
TXN102256,USER191,USER558,2163.17,2026-09-25T05:02:53.128862,15,DEVICE193,0,Chattogram,0,438,735,1,224.09,0,0,0,0
TXN103773,USER072,USER069,2271.96,2026-09-10T05:43:54.128862,15,DEVICE046,0,Sylhet,0,1151,787,3,-1073.9,1,0,0,0
TXN201129,USER225,USER293,43624.76,2026-09-10T11:14:00.128862,21,DEVICE067,0,Sylhet,0,11,17,14,42670.41,1,1,0,1
TXN100313,USER258,USER109,1301.93,2026-09-25T00:04:51.128862,10,DEVICE085,0,Sylhet,0,1076,508,1,-73.59,0,0,0,0
TXN102649,USER047,USER121,1606.06,2026-09-20T06:12:55.128862,16,DEVICE052,0,Chattogram,0,802,340,2,533.36,1,0,0,0
TXN102281,USER178,USER540,2713.74,2026-09-05T02:08:21.128862,12,DEVICE162,0,Sylhet,0,149,274,1,749.9,0,0,0,0
TXN103693,USER061,USER314,3309.28,2026-09-30T23:04:12.128862,9,DEVICE072,0,Dhaka,0,734,538,1,-162.43,0,0,0,0
TXN104287,USER294,USER397,1789.78,2026-09-15T15:35:09.128862,1,DEVICE172,0,Dhaka,0,1098,576,2,282.5,0,0,0,0
TXN102547,USER158,USER144,3311.11,2026-09-23T05:59:43.128862,16,DEVICE163,0,Sylhet,0,904,424,1,922.68,0,0,0,0
TXN101416,USER052,USER276,1847.14,2026-09-09T09:19:20.128862,19,DEVICE058,0,Chattogram,0,419,437,1,481.47,0,0,0,0
TXN101036,USER271,USER053,2335.56,2026-09-25T05:18:46.128862,15,DEVICE148,0,Dhaka,0,631,916,1,-670.62,0,0,0,0
TXN102159,USER265,USER453,3783.82,2026-09-22T03:14:53.128862,13,DEVICE100,0,Chattogram,0,552,189,1,732.71,0,0,0,0
TXN102984,USER175,USER204,2622.18,2026-09-05T05:34:19.128862,15,DEVICE019,0,Sylhet,0,998,854,1,-358.06,1,0,0,0
TXN103137,USER160,USER220,891.59,2026-10-02T06:49:17.128862,17,DEVICE086,0,Chattogram,0,762,164,1,-503.0,0,0,0,0
TXN200181,USER295,USER152,26025.45,2026-09-26T08:11:25.128862,18,DEVICE174,0,Dhaka,0,13,12,13,23224.13,1,1,0,1
TXN101754,USER284,USER145,1531.81,2026-09-27T01:21:49.128862,11,DEVICE155,0,Sylhet,0,543,681,2,19.05,0,0,1,0
TXN104262,USER284,USER249,1651.63,2026-09-18T19:45:21.128862,6,DEVICE155,0,Sylhet,0,543,84,1,138.87,1,0,0,0
TXN103980,USER202,USER206,2587.78,2026-09-26T02:44:20.128862,12,DEVICE143,0,Chattogram,1,612,458,1,-713.41,0,0,0,0
TXN103817,USER090,USER388,760.7,2026-09-28T00:41:42.128862,10,DEVICE012,0,Sylhet,0,280,348,1,-166.51,0,0,0,0
TXN200545,USER066,USER117,12489.39,2026-09-11T20:05:20.128862,6,DEVICE244,1,Dhaka,0,1143,37,13,9594.19,1,1,1,1
TXN102520,USER248,USER487,950.88,2026-10-03T03:33:01.128862,13,DEVICE039,0,Dhaka,0,449,573,1,-917.74,0,0,0,0
TXN100873,USER198,USER151,792.97,2026-09-13T01:00:11.128862,11,DEVICE179,0,Dhaka,0,565,965,1,-143.62,0,0,0,0
TXN200429,USER151,USER145,18252.02,2026-09-28T10:53:18.128862,21,DEVICE070,1,Sylhet,0,20,13,14,14765.12,1,1,0,1
TXN104489,USER018,USER180,3094.18,2026-09-15T21:16:17.128862,7,DEVICE171,0,Chattogram,0,1049,310,1,703.16,0,0,0,0
TXN101506,USER004,USER502,1835.66,2026-09-10T09:35:39.128862,19,DEVICE095,0,Chattogram,0,495,575,2,432.99,0,0,0,0
TXN103891,USER083,USER181,2457.38,2026-09-20T07:28:10.128862,17,DEVICE156,0,Sylhet,0,338,217,1,79.0,0,0,0,0
TXN101923,USER157,USER515,622.3,2026-09-19T09:17:51.128862,19,DEVICE170,0,Chattogram,0,783,337,3,-1090.53,0,0,0,0
TXN100448,USER108,USER215,1561.65,2026-09-07T06:21:59.128862,16,DEVICE081,0,Sylhet,0,1130,149,1,-412.22,0,0,0,0
TXN103460,USER256,USER499,3168.49,2026-09-06T08:47:41.128862,19,DEVICE107,0,Chattogram,0,426,359,1,-320.97,0,0,0,0
TXN103575,USER146,USER202,900.25,2026-09-18T00:50:55.128862,11,DEVICE114,0,Dhaka,0,991,984,1,-471.61,0,0,0,0
TXN201160,USER008,USER266,41640.73,2026-09-21T10:20:05.128862,20,DEVICE108,1,Dhaka,0,5,21,13,40606.0,1,1,0,1
TXN103632,USER005,USER578,4049.27,2026-10-01T21:53:33.128862,8,DEVICE150,0,Sylhet,0,960,421,1,1260.8,0,0,0,0
TXN103257,USER154,USER515,2042.79,2026-09-21T03:54:25.128862,14,DEVICE022,0,Sylhet,0,243,903,1,-154.66,0,0,0,0
TXN100361,USER108,USER389,2323.74,2026-09-14T05:08:52.128862,15,DEVICE081,0,Sylhet,0,1130,329,1,349.87,0,0,0,0
TXN102183,USER255,USER173,3567.48,2026-09-14T23:13:02.128862,9,DEVICE017,0,Sylhet,0,648,903,4,71.65,0,1,0,0
TXN101134,USER041,USER444,1917.46,2026-09-29T11:57:49.128862,22,DEVICE180,0,Dhaka,0,659,586,1,-784.88,0,0,0,0
TXN200030,USER083,USER346,19867.83,2026-09-22T04:22:55.128862,14,DEVICE168,1,Sylhet,0,338,162,9,17489.45,1,1,2,1
TXN103199,USER240,USER209,2606.04,2026-09-16T00:59:56.128862,11,DEVICE074,0,Dhaka,0,992,813,1,133.71,0,0,0,0
TXN201017,USER231,USER154,26127.19,2026-09-26T17:34:02.128862,3,DEVICE_ROGUE_932,1,Unknown,1,561,4,6,25110.89,1,1,3,1
TXN103438,USER083,USER394,2604.78,2026-09-29T23:07:11.128862,9,DEVICE156,0,Sylhet,0,338,226,1,226.4,1,0,0,0
TXN102155,USER078,USER521,1799.23,2026-09-16T06:01:37.128862,16,DEVICE112,0,Dhaka,0,636,778,1,-239.67,1,0,0,0
TXN101830,USER021,USER547,1434.08,2026-09-23T07:28:52.128862,17,DEVICE200,0,Chattogram,0,647,477,1,-1541.63,1,0,0,0
TXN101053,USER253,USER270,465.43,2026-09-07T21:02:59.128862,7,DEVICE181,0,Dhaka,0,1177,882,1,-530.44,1,0,0,0
TXN102460,USER141,USER082,2426.45,2026-09-08T03:04:20.128862,13,DEVICE156,0,Chattogram,0,165,954,1,343.19,0,0,0,0
TXN100022,USER168,USER123,2822.08,2026-09-26T15:12:24.128862,1,DEVICE038,0,Dhaka,0,570,295,1,215.84,0,0,0,0
TXN102066,USER129,USER291,3996.31,2026-09-26T05:03:08.128862,15,DEVICE045,0,Sylhet,0,476,793,1,823.76,1,0,0,0
TXN101653,USER102,USER220,3859.55,2026-09-21T18:57:40.128862,5,DEVICE094,0,Sylhet,0,1057,73,1,1113.6,0,0,0,0
TXN103661,USER005,USER559,2280.7,2026-09-10T11:03:53.128862,21,DEVICE150,0,Sylhet,0,960,243,2,-507.77,0,0,0,0
TXN104331,USER194,USER359,2831.28,2026-09-24T10:55:02.128862,21,DEVICE200,0,Sylhet,0,873,331,1,-461.54,0,0,0,0
TXN102743,USER290,USER212,1609.84,2026-09-20T01:37:24.128862,11,DEVICE125,0,Sylhet,0,376,863,2,62.8,1,0,1,0
TXN200444,USER192,USER004,22251.11,2026-09-10T23:51:31.128862,10,DEVICE190,1,Dhaka,0,448,199,18,20699.04,1,1,2,1
TXN200072,USER124,USER315,14682.39,2026-09-11T19:27:51.128862,5,DEVICE090,1,Chattogram,0,796,139,8,12450.44,1,1,2,1
TXN102468,USER257,USER047,1325.86,2026-09-28T00:37:35.128862,10,DEVICE078,1,Chattogram,1,616,747,1,328.06,0,0,0,0
TXN102325,USER007,USER306,3753.37,2026-09-05T00:14:26.128862,10,DEVICE038,0,Sylhet,0,550,829,1,544.49,0,0,0,0
TXN100460,USER168,USER147,2111.68,2026-09-07T08:37:46.128862,18,DEVICE038,0,Dhaka,0,570,801,1,-494.56,1,0,0,0
TXN101067,USER275,USER204,1317.62,2026-09-30T12:19:38.128862,22,DEVICE091,0,Dhaka,0,844,880,1,155.03,1,0,0,0
TXN100087,USER032,USER142,2023.86,2026-09-21T04:05:55.128862,14,DEVICE046,0,Dhaka,0,277,237,1,-746.42,0,0,0,0
TXN101430,USER281,USER580,2573.08,2026-09-08T04:45:05.128862,14,DEVICE192,0,Dhaka,0,1055,510,1,-164.47,0,0,0,0
TXN103739,USER196,USER210,2632.25,2026-09-15T04:58:28.128862,15,DEVICE057,0,Dhaka,0,1109,809,2,-493.39,0,0,0,0
TXN100282,USER081,USER518,2647.98,2026-10-01T09:17:08.128862,19,DEVICE081,0,Chattogram,0,987,388,2,332.29,0,0,0,0
TXN102483,USER246,USER549,1098.54,2026-09-07T07:16:55.128862,17,DEVICE021,0,Sylhet,0,759,568,2,-1635.18,0,0,0,0
TXN100462,USER267,USER320,1732.86,2026-09-27T17:04:53.128862,3,DEVICE150,0,Chattogram,0,839,257,3,-718.67,0,0,0,0
TXN100212,USER219,USER177,1120.98,2026-10-03T00:56:30.128862,11,DEVICE141,0,Dhaka,0,575,95,2,-96.97,0,0,0,0
TXN102588,USER277,USER147,893.55,2026-09-08T10:43:56.128862,20,DEVICE193,0,Dhaka,0,870,293,2,-195.45,0,0,0,0
TXN104291,USER178,USER265,2408.86,2026-09-20T00:14:48.128862,10,DEVICE162,0,Sylhet,0,149,877,1,445.02,0,0,0,0
TXN102907,USER023,USER556,1175.83,2026-10-01T07:56:26.128862,18,DEVICE105,0,Chattogram,0,1195,626,1,-542.85,0,0,0,0
TXN102581,USER176,USER083,1390.36,2026-09-28T00:12:15.128862,10,DEVICE117,0,Chattogram,0,430,700,1,76.25,1,0,0,0
TXN101368,USER096,USER074,1185.57,2026-09-17T19:52:40.128862,6,DEVICE176,0,Dhaka,0,1110,70,1,-644.8,0,0,0,0
TXN100234,USER196,USER379,5109.4,2026-09-04T23:01:41.128862,9,DEVICE057,0,Dhaka,0,1109,335,1,1983.76,0,0,0,0
TXN103922,USER264,USER113,970.78,2026-10-03T03:23:28.128862,13,DEVICE008,1,Chattogram,0,378,78,2,-255.14,0,0,0,0
TXN100597,USER103,USER374,2773.08,2026-09-11T02:55:00.128862,13,DEVICE111,0,Chattogram,0,589,505,2,132.46,0,0,0,0
TXN200495,USER191,USER055,46331.01,2026-09-23T16:48:43.128862,3,DEVICE_ROGUE_928,1,Coxs Bazar,1,438,8,6,44391.93,1,1,4,1
TXN102250,USER086,USER552,997.69,2026-09-06T05:02:35.128862,15,DEVICE099,0,Dhaka,0,414,97,1,-394.48,0,0,0,0
TXN201074,USER144,USER405,40438.45,2026-09-27T23:41:59.128862,9,DEVICE120,0,Chattogram,0,21,27,12,37282.88,1,1,0,1
TXN102283,USER240,USER598,2382.81,2026-09-26T20:14:20.128862,6,DEVICE074,0,Dhaka,0,992,836,1,-89.52,0,0,0,0
TXN100662,USER235,USER529,2013.46,2026-09-15T07:46:41.128862,18,DEVICE062,0,Cumilla,1,603,131,1,578.41,1,0,0,0
TXN201154,USER277,USER425,42244.57,2026-09-16T17:53:59.128862,4,DEVICE_ROGUE_981,1,Unknown,1,870,12,7,41155.57,1,1,4,1
TXN102285,USER064,USER568,3091.69,2026-10-01T23:05:58.128862,9,DEVICE131,0,Dhaka,0,327,746,1,443.23,0,0,0,0
TXN103431,USER132,USER202,771.0,2026-09-06T23:11:47.128862,9,DEVICE078,0,Dhaka,0,568,531,1,-185.4,0,0,0,0
TXN200855,USER030,USER485,43259.94,2026-09-24T17:36:52.128862,3,DEVICE106,0,Sylhet,0,602,144,4,40829.88,1,0,0,1
TXN104320,USER276,USER511,1557.39,2026-09-23T01:26:10.128862,11,DEVICE077,0,Sylhet,0,626,637,3,445.73,0,0,0,0
TXN103684,USER094,USER545,2173.18,2026-09-22T00:20:43.128862,10,DEVICE134,0,Sylhet,0,330,574,1,233.35,0,0,0,0
TXN200673,USER056,USER089,42208.14,2026-09-11T17:03:48.128862,3,DEVICE103,0,Dhaka,0,680,153,4,39763.49,1,0,0,1
TXN103468,USER004,USER481,1479.15,2026-09-24T11:45:44.128862,22,DEVICE095,0,Cumilla,1,495,624,2,76.48,0,0,0,0
TXN103541,USER227,USER431,2115.89,2026-09-29T03:02:24.128862,13,DEVICE064,0,Dhaka,0,106,775,1,-41.81,0,0,0,0
TXN102990,USER046,USER110,1111.09,2026-09-29T07:13:50.128862,17,DEVICE057,0,Dhaka,0,1052,785,1,-317.45,0,0,0,0
TXN200533,USER143,USER498,10991.0,2026-09-15T22:08:33.128862,8,DEVICE319,1,Sylhet,0,1118,123,15,9475.35,1,1,2,1
TXN100779,USER048,USER394,1026.66,2026-09-22T02:42:18.128862,12,DEVICE118,0,Sylhet,0,926,493,3,-523.87,1,0,0,0
TXN102544,USER293,USER311,1135.41,2026-10-02T08:29:29.128862,18,DEVICE087,0,Chattogram,0,713,952,2,-1384.8,0,0,0,0
TXN200898,USER287,USER103,17603.78,2026-09-20T22:21:46.128862,8,DEVICE057,0,Dhaka,0,24,12,6,14519.3,1,1,0,1
TXN104618,USER245,USER211,1503.2,2026-09-30T23:44:24.128862,9,DEVICE139,0,Sylhet,0,694,746,3,151.7,0,0,0,0
TXN200976,USER099,USER399,33140.94,2026-09-05T13:16:07.128862,23,DEVICE_ROGUE_900,1,Chattogram,1,649,2,5,29719.03,1,1,2,1
TXN200850,USER033,USER261,49257.69,2026-09-12T15:44:54.128862,1,DEVICE_ROGUE_984,1,Coxs Bazar,1,558,1,5,47009.87,1,1,3,1
TXN200983,USER098,USER464,36281.02,2026-10-02T17:46:47.128862,4,DEVICE190,0,Chattogram,0,1132,97,4,34052.41,1,0,0,1
TXN200996,USER174,USER484,8804.34,2026-09-24T18:56:09.128862,5,DEVICE173,1,Sylhet,0,295,167,11,5885.87,1,1,1,1
TXN100685,USER165,USER412,2492.23,2026-09-19T05:41:12.128862,15,DEVICE224,1,Dhaka,0,1198,84,1,-628.79,0,0,0,0
TXN103820,USER058,USER534,1917.63,2026-09-07T01:34:12.128862,11,DEVICE072,0,Sylhet,0,165,813,2,-851.01,0,0,0,0
TXN104701,USER111,USER162,2310.72,2026-09-25T05:40:11.128862,15,DEVICE185,0,Chattogram,0,655,62,1,-854.08,0,0,0,0
TXN103243,USER199,USER141,4912.78,2026-09-21T08:10:40.128862,18,DEVICE098,1,Sylhet,0,1034,594,1,1414.72,1,0,0,0
TXN101748,USER248,USER283,1169.17,2026-09-28T02:35:07.128862,12,DEVICE039,0,Dhaka,0,449,382,1,-699.45,0,0,0,0
TXN104303,USER206,USER466,1299.08,2026-09-08T22:21:51.128862,8,DEVICE035,0,Chattogram,0,413,198,1,-78.04,0,0,0,0
TXN104638,USER233,USER073,3215.62,2026-09-30T20:19:17.128862,6,DEVICE125,0,Chattogram,0,538,815,2,809.03,1,0,0,0
TXN102837,USER092,USER540,3524.64,2026-09-14T03:28:18.128862,13,DEVICE112,0,Sylhet,1,322,808,1,1030.54,0,0,0,0
TXN103032,USER282,USER477,1263.58,2026-09-19T07:16:48.128862,17,DEVICE189,0,Dhaka,0,141,512,1,-86.13,1,0,0,0
TXN102171,USER135,USER351,933.08,2026-09-05T09:22:36.128862,19,DEVICE001,0,Dhaka,0,741,548,1,-98.18,0,0,0,0
TXN103767,USER178,USER232,2403.21,2026-09-04T08:12:03.128862,18,DEVICE162,0,Sylhet,0,149,483,1,439.37,1,0,0,0
TXN101850,USER013,USER156,874.69,2026-09-25T02:56:59.128862,13,DEVICE011,0,Chattogram,0,429,387,2,3.04,0,0,0,0
TXN100487,USER151,USER297,2795.38,2026-09-25T22:44:51.128862,8,DEVICE189,0,Sylhet,0,385,637,2,-691.52,0,0,0,0
TXN101688,USER183,USER535,3638.29,2026-10-03T03:59:49.128862,14,DEVICE099,0,Chattogram,0,824,442,3,181.04,0,0,1,0
TXN102230,USER292,USER598,4785.61,2026-09-10T02:42:35.128862,12,DEVICE100,0,Chattogram,0,166,990,2,1903.59,0,0,0,0
TXN103473,USER051,USER027,2300.28,2026-09-19T05:04:34.128862,15,DEVICE059,0,Dhaka,0,304,941,1,500.79,0,0,0,0
TXN104374,USER045,USER068,775.99,2026-09-16T09:14:01.128862,19,DEVICE121,0,Dhaka,0,276,343,4,-239.45,1,1,0,0
TXN102320,USER009,USER525,1994.19,2026-09-30T08:06:05.128862,18,DEVICE033,0,Chattogram,1,634,523,2,55.0,1,0,0,0
TXN100782,USER158,USER007,2326.78,2026-09-30T12:16:13.128862,22,DEVICE163,0,Sylhet,0,904,487,2,-61.65,0,0,0,0
TXN100521,USER100,USER116,2401.17,2026-09-25T08:40:11.128862,18,DEVICE172,0,Chattogram,0,940,746,1,-722.94,0,0,0,0
TXN100522,USER187,USER292,4264.27,2026-09-11T23:06:52.128862,9,DEVICE038,0,Dhaka,0,590,104,3,1137.75,1,0,0,0
TXN104017,USER172,USER012,2942.54,2026-09-28T07:48:56.128862,18,DEVICE122,0,Chattogram,0,978,432,1,600.72,0,0,0,0
TXN102939,USER063,USER398,2431.37,2026-09-03T22:10:57.128862,8,DEVICE165,0,Chattogram,0,752,252,1,127.61,0,0,0,0
TXN104680,USER104,USER181,684.53,2026-09-26T08:18:16.128862,18,DEVICE018,0,Sylhet,0,1025,415,1,-1565.29,0,0,0,0
TXN200026,USER162,USER531,43297.32,2026-09-17T22:51:03.128862,9,DEVICE193,0,Dhaka,0,23,15,7,40793.34,1,1,0,1
TXN102398,USER183,USER254,4064.98,2026-09-18T02:25:55.128862,12,DEVICE099,0,Chattogram,0,824,900,1,607.73,0,0,0,0
TXN102207,USER175,USER552,2686.7,2026-09-04T02:08:29.128862,12,DEVICE019,0,Sylhet,0,998,338,1,-293.54,0,0,0,0
TXN104518,USER232,USER337,1598.29,2026-10-01T03:35:36.128862,13,DEVICE134,0,Chattogram,0,811,453,1,296.56,0,0,0,0
TXN100780,USER155,USER513,675.77,2026-09-25T12:41:37.128862,22,DEVICE073,0,Dhaka,0,1051,830,1,-450.94,0,0,0,0
TXN104687,USER180,USER098,2961.68,2026-09-24T02:57:55.128862,13,DEVICE050,0,Chattogram,0,754,104,3,900.71,0,0,0,0
TXN103996,USER285,USER431,1760.38,2026-09-19T03:36:29.128862,13,DEVICE057,0,Dhaka,0,219,662,1,-358.66,0,0,0,0
TXN101511,USER018,USER546,3201.92,2026-09-29T22:42:39.128862,8,DEVICE171,0,Chattogram,0,1049,276,1,810.9,1,0,0,0
TXN101882,USER178,USER437,1944.25,2026-09-05T07:02:07.128862,17,DEVICE162,0,Rajshahi,1,149,421,2,-19.59,0,0,0,0
TXN100651,USER119,USER520,1553.58,2026-10-02T23:28:34.128862,9,DEVICE179,0,Chattogram,0,1092,792,1,-890.64,0,0,0,0
TXN103947,USER001,USER565,2496.15,2026-09-11T23:01:00.128862,9,DEVICE039,0,Sylhet,0,235,463,1,-30.3,1,0,0,0
TXN101801,USER049,USER072,2916.43,2026-09-28T15:47:49.128862,2,DEVICE216,1,Dhaka,0,772,107,1,400.08,0,0,1,0
TXN100369,USER075,USER172,2843.01,2026-10-03T06:06:39.128862,16,DEVICE010,0,Sylhet,0,995,929,1,273.33,0,0,0,0
TXN200434,USER238,USER126,17172.54,2026-10-01T07:24:03.128862,17,DEVICE020,0,Chattogram,0,11,27,16,15707.76,1,1,0,1
TXN103731,USER256,USER539,3400.43,2026-09-18T02:54:46.128862,13,DEVICE107,0,Chattogram,0,426,417,2,-89.03,0,0,0,0
TXN100118,USER154,USER386,2375.54,2026-09-20T22:15:28.128862,8,DEVICE022,0,Sylhet,0,243,784,3,178.09,1,0,0,0
TXN100377,USER212,USER267,3591.28,2026-09-03T21:45:46.128862,8,DEVICE082,0,Dhaka,0,602,412,1,674.29,0,0,0,0
TXN100216,USER242,USER543,1437.28,2026-09-22T00:59:23.128862,11,DEVICE070,0,Chattogram,0,837,332,2,-938.64,0,0,0,0
TXN102216,USER142,USER091,2200.32,2026-09-20T19:45:40.128862,6,DEVICE168,0,Sylhet,0,348,796,3,-84.15,0,0,0,0
TXN104558,USER221,USER129,2457.33,2026-09-21T09:28:08.128862,19,DEVICE041,0,Sylhet,0,825,62,1,-958.19,0,0,0,0
TXN101613,USER171,USER596,2813.01,2026-09-28T22:47:18.128862,9,DEVICE063,0,Sylhet,0,275,374,2,-512.88,1,0,0,0
TXN102883,USER111,USER433,3350.15,2026-10-02T18:17:15.128862,4,DEVICE185,0,Chattogram,0,655,171,3,185.35,1,0,0,0
TXN104295,USER272,USER511,1906.42,2026-09-04T07:38:57.128862,17,DEVICE098,0,Sylhet,0,1188,717,2,298.1,0,0,0,0
TXN200581,USER159,USER524,20328.01,2026-09-26T12:01:51.128862,22,DEVICE305,1,Sylhet,0,254,124,20,18906.7,1,1,1,1
TXN100962,USER113,USER275,2311.11,2026-09-09T03:35:26.128862,13,DEVICE130,0,Sylhet,0,786,670,3,159.53,0,0,1,0
TXN200597,USER241,USER218,45785.46,2026-09-30T16:37:19.128862,2,DEVICE_ROGUE_929,1,Coxs Bazar,1,158,11,10,43853.55,1,1,4,1
TXN102510,USER200,USER435,2734.57,2026-09-20T12:12:20.128862,22,DEVICE119,0,Chattogram,0,610,906,2,-322.7,0,0,0,0
TXN200829,USER058,USER535,18400.94,2026-09-27T09:30:37.128862,19,DEVICE364,1,Sylhet,0,165,39,17,15632.3,1,1,1,1
TXN104563,USER112,USER451,1051.52,2026-09-10T22:35:13.128862,8,DEVICE077,0,Sylhet,0,939,339,1,-459.63,0,0,0,0
TXN103997,USER281,USER438,2481.32,2026-09-30T01:10:03.128862,11,DEVICE192,0,Dhaka,0,1055,398,1,-256.23,0,0,0,0
TXN100359,USER262,USER287,3536.47,2026-09-28T02:21:21.128862,12,DEVICE016,0,Chattogram,0,1049,549,1,362.44,0,0,1,0
TXN101246,USER066,USER099,3250.9,2026-09-29T12:17:58.128862,22,DEVICE174,0,Dhaka,0,1143,886,1,355.7,0,0,0,0
TXN103408,USER231,USER114,779.22,2026-09-30T04:55:39.128862,15,DEVICE066,1,Chattogram,0,561,910,1,-237.08,0,0,0,0
TXN200283,USER007,USER277,45716.25,2026-09-12T13:34:25.128862,23,DEVICE_ROGUE_986,1,Sylhet,1,550,3,9,42507.37,1,1,2,1
TXN102415,USER197,USER300,2292.22,2026-09-06T05:24:39.128862,15,DEVICE046,0,Dhaka,0,383,481,1,6.34,0,0,0,0
TXN200779,USER047,USER486,24747.01,2026-09-17T05:38:35.128862,15,DEVICE052,0,Chattogram,0,13,7,10,23674.31,1,1,0,1
TXN200519,USER040,USER530,38377.46,2026-09-07T16:39:42.128862,2,DEVICE_ROGUE_966,1,Chattogram,1,995,7,9,36018.61,1,1,4,1
TXN102185,USER287,USER582,2392.59,2026-09-25T19:14:24.128862,5,DEVICE057,0,Dhaka,0,708,783,1,-691.89,0,0,0,0
TXN103995,USER180,USER027,2331.25,2026-09-14T08:19:20.128862,18,DEVICE050,0,Chattogram,0,754,70,1,270.28,1,0,0,0
TXN102567,USER275,USER429,1660.8,2026-10-01T01:17:25.128862,11,DEVICE091,0,Dhaka,0,844,578,1,498.21,1,0,0,0
TXN103423,USER245,USER383,1518.65,2026-09-13T23:38:34.128862,9,DEVICE139,0,Sylhet,0,694,114,1,167.15,1,0,0,0
TXN102037,USER172,USER243,2411.3,2026-09-29T02:11:59.128862,12,DEVICE122,0,Chattogram,0,978,261,1,69.48,0,0,0,0
TXN200296,USER120,USER452,34073.22,2026-09-14T17:56:08.128862,4,DEVICE_ROGUE_958,1,Coxs Bazar,1,394,9,7,32860.55,1,1,4,1
TXN100772,USER080,USER494,1663.08,2026-09-15T17:13:07.128862,3,DEVICE187,0,Sylhet,0,679,367,2,197.19,0,0,0,0
TXN101284,USER293,USER396,2911.31,2026-09-23T00:09:41.128862,10,DEVICE087,0,Chattogram,0,713,562,1,391.1,0,0,0,0
TXN200712,USER223,USER425,17674.83,2026-09-22T05:30:52.128862,15,DEVICE022,1,Sylhet,0,694,106,18,15410.9,1,1,2,1
TXN103562,USER235,USER155,1866.85,2026-09-13T11:50:45.128862,22,DEVICE062,0,Dhaka,0,603,652,1,431.8,0,0,0,0
TXN200879,USER110,USER186,12553.6,2026-09-23T07:37:59.128862,17,DEVICE279,1,Sylhet,0,232,15,15,9178.3,1,1,2,1
TXN102587,USER121,USER345,3690.73,2026-09-17T11:32:44.128862,21,DEVICE142,0,Dhaka,0,1004,93,1,831.95,0,0,0,0
TXN200681,USER028,USER105,35211.15,2026-09-17T17:47:19.128862,4,DEVICE042,0,Chattogram,0,974,209,3,34150.02,1,0,1,1
TXN101414,USER267,USER069,3176.77,2026-09-05T23:24:16.128862,9,DEVICE150,0,Chattogram,0,839,952,1,725.24,0,0,0,0
TXN101234,USER130,USER368,3176.85,2026-09-15T09:07:28.128862,19,DEVICE158,0,Chattogram,0,579,392,1,131.35,0,0,0,0
TXN200400,USER169,USER258,28642.47,2026-09-11T06:35:34.128862,16,DEVICE378,1,Chattogram,0,11,14,7,27264.03,1,1,0,1
TXN100435,USER126,USER532,1634.04,2026-09-27T03:47:48.128862,14,DEVICE098,0,Chattogram,0,862,110,1,-41.18,1,0,0,0
TXN101674,USER181,USER600,2680.28,2026-09-10T20:38:21.128862,6,DEVICE184,0,Chattogram,0,204,92,3,-88.22,1,0,0,0
TXN103299,USER151,USER218,3687.02,2026-10-03T10:58:07.128862,21,DEVICE189,0,Sylhet,0,385,568,1,200.12,1,0,0,0
TXN100365,USER265,USER547,3481.85,2026-09-29T07:16:32.128862,17,DEVICE100,0,Chattogram,0,552,108,1,430.74,0,0,0,0
TXN104508,USER056,USER004,2054.55,2026-09-18T11:31:39.128862,21,DEVICE103,0,Dhaka,0,680,358,1,-390.1,1,0,0,0
TXN100231,USER136,USER289,3508.1,2026-09-06T23:48:38.128862,10,DEVICE078,0,Chattogram,0,1058,217,4,1395.93,1,1,1,0
TXN200302,USER172,USER171,24710.1,2026-09-17T10:01:22.128862,20,DEVICE023,1,Chattogram,0,16,24,18,22368.28,1,1,0,1
TXN100147,USER252,USER590,3516.69,2026-09-14T08:09:30.128862,18,DEVICE040,0,Dhaka,0,839,176,5,686.66,0,1,0,0
TXN200466,USER073,USER440,22794.32,2026-10-03T02:00:28.128862,12,DEVICE374,1,Dhaka,0,830,182,9,19628.13,1,1,2,1
TXN103088,USER115,USER593,3209.17,2026-10-02T08:43:42.128862,18,DEVICE171,0,Chattogram,0,637,166,2,-54.93,0,0,0,0
TXN104035,USER156,USER594,1672.26,2026-09-15T23:09:13.128862,9,DEVICE132,0,Sylhet,0,632,844,1,265.58,0,0,0,0
TXN103554,USER144,USER125,3379.54,2026-10-03T10:46:16.128862,21,DEVICE120,0,Chattogram,0,769,493,1,223.97,0,0,0,0
TXN100407,USER293,USER410,1868.13,2026-09-10T05:31:17.128862,15,DEVICE087,0,Chattogram,0,713,237,1,-652.08,0,0,0,0
TXN200738,USER020,USER547,43987.46,2026-09-17T00:40:02.128862,10,DEVICE091,0,Chattogram,0,20,19,11,43169.91,1,1,0,1
TXN103456,USER076,USER258,2025.99,2026-09-16T02:16:06.128862,12,DEVICE028,0,Sylhet,0,195,859,1,157.78,1,0,0,0
TXN102090,USER083,USER380,2412.02,2026-09-25T00:32:30.128862,10,DEVICE156,0,Sylhet,0,338,313,1,33.64,0,0,0,0
TXN100086,USER057,USER196,1282.36,2026-09-13T17:11:22.128862,3,DEVICE085,0,Sylhet,0,910,573,1,20.29,0,0,0,0
TXN103576,USER235,USER448,1890.54,2026-09-05T23:43:35.128862,9,DEVICE062,0,Dhaka,0,603,879,2,455.49,0,0,1,0
TXN103271,USER299,USER047,1043.35,2026-09-10T10:58:20.128862,21,DEVICE120,0,Sylhet,0,367,951,1,40.19,0,0,0,0
TXN100844,USER205,USER514,2332.06,2026-09-27T07:39:05.128862,17,DEVICE117,0,Sylhet,0,679,170,1,220.83,0,0,0,0
TXN101031,USER040,USER520,2322.29,2026-09-20T01:49:28.128862,12,DEVICE041,0,Dhaka,0,995,909,1,-36.56,0,0,0,0
TXN103718,USER045,USER059,1179.55,2026-09-12T20:53:37.128862,7,DEVICE121,0,Dhaka,0,276,378,1,164.11,0,0,0,0
TXN104329,USER241,USER052,1621.84,2026-10-01T12:34:24.128862,22,DEVICE061,0,Chattogram,0,158,61,4,-310.07,0,1,0,0
TXN103855,USER093,USER520,1785.45,2026-10-02T11:20:17.128862,21,DEVICE001,0,Sylhet,0,1035,108,1,-1153.16,0,0,0,0
TXN102987,USER260,USER008,3999.34,2026-09-22T07:15:20.128862,17,DEVICE120,0,Dhaka,0,783,878,1,679.54,0,0,0,0
TXN104350,USER295,USER172,2664.91,2026-10-03T07:16:31.128862,17,DEVICE174,0,Dhaka,0,327,853,1,-136.41,1,0,0,0
TXN102628,USER253,USER217,682.66,2026-09-25T06:40:08.128862,16,DEVICE181,0,Dhaka,0,1177,309,2,-313.21,1,0,0,0
TXN103753,USER017,USER508,1051.14,2026-09-25T23:39:40.128862,9,DEVICE128,1,Chattogram,0,344,160,1,-344.05,0,0,0,0
TXN200504,USER101,USER354,36705.24,2026-09-18T16:17:31.128862,2,DEVICE051,0,Chattogram,0,1078,257,2,35874.24,1,0,0,1
TXN100855,USER280,USER352,2709.67,2026-09-19T00:33:25.128862,10,DEVICE138,0,Dhaka,0,568,190,4,276.63,1,1,0,0
TXN103003,USER297,USER528,1230.52,2026-09-22T23:18:34.128862,9,DEVICE186,0,Sylhet,0,570,942,3,-724.23,0,0,0,0
TXN100078,USER147,USER550,1715.2,2026-09-06T15:12:21.128862,1,DEVICE173,0,Sylhet,0,294,842,1,-540.9,0,0,0,0
TXN102992,USER183,USER544,4442.78,2026-10-03T04:48:04.128862,15,DEVICE099,0,Chattogram,0,824,735,3,985.53,0,0,0,0
TXN102247,USER141,USER460,2019.55,2026-09-22T23:46:02.128862,10,DEVICE156,0,Chattogram,0,165,514,1,-63.71,0,0,0,0
TXN104056,USER099,USER455,4509.25,2026-09-15T23:44:33.128862,9,DEVICE189,0,Dhaka,0,649,237,1,1087.34,0,0,0,0
TXN200675,USER269,USER550,47788.47,2026-09-04T16:40:39.128862,2,DEVICE006,0,Sylhet,0,898,284,5,45222.73,1,0,1,1
TXN200715,USER072,USER184,47608.73,2026-09-22T03:00:49.128862,13,DEVICE384,1,Sylhet,0,10,6,14,44262.87,1,1,0,1
TXN100758,USER050,USER172,2336.23,2026-09-05T07:11:45.128862,17,DEVICE079,0,Sylhet,0,747,635,1,551.18,0,0,0,0
TXN104696,USER053,USER466,1093.38,2026-09-04T08:06:39.128862,18,DEVICE007,0,Sylhet,0,765,860,4,-427.46,0,1,0,0
TXN103355,USER036,USER431,2930.47,2026-09-21T19:41:46.128862,5,DEVICE172,0,Dhaka,0,172,721,3,639.96,0,0,0,0
TXN100788,USER176,USER323,929.72,2026-09-15T09:27:38.128862,19,DEVICE117,0,Barishal,1,430,954,2,-384.39,0,0,0,0
TXN102279,USER208,USER017,863.54,2026-09-14T22:36:17.128862,8,DEVICE171,0,Dhaka,0,994,132,1,-94.78,0,0,0,0
TXN103674,USER081,USER065,2768.25,2026-09-12T08:46:40.128862,19,DEVICE081,0,Chattogram,0,987,606,1,452.56,1,0,0,0
TXN104247,USER186,USER163,1664.42,2026-09-09T03:32:36.128862,13,DEVICE063,0,Chattogram,0,388,260,1,-51.7,0,0,0,0
TXN200177,USER030,USER596,9513.21,2026-09-22T18:07:38.128862,4,DEVICE183,1,Sylhet,0,602,178,20,7083.15,1,1,1,1
TXN104773,USER030,USER470,1838.02,2026-09-28T04:37:58.128862,14,DEVICE253,1,Sylhet,0,602,936,3,-592.04,1,0,1,0
TXN104486,USER058,USER083,2571.24,2026-09-19T02:11:29.128862,12,DEVICE072,0,Sylhet,0,165,262,2,-197.4,0,0,0,0
TXN200160,USER052,USER033,34500.41,2026-09-04T03:18:00.128862,13,DEVICE058,0,Chattogram,0,28,22,11,33134.74,1,1,0,1
TXN102176,USER008,USER587,1467.09,2026-09-17T23:56:25.128862,10,DEVICE111,0,Dhaka,0,395,905,2,432.36,0,0,0,0
TXN100424,USER132,USER397,647.21,2026-09-30T09:46:48.128862,20,DEVICE078,0,Dhaka,0,568,409,1,-309.19,0,0,0,0
TXN100392,USER287,USER302,3394.18,2026-09-19T03:57:49.128862,14,DEVICE057,0,Dhaka,0,708,809,1,309.7,0,0,0,0
TXN201090,USER018,USER313,40847.38,2026-09-10T16:29:05.128862,2,DEVICE_ROGUE_984,1,Coxs Bazar,1,1049,3,5,38456.36,1,1,2,1
TXN200865,USER108,USER049,47826.64,2026-09-19T23:47:42.128862,10,DEVICE389,1,Sylhet,0,22,27,18,45852.77,1,1,0,1
TXN102239,USER292,USER497,3804.51,2026-09-17T13:24:04.128862,23,DEVICE100,0,Chattogram,0,166,632,1,922.49,0,0,0,0
TXN100104,USER242,USER551,2494.15,2026-09-30T07:59:01.128862,18,DEVICE070,0,Chattogram,0,837,954,1,118.23,0,0,0,0
TXN102672,USER064,USER308,3104.13,2026-10-01T10:53:34.128862,21,DEVICE131,0,Dhaka,0,327,939,1,455.67,0,0,0,0
TXN200685,USER031,USER147,43667.98,2026-09-25T13:06:05.128862,23,DEVICE_ROGUE_966,1,Chattogram,1,142,1,9,40688.73,1,1,3,1
TXN200223,USER261,USER363,48646.2,2026-10-01T17:27:33.128862,3,DEVICE107,0,Sylhet,0,325,253,5,45467.87,1,0,1,1
TXN102068,USER071,USER228,1049.0,2026-09-23T04:45:02.128862,14,DEVICE067,0,Rangpur,1,474,204,1,-320.65,1,0,0,0
TXN103975,USER229,USER389,1153.05,2026-09-14T03:31:13.128862,13,DEVICE071,0,Sylhet,0,1107,155,1,-72.02,0,0,0,0
TXN103493,USER044,USER468,1563.54,2026-09-11T09:02:20.128862,19,DEVICE010,0,Dhaka,0,1097,91,1,-17.81,0,0,0,0
TXN101948,USER110,USER496,2109.17,2026-09-27T01:50:45.128862,12,DEVICE032,0,Sylhet,0,232,706,1,-1266.13,0,0,0,0
TXN101459,USER238,USER586,1206.68,2026-09-13T23:38:50.128862,9,DEVICE020,0,Chattogram,0,170,972,1,-258.1,0,0,1,0
TXN101768,USER232,USER247,1186.16,2026-09-16T20:49:37.128862,7,DEVICE134,0,Chattogram,0,811,873,2,-115.57,0,0,1,0
TXN103298,USER269,USER352,2653.35,2026-09-19T05:57:35.128862,16,DEVICE006,0,Sylhet,0,898,550,2,87.61,0,0,0,0
TXN200682,USER172,USER379,21071.24,2026-09-14T01:54:57.128862,12,DEVICE069,1,Chattogram,0,13,17,11,18729.42,1,1,0,1
TXN103831,USER047,USER180,1020.5,2026-09-26T10:59:21.128862,21,DEVICE052,0,Chattogram,0,802,947,3,-52.2,0,0,0,0
TXN200941,USER164,USER550,40528.36,2026-09-08T11:59:32.128862,22,DEVICE077,1,Chattogram,0,12,10,13,37283.73,1,1,0,1
TXN101587,USER073,USER475,1901.4,2026-09-19T07:27:45.128862,17,DEVICE149,0,Dhaka,0,830,74,1,-1264.79,0,0,0,0
TXN104639,USER240,USER388,2874.91,2026-09-16T10:55:20.128862,21,DEVICE074,0,Chattogram,1,992,652,2,402.58,0,0,0,0
TXN101731,USER086,USER502,1174.44,2026-09-09T22:41:06.128862,8,DEVICE099,0,Dhaka,0,414,233,4,-217.73,0,1,0,0
TXN200912,USER083,USER509,19992.64,2026-09-04T13:56:54.128862,0,DEVICE024,1,Sylhet,0,338,178,18,17614.26,1,1,2,1
TXN104672,USER130,USER211,2145.88,2026-09-13T12:34:43.128862,22,DEVICE158,0,Chattogram,0,579,606,3,-899.62,0,0,0,0
TXN100182,USER069,USER147,2003.29,2026-09-21T19:45:52.128862,6,DEVICE008,0,Sylhet,0,936,799,2,351.57,0,0,0,0
TXN101791,USER034,USER050,3556.72,2026-09-15T15:03:56.128862,1,DEVICE086,0,Dhaka,0,132,851,1,129.31,0,0,0,0
TXN102355,USER059,USER333,1030.93,2026-09-16T06:38:12.128862,16,DEVICE018,0,Sylhet,0,1021,821,3,-210.26,1,0,0,0
TXN101940,USER058,USER289,2231.61,2026-09-20T07:44:09.128862,17,DEVICE072,0,Sylhet,0,165,946,1,-537.03,1,0,0,0
TXN100702,USER203,USER114,2745.3,2026-09-22T09:17:44.128862,19,DEVICE064,0,Sylhet,0,109,816,1,-346.18,0,0,0,0
TXN102442,USER083,USER144,2921.02,2026-09-20T22:54:24.128862,9,DEVICE156,0,Sylhet,0,338,73,1,542.64,0,0,0,0
TXN200430,USER175,USER089,46499.43,2026-09-05T15:59:22.128862,2,DEVICE019,0,Sylhet,0,998,281,5,43519.19,1,0,0,1
TXN100496,USER300,USER401,3615.44,2026-09-25T03:32:28.128862,13,DEVICE033,0,Chattogram,0,885,259,1,431.05,0,0,0,0
TXN104663,USER219,USER394,1202.21,2026-09-20T00:15:46.128862,10,DEVICE141,0,Dhaka,0,575,955,3,-15.74,0,0,0,0
TXN100464,USER164,USER278,3697.53,2026-09-25T22:36:31.128862,8,DEVICE173,0,Chattogram,0,1089,378,1,452.9,0,0,0,0
TXN103800,USER063,USER324,2730.26,2026-09-18T05:34:59.128862,15,DEVICE014,1,Chattogram,0,752,653,1,426.5,0,0,0,0
TXN200383,USER251,USER481,10058.8,2026-09-06T23:10:28.128862,9,DEVICE216,1,Chattogram,0,1194,98,9,8405.12,1,1,1,1
TXN100172,USER128,USER150,2869.97,2026-09-30T07:01:01.128862,17,DEVICE192,0,Sylhet,0,749,205,1,-438.6,0,0,0,0
TXN102020,USER139,USER465,2357.68,2026-09-27T21:22:27.128862,7,DEVICE111,0,Chattogram,0,401,82,2,-510.07,0,0,0,0
TXN200950,USER196,USER495,24223.09,2026-09-06T01:31:59.128862,11,DEVICE298,1,Dhaka,0,1109,142,15,21097.45,1,1,2,1
TXN200538,USER289,USER519,35408.25,2026-09-08T12:08:22.128862,22,DEVICE112,0,Chattogram,0,11,22,17,33464.6,1,1,0,1
TXN102540,USER228,USER534,3870.92,2026-09-03T21:36:32.128862,7,DEVICE164,0,Dhaka,0,190,105,1,768.58,1,0,0,0
TXN201147,USER122,USER036,40622.09,2026-09-27T17:02:29.128862,3,DEVICE_ROGUE_934,1,Chattogram,1,1193,1,8,38365.77,1,1,3,1
TXN102009,USER063,USER250,2960.32,2026-09-05T07:21:16.128862,17,DEVICE165,0,Chattogram,0,752,607,1,656.56,0,0,0,0
TXN102260,USER286,USER495,3270.57,2026-09-05T13:23:23.128862,23,DEVICE348,1,Dhaka,0,1040,673,1,26.16,0,0,0,0
TXN103084,USER189,USER492,865.48,2026-10-01T23:12:24.128862,9,DEVICE177,0,Sylhet,0,933,939,4,-448.08,0,1,0,0
TXN102112,USER080,USER503,1678.21,2026-09-29T04:23:03.128862,14,DEVICE187,0,Sylhet,0,679,387,1,212.32,0,0,0,0
TXN100900,USER035,USER287,2041.71,2026-09-15T04:50:17.128862,15,DEVICE106,0,Sylhet,0,641,324,2,219.67,0,0,0,0
TXN101446,USER146,USER142,1630.0,2026-09-22T20:39:29.128862,6,DEVICE114,0,Dhaka,0,991,587,2,258.14,1,0,0,0
TXN101911,USER084,USER168,3396.46,2026-09-08T06:03:16.128862,16,DEVICE131,0,Rangpur,1,149,998,1,172.34,0,0,0,0
TXN103542,USER118,USER468,1451.25,2026-09-28T22:53:58.128862,9,DEVICE104,0,Sylhet,0,701,682,2,-1073.91,0,0,0,0
TXN102697,USER029,USER364,2627.62,2026-10-01T19:50:47.128862,6,DEVICE046,0,Mymensingh,1,750,374,1,-460.61,0,0,0,0
TXN200832,USER048,USER581,47264.59,2026-09-11T15:38:30.128862,1,DEVICE_ROGUE_900,1,Unknown,1,926,4,7,45714.06,1,1,2,1
TXN103662,USER195,USER013,1707.33,2026-09-30T18:24:08.128862,4,DEVICE109,0,Sylhet,0,583,774,3,-289.12,1,0,0,0
TXN100741,USER105,USER401,1858.69,2026-09-15T19:57:43.128862,6,DEVICE171,0,Dhaka,0,386,522,1,338.26,0,0,0,0
TXN102293,USER153,USER507,1655.82,2026-09-23T06:22:46.128862,16,DEVICE169,0,Chattogram,0,406,878,1,-327.05,0,0,0,0
TXN102452,USER228,USER257,2797.24,2026-10-02T11:01:05.128862,21,DEVICE164,0,Dhaka,0,190,74,1,-305.1,0,0,0,0
TXN103705,USER056,USER169,2492.31,2026-09-08T00:31:25.128862,10,DEVICE103,0,Khulna,1,680,839,1,47.66,1,0,0,0
TXN200097,USER080,USER500,21155.73,2026-10-03T08:59:41.128862,19,DEVICE131,1,Sylhet,0,679,53,12,19689.84,1,1,2,1
TXN101206,USER213,USER550,1613.83,2026-10-01T02:24:04.128862,12,DEVICE194,0,Chattogram,0,1025,540,2,-414.69,0,0,0,0
TXN100509,USER225,USER195,1025.75,2026-09-09T21:46:59.128862,8,DEVICE067,0,Sylhet,0,900,458,1,71.4,1,0,0,0
TXN200488,USER291,USER043,25745.01,2026-10-03T00:44:37.128862,10,DEVICE393,1,Sylhet,0,29,23,17,24935.44,1,1,0,1
TXN103703,USER212,USER249,3213.12,2026-10-03T08:04:51.128862,18,DEVICE082,0,Dhaka,0,602,878,1,296.13,0,0,0,0
TXN103968,USER121,USER336,3573.21,2026-09-16T23:14:36.128862,9,DEVICE142,0,Dhaka,0,1004,569,1,714.43,0,0,0,0
TXN200631,USER014,USER597,35204.15,2026-09-25T16:56:08.128862,3,DEVICE_ROGUE_974,1,Coxs Bazar,1,719,2,12,33867.29,1,1,4,1
TXN101549,USER176,USER028,944.17,2026-09-28T05:11:25.128862,15,DEVICE117,0,Chattogram,0,430,280,1,-369.94,0,0,0,0
TXN103029,USER014,USER082,1288.46,2026-09-09T12:11:49.128862,22,DEVICE092,0,Dhaka,0,719,324,1,-48.4,0,0,0,0
TXN104522,USER134,USER342,3991.64,2026-09-28T21:32:37.128862,7,DEVICE141,0,Chattogram,0,179,306,1,634.88,0,0,0,0
TXN102202,USER298,USER596,886.61,2026-09-29T22:18:06.128862,8,DEVICE043,0,Chattogram,0,1190,640,4,60.5,0,1,0,0
TXN102566,USER156,USER260,1232.16,2026-09-11T11:01:34.128862,21,DEVICE132,0,Sylhet,0,632,731,1,-174.52,0,0,0,0
TXN103789,USER187,USER193,4737.0,2026-09-04T01:44:20.128862,11,DEVICE038,0,Dhaka,0,590,217,1,1610.48,0,0,1,0
TXN102044,USER008,USER148,1307.59,2026-09-10T01:43:50.128862,11,DEVICE111,0,Dhaka,0,395,810,2,272.86,0,0,0,0
TXN100767,USER170,USER351,867.3,2026-09-20T22:49:11.128862,9,DEVICE012,0,Sylhet,0,555,880,1,-289.94,0,0,0,0
TXN201080,USER240,USER137,45461.29,2026-09-19T18:02:34.128862,4,DEVICE_ROGUE_997,1,Coxs Bazar,1,992,12,10,42988.96,1,1,4,1
TXN103699,USER039,USER542,3426.41,2026-09-11T23:16:09.128862,9,DEVICE069,0,Dhaka,0,1152,979,1,299.8,0,0,0,0
TXN101508,USER293,USER022,1574.99,2026-09-10T05:57:05.128862,16,DEVICE087,0,Chattogram,0,713,810,1,-945.22,1,0,0,0
TXN103134,USER265,USER442,3821.81,2026-09-26T07:02:19.128862,17,DEVICE100,0,Chattogram,0,552,150,1,770.7,1,0,0,0
TXN201033,USER233,USER198,29693.33,2026-09-30T04:34:39.128862,14,DEVICE270,1,Chattogram,0,14,27,15,27286.74,1,1,0,1
TXN100421,USER198,USER237,965.99,2026-09-20T12:30:19.128862,22,DEVICE179,0,Dhaka,0,565,671,1,29.4,0,0,0,0
TXN100123,USER239,USER547,3469.76,2026-09-13T06:01:36.128862,16,DEVICE183,0,Dhaka,0,722,160,1,1064.56,0,0,0,0
TXN200624,USER289,USER423,24910.63,2026-10-03T11:50:50.128862,22,DEVICE112,0,Chattogram,0,5,29,6,22966.98,1,1,0,1
TXN103715,USER163,USER005,1674.13,2026-09-30T08:39:27.128862,18,DEVICE061,0,Dhaka,0,738,409,1,255.99,0,0,0,0
TXN103292,USER294,USER391,1866.39,2026-09-11T03:09:41.128862,13,DEVICE172,0,Rangpur,1,1098,181,3,359.11,1,0,0,0
TXN100819,USER266,USER301,2721.54,2026-09-18T05:53:49.128862,16,DEVICE198,0,Sylhet,0,903,992,1,21.98,0,0,0,0
TXN101403,USER197,USER209,1261.17,2026-09-04T03:55:18.128862,14,DEVICE046,0,Dhaka,0,383,336,1,-1024.71,0,0,0,0
TXN101382,USER119,USER208,1794.19,2026-09-07T22:32:57.128862,8,DEVICE179,0,Chattogram,0,1092,582,1,-650.03,0,0,0,0
TXN102148,USER284,USER574,1767.14,2026-09-28T23:58:52.128862,10,DEVICE155,0,Sylhet,0,543,257,1,254.38,0,0,0,0
TXN200244,USER161,USER369,17147.62,2026-09-25T19:11:50.128862,5,DEVICE249,1,Chattogram,0,1182,128,19,16155.94,1,1,1,1
TXN101575,USER014,USER050,1013.81,2026-09-16T11:18:16.128862,21,DEVICE092,0,Dhaka,0,719,360,2,-323.05,0,0,0,0
TXN101638,USER105,USER328,2002.27,2026-09-13T05:02:39.128862,15,DEVICE171,0,Dhaka,0,386,534,1,481.84,0,0,0,0
TXN101795,USER037,USER035,3505.84,2026-09-18T20:21:49.128862,6,DEVICE010,1,Sylhet,0,448,498,1,466.45,0,0,0,0
TXN103331,USER286,USER335,3786.51,2026-09-12T13:53:25.128862,0,DEVICE125,0,Dhaka,0,1040,203,1,542.1,0,0,0,0
TXN200970,USER244,USER185,45369.44,2026-09-29T16:55:44.128862,3,DEVICE082,0,Sylhet,0,274,111,2,42045.73,1,0,1,1
TXN200536,USER265,USER505,21362.45,2026-09-09T09:49:32.128862,20,DEVICE398,1,Chattogram,0,552,184,20,18311.34,1,1,2,1
TXN100399,USER030,USER273,3135.28,2026-09-27T03:50:06.128862,14,DEVICE106,0,Sylhet,0,602,591,2,705.22,1,0,0,0
TXN103151,USER157,USER473,2232.96,2026-09-29T05:03:57.128862,15,DEVICE170,0,Chattogram,0,783,299,1,520.13,0,0,0,0
TXN102310,USER066,USER210,3444.52,2026-09-24T03:19:54.128862,13,DEVICE174,0,Dhaka,0,1143,619,1,549.32,0,0,0,0
TXN100882,USER186,USER572,2152.72,2026-09-08T03:43:20.128862,13,DEVICE063,0,Chattogram,0,388,929,1,436.6,0,0,0,0
TXN103565,USER002,USER300,1189.9,2026-09-23T19:22:25.128862,5,DEVICE140,0,Cumilla,1,568,918,1,322.37,0,0,0,0
TXN201164,USER043,USER379,48460.63,2026-09-19T18:11:07.128862,4,DEVICE098,0,Sylhet,0,982,301,3,47045.3,1,0,0,1
TXN101179,USER165,USER438,2350.22,2026-09-14T08:20:48.128862,18,DEVICE080,0,Dhaka,0,1198,692,1,-770.8,0,0,0,0
TXN101352,USER144,USER428,3440.69,2026-09-13T06:34:15.128862,16,DEVICE120,0,Chattogram,0,769,329,1,285.12,0,0,0,0
TXN103882,USER260,USER474,3706.01,2026-09-16T22:00:32.128862,8,DEVICE120,0,Dhaka,0,783,330,1,386.21,0,0,0,0
TXN200655,USER090,USER559,48390.22,2026-09-18T17:19:40.128862,3,DEVICE_ROGUE_902,1,Coxs Bazar,1,280,7,7,47463.01,1,1,3,1
TXN102130,USER238,USER380,1775.73,2026-09-19T06:12:51.128862,16,DEVICE020,0,Chattogram,0,170,493,2,310.95,1,0,0,0
TXN100982,USER125,USER595,597.82,2026-09-08T04:24:47.128862,14,DEVICE171,0,Dhaka,0,770,114,1,-203.72,0,0,0,0
TXN100456,USER182,USER068,2990.5,2026-09-12T12:38:14.128862,22,DEVICE179,0,Sylhet,0,690,607,1,372.42,0,0,0,0
TXN101486,USER070,USER415,1514.41,2026-09-17T12:43:50.128862,22,DEVICE030,0,Chattogram,0,201,936,3,-8.49,0,0,0,0
TXN101079,USER237,USER495,4603.32,2026-10-01T04:32:59.128862,14,DEVICE113,0,Chattogram,0,288,776,1,1399.54,1,0,0,0
TXN101950,USER080,USER518,1366.06,2026-09-10T08:42:27.128862,18,DEVICE187,0,Sylhet,0,679,749,1,-99.83,0,0,0,0
TXN200358,USER244,USER081,9849.23,2026-09-21T18:59:14.128862,5,DEVICE222,1,Sylhet,0,274,194,12,6525.52,1,1,1,1
TXN100689,USER259,USER395,1518.48,2026-09-12T10:48:33.128862,21,DEVICE139,0,Sylhet,0,694,555,1,2.44,1,0,0,0
TXN102429,USER110,USER447,4617.06,2026-09-20T03:08:44.128862,13,DEVICE032,0,Sylhet,0,232,252,3,1241.76,0,0,0,0
TXN100641,USER214,USER305,2271.25,2026-09-27T00:15:01.128862,10,DEVICE114,0,Dhaka,0,708,331,3,329.13,0,0,0,0
TXN102392,USER218,USER256,1321.1,2026-09-26T23:18:22.128862,9,DEVICE110,0,Chattogram,0,308,344,1,-1418.6,1,0,0,0
TXN102825,USER099,USER248,3673.76,2026-09-07T18:58:52.128862,5,DEVICE189,0,Dhaka,0,649,346,1,251.85,0,0,0,0
TXN101953,USER276,USER536,1050.37,2026-09-23T21:37:30.128862,7,DEVICE077,0,Sylhet,0,626,190,2,-61.29,0,0,0,0
TXN103538,USER142,USER042,2027.38,2026-10-03T00:09:34.128862,10,DEVICE168,0,Sylhet,0,348,227,1,-257.09,0,0,0,0
TXN103889,USER139,USER313,1277.86,2026-09-04T14:32:59.128862,0,DEVICE111,0,Chattogram,0,401,438,1,-1589.89,0,0,0,0
TXN103058,USER273,USER009,2888.2,2026-09-05T09:41:22.128862,19,DEVICE123,0,Sylhet,0,343,331,1,297.05,1,0,0,0
TXN103915,USER186,USER078,1335.72,2026-09-10T09:16:09.128862,19,DEVICE063,0,Chattogram,0,388,283,1,-380.4,1,0,0,0
TXN200000,USER048,USER445,19944.43,2026-09-12T03:18:09.128862,13,DEVICE118,0,Sylhet,0,27,7,16,18393.9,1,1,0,1
TXN102710,USER206,USER091,1793.94,2026-09-05T23:07:09.128862,9,DEVICE035,0,Chattogram,0,413,929,2,416.82,1,0,0,0
TXN101083,USER191,USER532,2769.33,2026-09-19T05:14:26.128862,15,DEVICE193,0,Chattogram,0,438,797,1,830.25,0,0,0,0
TXN104448,USER027,USER051,547.22,2026-09-22T22:42:14.128862,8,DEVICE061,0,Dhaka,0,171,418,2,-503.19,0,0,0,0
TXN200914,USER043,USER049,16632.9,2026-09-27T08:08:08.128862,18,DEVICE052,1,Sylhet,0,982,99,20,15217.57,1,1,1,1
TXN104118,USER221,USER035,3555.08,2026-09-24T08:37:31.128862,18,DEVICE041,0,Sylhet,0,825,278,2,139.56,0,0,0,0
TXN101884,USER290,USER367,1013.08,2026-09-25T22:09:27.128862,8,DEVICE125,0,Barishal,1,376,667,1,-533.96,0,0,1,0
TXN104510,USER263,USER385,2532.55,2026-09-30T23:52:13.128862,10,DEVICE053,0,Chattogram,0,244,164,1,734.83,0,0,0,0
TXN100389,USER022,USER596,3387.83,2026-09-19T08:29:51.128862,18,DEVICE144,0,Chattogram,0,1114,314,3,702.85,1,0,0,0
TXN102494,USER027,USER470,1266.92,2026-09-10T18:26:52.128862,4,DEVICE061,0,Dhaka,0,171,523,2,216.51,0,0,0,0
TXN101851,USER100,USER123,2138.41,2026-09-23T02:04:27.128862,12,DEVICE172,0,Chattogram,0,940,186,2,-985.7,0,0,0,0
TXN103036,USER253,USER077,1141.65,2026-09-17T05:47:34.128862,16,DEVICE181,0,Dhaka,0,1177,615,1,145.78,0,0,0,0
TXN200995,USER051,USER049,40453.67,2026-09-08T15:54:08.128862,2,DEVICE059,0,Dhaka,0,304,310,5,38654.18,1,0,1,1
TXN103603,USER188,USER078,1283.83,2026-09-24T05:03:10.128862,15,DEVICE168,0,Dhaka,0,1177,235,1,-187.54,0,0,0,0
TXN100845,USER177,USER513,1433.74,2026-09-24T16:00:16.128862,2,DEVICE107,0,Chattogram,0,703,671,1,372.03,0,0,0,0
TXN100542,USER216,USER455,4117.49,2026-09-04T07:03:25.128862,17,DEVICE185,0,Sylhet,0,877,297,2,629.85,0,0,0,0
TXN103724,USER027,USER085,1109.82,2026-09-29T06:06:02.128862,16,DEVICE061,0,Dhaka,0,171,551,1,59.41,0,0,0,0
TXN100091,USER149,USER044,1629.34,2026-09-25T23:50:35.128862,10,DEVICE131,0,Dhaka,0,1025,825,1,286.23,0,0,0,0
TXN103679,USER064,USER103,3048.44,2026-10-01T13:03:05.128862,23,DEVICE131,0,Dhaka,0,327,571,1,399.98,0,0,0,0
TXN200841,USER051,USER019,18290.26,2026-09-26T14:16:31.128862,0,DEVICE277,1,Dhaka,0,304,107,13,16490.77,1,1,1,1
TXN103904,USER081,USER046,2034.66,2026-09-17T07:24:14.128862,17,DEVICE081,0,Chattogram,0,987,387,2,-281.03,0,0,0,0
TXN101979,USER086,USER058,2037.23,2026-09-10T14:10:21.128862,0,DEVICE099,0,Dhaka,0,414,949,1,645.06,1,0,0,0
TXN103244,USER205,USER562,1614.13,2026-09-24T05:35:56.128862,15,DEVICE117,0,Sylhet,0,679,187,1,-497.1,0,0,0,0
TXN103978,USER122,USER110,2041.27,2026-09-16T07:57:08.128862,18,DEVICE033,0,Dhaka,0,1193,463,2,-215.05,0,0,0,0
TXN103150,USER058,USER425,3052.69,2026-09-27T12:42:09.128862,22,DEVICE072,0,Sylhet,0,165,723,2,284.05,0,0,0,0
TXN200100,USER229,USER475,17998.05,2026-09-26T03:53:42.128862,14,DEVICE266,1,Sylhet,0,1107,199,12,16772.98,1,1,2,1
TXN104104,USER048,USER069,1098.64,2026-09-27T00:01:20.128862,10,DEVICE118,0,Sylhet,0,926,572,1,-451.89,0,0,0,0
TXN104622,USER284,USER305,2146.57,2026-09-24T01:14:14.128862,11,DEVICE155,0,Sylhet,0,543,67,2,633.81,0,0,0,0
TXN102964,USER044,USER076,1070.13,2026-09-24T19:58:38.128862,6,DEVICE010,0,Dhaka,0,1097,283,1,-511.22,0,0,0,0
TXN103463,USER273,USER213,2569.01,2026-09-19T05:39:40.128862,15,DEVICE123,0,Sylhet,0,343,786,1,-22.14,0,0,0,0
TXN102529,USER020,USER099,911.87,2026-09-15T19:31:06.128862,5,DEVICE091,0,Chattogram,0,914,91,1,94.32,0,0,0,0
TXN104108,USER253,USER413,1270.84,2026-09-06T10:14:14.128862,20,DEVICE181,0,Dhaka,0,1177,957,1,274.97,1,0,0,0
TXN101676,USER240,USER128,3368.46,2026-09-05T09:47:00.128862,20,DEVICE074,0,Dhaka,0,992,616,1,896.13,0,0,0,0
TXN101048,USER092,USER147,2084.95,2026-09-26T19:41:59.128862,5,DEVICE112,0,Dhaka,0,322,648,2,-409.15,0,0,0,0
TXN102949,USER065,USER074,3032.75,2026-09-20T08:20:21.128862,18,DEVICE103,0,Rajshahi,1,917,828,1,-42.95,1,0,0,0
TXN101960,USER203,USER497,2861.89,2026-09-03T17:21:03.128862,3,DEVICE064,0,Sylhet,0,109,756,1,-229.59,0,0,0,0
TXN102530,USER179,USER574,1904.34,2026-09-10T05:27:29.128862,15,DEVICE148,0,Sylhet,0,184,672,1,-39.32,0,0,0,0
TXN104412,USER055,USER059,1830.94,2026-09-23T22:57:53.128862,9,DEVICE193,1,Chattogram,0,1104,726,1,-718.76,0,0,0,0
TXN200103,USER016,USER472,36904.65,2026-09-23T18:08:34.128862,4,DEVICE_ROGUE_982,1,Chattogram,1,989,14,9,34633.31,1,1,4,1
TXN103939,USER092,USER380,1572.53,2026-09-23T06:12:04.128862,16,DEVICE112,0,Dhaka,0,322,764,1,-921.57,1,0,0,0
TXN100237,USER018,USER515,1003.79,2026-09-20T05:36:49.128862,15,DEVICE171,0,Chattogram,0,1049,183,2,-1387.23,0,0,0,0
TXN104149,USER188,USER321,1374.82,2026-09-18T00:39:44.128862,10,DEVICE168,0,Barishal,1,1177,995,6,-96.55,0,1,0,0
TXN200057,USER171,USER517,42959.65,2026-09-22T18:01:22.128862,4,DEVICE063,0,Sylhet,0,275,51,4,39633.76,1,0,0,1
TXN101133,USER041,USER346,1924.16,2026-09-27T10:04:40.128862,20,DEVICE180,0,Dhaka,0,659,824,1,-778.18,0,0,0,0
TXN102880,USER211,USER138,1789.36,2026-09-06T09:27:55.128862,19,DEVICE153,0,Chattogram,0,958,973,1,273.31,0,0,0,0
TXN101805,USER024,USER237,878.24,2026-09-11T11:11:55.128862,21,DEVICE159,0,Chattogram,0,1101,68,1,-341.55,0,0,0,0
TXN200158,USER076,USER186,18259.25,2026-09-29T00:31:03.128862,10,DEVICE028,0,Sylhet,0,9,25,7,16391.04,1,1,0,1
TXN100163,USER072,USER192,4553.99,2026-09-18T00:24:16.128862,10,DEVICE046,0,Sylhet,0,1151,556,2,1208.13,1,0,0,0
TXN104527,USER056,USER054,1837.17,2026-09-11T00:10:44.128862,10,DEVICE103,0,Dhaka,0,680,558,2,-607.48,0,0,0,0
TXN200904,USER114,USER259,29244.5,2026-09-17T02:15:53.128862,12,DEVICE298,1,Chattogram,0,12,19,6,27962.14,1,1,0,1
TXN200847,USER238,USER429,47067.41,2026-09-07T15:01:37.128862,1,DEVICE_ROGUE_969,1,Chattogram,1,170,8,9,45602.63,1,1,3,1
TXN104428,USER017,USER181,2105.46,2026-09-21T18:27:09.128862,4,DEVICE064,0,Chattogram,0,344,912,1,710.27,0,0,1,0
TXN104498,USER082,USER039,1069.39,2026-09-10T12:33:39.128862,22,DEVICE112,0,Sylhet,0,1082,374,4,-440.01,0,1,0,0
TXN104326,USER262,USER217,3231.36,2026-09-13T05:51:49.128862,16,DEVICE016,0,Chattogram,0,1049,702,1,57.33,0,0,0,0
TXN100265,USER197,USER516,1284.03,2026-09-09T04:50:05.128862,15,DEVICE149,1,Dhaka,0,383,592,1,-1001.85,0,0,0,0
TXN102001,USER135,USER337,872.14,2026-09-29T08:03:03.128862,18,DEVICE001,0,Dhaka,0,741,838,1,-159.12,0,0,0,0
TXN101811,USER049,USER391,1804.82,2026-09-05T05:30:16.128862,15,DEVICE090,0,Dhaka,0,772,999,1,-711.53,0,0,0,0
TXN103277,USER111,USER211,3475.56,2026-09-03T23:43:32.128862,9,DEVICE185,0,Chattogram,0,655,660,1,310.76,0,0,0,0
TXN200809,USER228,USER128,18414.73,2026-09-19T23:01:50.128862,9,DEVICE281,1,Dhaka,0,190,131,10,15312.39,1,1,2,1
TXN102978,USER224,USER401,3129.93,2026-09-17T23:45:14.128862,10,DEVICE116,0,Dhaka,0,134,867,1,310.4,0,0,0,0
TXN104260,USER213,USER002,2524.12,2026-09-23T07:30:07.128862,17,DEVICE194,0,Chattogram,0,1025,99,1,495.6,0,0,0,0
TXN102906,USER053,USER529,1306.25,2026-09-09T09:35:08.128862,19,DEVICE007,0,Sylhet,0,765,404,1,-214.59,1,0,0,0
TXN104290,USER234,USER454,3347.97,2026-09-06T14:47:48.128862,1,DEVICE161,0,Chattogram,0,479,632,1,724.9,0,0,0,0
TXN200697,USER170,USER236,35117.76,2026-09-14T17:49:52.128862,4,DEVICE012,0,Sylhet,0,555,261,5,33960.52,1,0,1,1
TXN101428,USER031,USER026,2161.91,2026-09-24T04:18:36.128862,14,DEVICE207,1,Sylhet,0,142,687,1,-817.34,0,0,0,0
TXN100398,USER252,USER082,1914.04,2026-09-24T02:48:36.128862,13,DEVICE040,0,Dhaka,0,839,485,1,-915.99,0,0,0,0
TXN103964,USER290,USER408,1528.84,2026-09-24T02:30:03.128862,12,DEVICE125,0,Sylhet,0,376,739,1,-18.2,0,0,1,0
TXN200205,USER036,USER194,12963.68,2026-09-11T04:22:49.128862,14,DEVICE356,1,Dhaka,0,172,57,16,10673.17,1,1,2,1
TXN100947,USER202,USER306,3133.67,2026-09-18T07:17:07.128862,17,DEVICE143,0,Sylhet,0,612,923,2,-167.52,0,0,0,0
TXN103078,USER273,USER294,1690.81,2026-09-05T03:06:22.128862,13,DEVICE041,1,Sylhet,0,343,919,1,-900.34,0,0,0,0
TXN103138,USER102,USER385,3102.47,2026-09-19T20:23:23.128862,6,DEVICE094,0,Sylhet,0,1057,861,3,356.52,0,0,0,0
TXN200547,USER052,USER214,28949.66,2026-09-10T02:06:35.128862,12,DEVICE090,1,Chattogram,0,27,26,12,27583.99,1,1,0,1
TXN200123,USER096,USER271,17354.41,2026-09-05T09:03:07.128862,19,DEVICE205,1,Dhaka,0,1110,150,12,15524.04,1,1,2,1
TXN200773,USER192,USER049,9774.28,2026-09-17T17:56:30.128862,4,DEVICE324,1,Dhaka,0,448,188,20,8222.21,1,1,2,1
TXN200348,USER213,USER374,45062.67,2026-09-28T17:00:06.128862,3,DEVICE194,0,Chattogram,0,1025,339,3,43034.15,1,0,0,1
TXN103229,USER048,USER173,1637.85,2026-09-20T21:12:16.128862,7,DEVICE118,0,Chattogram,1,926,980,4,87.32,1,1,0,0
TXN103994,USER282,USER362,1339.66,2026-09-05T07:18:47.128862,17,DEVICE277,1,Dhaka,0,141,472,1,-10.05,0,0,0,0
TXN101452,USER130,USER399,3454.83,2026-09-18T23:14:55.128862,9,DEVICE158,0,Chattogram,0,579,943,1,409.33,0,0,0,0
TXN100593,USER297,USER098,1595.15,2026-09-12T04:49:49.128862,15,DEVICE186,0,Sylhet,0,570,274,1,-359.6,0,0,0,0
TXN102725,USER201,USER266,3124.07,2026-09-06T23:42:37.128862,9,DEVICE013,0,Chattogram,0,1031,501,1,-292.22,0,0,0,0
TXN100041,USER120,USER547,705.32,2026-09-28T23:35:43.128862,9,DEVICE076,0,Chattogram,0,394,754,1,-507.35,0,0,0,0
TXN100560,USER244,USER123,2885.16,2026-09-27T01:21:14.128862,11,DEVICE082,0,Sylhet,0,274,119,1,-438.55,1,0,0,0
TXN200031,USER184,USER585,42068.39,2026-09-14T16:12:47.128862,2,DEVICE127,0,Chattogram,0,857,78,5,41002.66,1,0,0,1
TXN200350,USER005,USER102,22903.02,2026-09-23T17:10:06.128862,3,DEVICE041,1,Sylhet,0,960,101,19,20114.55,1,1,1,1
TXN100489,USER143,USER259,1491.91,2026-09-11T22:03:07.128862,8,DEVICE083,0,Sylhet,0,1118,678,2,-23.74,1,0,0,0
TXN100243,USER170,USER244,1109.64,2026-09-18T19:43:30.128862,5,DEVICE012,0,Khulna,1,555,378,1,-47.6,0,0,0,0
TXN103172,USER210,USER181,4019.96,2026-09-15T05:49:07.128862,16,DEVICE144,0,Dhaka,0,702,944,1,559.63,0,0,0,0
TXN101339,USER036,USER505,2371.69,2026-09-05T02:18:39.128862,12,DEVICE172,0,Dhaka,0,172,218,2,81.18,0,0,0,0
TXN103936,USER186,USER502,1584.81,2026-09-20T23:10:20.128862,9,DEVICE063,0,Barishal,1,388,935,1,-131.31,0,0,0,0
TXN201189,USER276,USER448,17371.22,2026-09-27T04:32:31.128862,14,DEVICE077,0,Sylhet,0,13,21,10,16259.56,1,1,0,1
TXN100405,USER110,USER323,2910.4,2026-09-29T17:30:05.128862,3,DEVICE032,0,Sylhet,0,232,629,2,-464.9,0,0,0,0
TXN101442,USER168,USER386,2530.33,2026-09-07T08:50:18.128862,19,DEVICE038,0,Cumilla,1,570,498,1,-75.91,0,0,0,0
TXN100261,USER292,USER469,2658.99,2026-09-30T22:30:24.128862,8,DEVICE100,0,Chattogram,0,166,706,1,-223.03,0,0,0,0
TXN103912,USER137,USER297,891.25,2026-09-27T20:57:34.128862,7,DEVICE074,0,Dhaka,0,870,917,1,-95.62,0,0,0,0
TXN103537,USER107,USER404,1377.11,2026-10-03T08:53:43.128862,19,DEVICE160,0,Dhaka,0,480,1000,4,275.92,0,1,0,0
TXN200668,USER188,USER431,42137.8,2026-09-09T17:38:24.128862,3,DEVICE168,0,Dhaka,0,1177,222,5,40666.43,1,0,1,1
TXN101689,USER089,USER064,788.13,2026-09-12T08:19:15.128862,18,DEVICE066,0,Chattogram,0,925,742,2,-257.33,1,0,0,0
TXN103478,USER164,USER143,2935.07,2026-09-07T10:50:10.128862,21,DEVICE173,0,Chattogram,0,1089,655,1,-309.56,0,0,0,0
TXN101725,USER057,USER169,962.31,2026-09-19T20:01:27.128862,6,DEVICE085,0,Sylhet,0,910,410,1,-299.76,0,0,0,0
TXN101203,USER093,USER374,2783.11,2026-09-07T10:35:23.128862,20,DEVICE105,1,Sylhet,0,1035,700,1,-155.5,0,0,0,0
TXN100834,USER273,USER128,3038.28,2026-09-23T01:58:11.128862,12,DEVICE123,0,Rangpur,1,343,779,1,447.13,0,0,0,0
TXN101866,USER059,USER545,1105.52,2026-09-15T20:29:03.128862,6,DEVICE018,0,Sylhet,0,1021,301,1,-135.67,1,0,0,0
TXN102496,USER203,USER500,2317.59,2026-09-27T02:13:13.128862,12,DEVICE064,0,Sylhet,0,109,284,1,-773.89,0,0,0,0
TXN103016,USER278,USER243,2297.92,2026-09-24T05:46:36.128862,16,DEVICE100,0,Chattogram,0,850,630,2,4.22,0,0,0,0
TXN104511,USER002,USER508,963.18,2026-09-27T09:17:26.128862,19,DEVICE140,0,Sylhet,0,568,141,2,95.65,0,0,0,0
TXN102010,USER063,USER044,2865.91,2026-09-05T00:41:21.128862,10,DEVICE165,0,Chattogram,0,752,271,1,562.15,0,0,0,0
TXN103931,USER182,USER508,2743.6,2026-10-01T06:53:01.128862,17,DEVICE179,0,Sylhet,0,690,931,1,125.52,0,0,0,0
TXN100340,USER180,USER590,2151.42,2026-09-07T21:01:43.128862,7,DEVICE050,0,Chattogram,0,754,145,1,90.45,0,0,0,0
TXN104172,USER272,USER041,1132.17,2026-09-23T07:07:00.128862,17,DEVICE098,0,Sylhet,0,1188,174,1,-476.15,1,0,0,0
TXN101601,USER237,USER507,1936.54,2026-09-19T05:09:47.128862,15,DEVICE113,0,Chattogram,0,288,997,1,-1267.24,0,0,0,0
TXN102796,USER153,USER337,1381.38,2026-09-12T08:24:40.128862,18,DEVICE169,0,Chattogram,0,406,687,1,-601.49,1,0,1,0
TXN200567,USER130,USER027,36338.74,2026-09-25T17:30:05.128862,3,DEVICE_ROGUE_917,1,Coxs Bazar,1,579,11,8,33293.24,1,1,4,1
TXN200959,USER147,USER590,22230.67,2026-09-11T08:04:20.128862,18,DEVICE173,0,Sylhet,0,5,22,9,19974.57,1,1,0,1
TXN100480,USER079,USER296,2448.86,2026-09-25T12:53:21.128862,23,DEVICE332,1,Mymensingh,1,358,733,1,933.68,0,0,0,0
TXN103725,USER090,USER281,1186.36,2026-09-28T05:39:40.128862,15,DEVICE012,0,Sylhet,0,280,865,1,259.15,0,0,0,0
TXN201105,USER050,USER320,42286.38,2026-09-14T18:28:23.128862,4,DEVICE079,0,Sylhet,0,747,226,3,40501.33,1,0,0,1
TXN102785,USER056,USER600,2473.09,2026-09-24T03:19:49.128862,13,DEVICE103,0,Dhaka,0,680,401,2,28.44,0,0,0,0
TXN101523,USER181,USER321,947.71,2026-09-07T01:36:11.128862,11,DEVICE184,0,Chattogram,0,204,359,1,-1820.79,0,0,0,0
TXN103621,USER289,USER429,1756.68,2026-09-12T04:54:23.128862,15,DEVICE112,0,Chattogram,0,328,784,3,-186.97,1,0,0,0
TXN104467,USER143,USER026,2244.01,2026-09-22T08:53:09.128862,19,DEVICE083,0,Sylhet,0,1118,877,2,728.36,0,0,0,0
TXN200520,USER087,USER201,45579.51,2026-09-27T13:44:37.128862,23,DEVICE_ROGUE_904,1,Unknown,1,726,15,5,42086.16,1,1,3,1
TXN200760,USER298,USER122,45944.84,2026-09-30T18:13:56.128862,4,DEVICE043,0,Chattogram,0,1190,320,3,45118.73,1,0,1,1
TXN200844,USER211,USER530,25180.64,2026-09-23T13:14:15.128862,23,DEVICE_ROGUE_948,1,Sylhet,1,958,3,5,23664.59,1,1,2,1
TXN100799,USER097,USER119,3892.72,2026-09-08T05:39:33.128862,15,DEVICE185,0,Chattogram,0,687,61,1,403.19,0,0,0,0
TXN101766,USER109,USER140,2747.65,2026-10-01T00:15:24.128862,10,DEVICE170,0,Sylhet,0,369,685,1,722.6,0,0,0,0
TXN200563,USER140,USER049,32924.14,2026-09-28T16:48:48.128862,3,DEVICE_ROGUE_995,1,Chattogram,1,1104,5,5,31777.48,1,1,3,1
TXN103025,USER038,USER162,2194.2,2026-09-16T05:35:54.128862,15,DEVICE064,0,Dhaka,0,1053,930,1,-275.8,0,0,1,0
TXN102453,USER166,USER353,802.37,2026-09-29T10:08:50.128862,20,DEVICE058,0,Chattogram,0,163,81,2,-188.94,0,0,0,0
TXN104073,USER185,USER497,1255.13,2026-09-28T22:51:08.128862,9,DEVICE103,0,Chattogram,0,972,82,1,-631.95,0,0,0,0
TXN104739,USER268,USER526,3356.99,2026-09-14T02:47:37.128862,13,DEVICE179,0,Chattogram,0,274,515,1,-108.54,0,0,0,0
TXN200055,USER105,USER379,33704.61,2026-09-06T08:29:38.128862,18,DEVICE263,1,Dhaka,0,25,29,15,32184.18,1,1,0,1
TXN103704,USER252,USER038,2864.13,2026-09-04T01:12:17.128862,11,DEVICE040,0,Dhaka,0,839,145,2,34.1,0,0,1,0
TXN200810,USER067,USER440,33712.36,2026-09-21T12:53:59.128862,23,DEVICE_ROGUE_996,1,Sylhet,1,92,1,10,32293.93,1,1,3,1
TXN100363,USER293,USER135,3654.89,2026-09-25T12:00:05.128862,22,DEVICE087,0,Chattogram,0,713,301,1,1134.68,0,0,0,0
TXN101271,USER191,USER412,2858.83,2026-09-07T19:23:28.128862,5,DEVICE193,0,Chattogram,0,438,492,1,919.75,0,0,0,0
TXN102003,USER275,USER117,1267.08,2026-09-22T08:00:52.128862,18,DEVICE091,0,Dhaka,0,844,611,1,104.49,1,0,0,0
TXN200594,USER037,USER315,43833.11,2026-09-09T13:25:09.128862,23,DEVICE_ROGUE_948,1,Unknown,1,448,2,10,40793.72,1,1,4,1
TXN104245,USER272,USER439,1778.91,2026-09-19T10:36:15.128862,20,DEVICE098,0,Sylhet,0,1188,764,1,170.59,1,0,0,0
TXN200823,USER118,USER139,43114.68,2026-09-13T18:04:55.128862,4,DEVICE104,0,Sylhet,0,701,248,5,40589.52,1,0,0,1
TXN200157,USER054,USER429,29184.23,2026-09-25T23:42:30.128862,9,DEVICE169,0,Chattogram,0,20,29,10,25855.26,1,1,0,1
TXN100347,USER197,USER411,1122.8,2026-09-20T06:03:58.128862,16,DEVICE046,0,Sylhet,1,383,715,1,-1163.08,0,0,1,0
TXN103350,USER149,USER362,1315.18,2026-09-14T01:42:06.128862,11,DEVICE131,0,Dhaka,0,1025,251,1,-27.93,0,0,0,0
TXN201095,USER200,USER510,37848.35,2026-09-20T16:58:18.128862,3,DEVICE119,0,Chattogram,0,610,327,4,34791.08,1,0,0,1
TXN103613,USER174,USER253,2114.67,2026-09-29T05:34:49.128862,15,DEVICE197,0,Sylhet,0,295,332,1,-803.8,1,0,0,0
TXN200918,USER008,USER316,47701.77,2026-09-27T18:24:57.128862,4,DEVICE111,0,Dhaka,0,395,150,3,46667.04,1,0,0,1
TXN102562,USER061,USER575,4163.28,2026-09-08T16:41:15.128862,2,DEVICE256,1,Dhaka,0,734,80,1,691.57,0,0,0,0
TXN103027,USER238,USER456,1985.72,2026-09-09T08:15:02.128862,18,DEVICE020,0,Chattogram,0,170,633,2,520.94,0,0,0,0
TXN104180,USER253,USER161,873.99,2026-09-18T08:32:58.128862,18,DEVICE181,0,Dhaka,0,1177,794,1,-121.88,0,0,0,0
TXN200698,USER028,USER048,20804.88,2026-09-28T09:40:42.128862,19,DEVICE042,0,Chattogram,0,20,12,10,19743.75,1,1,0,1
TXN101423,USER196,USER385,2508.85,2026-09-04T00:05:44.128862,10,DEVICE057,0,Rangpur,1,1109,853,1,-616.79,0,0,0,0
TXN100656,USER182,USER048,2685.86,2026-09-21T08:03:10.128862,18,DEVICE179,0,Sylhet,0,690,587,3,67.78,0,0,0,0
TXN103083,USER004,USER417,841.38,2026-09-20T22:00:05.128862,8,DEVICE095,0,Chattogram,0,495,415,1,-561.29,0,0,0,0
TXN200724,USER109,USER455,11253.2,2026-09-04T06:33:43.128862,16,DEVICE139,1,Sylhet,0,369,135,19,9228.15,1,1,1,1
TXN102102,USER257,USER033,1029.89,2026-09-23T16:01:55.128862,2,DEVICE105,0,Sylhet,0,616,846,1,32.09,1,0,0,0
TXN100632,USER232,USER333,688.22,2026-09-27T11:44:04.128862,21,DEVICE134,0,Chattogram,0,811,109,1,-613.51,0,0,0,0
TXN200060,USER283,USER569,43503.07,2026-09-25T17:48:42.128862,4,DEVICE140,0,Dhaka,0,761,186,4,40990.63,1,0,0,1
TXN102493,USER004,USER294,1572.47,2026-09-19T10:31:49.128862,20,DEVICE095,0,Chattogram,0,495,442,3,169.8,1,0,0,0
TXN102665,USER235,USER023,1637.32,2026-10-01T09:39:40.128862,19,DEVICE062,0,Dhaka,0,603,327,1,202.27,0,0,0,0
TXN104338,USER104,USER134,2084.48,2026-09-18T01:54:13.128862,12,DEVICE018,0,Sylhet,0,1025,597,1,-165.34,1,0,0,0
TXN200868,USER040,USER481,39822.26,2026-10-01T17:13:00.128862,3,DEVICE_ROGUE_934,1,Coxs Bazar,1,995,11,10,37463.41,1,1,3,1
TXN104403,USER195,USER558,1523.8,2026-09-25T04:11:26.128862,14,DEVICE109,0,Sylhet,0,583,510,2,-472.65,0,0,0,0
TXN200740,USER052,USER087,33171.5,2026-09-14T00:17:40.128862,10,DEVICE058,0,Chattogram,0,27,5,13,31805.83,1,1,0,1
TXN102334,USER247,USER300,1589.96,2026-09-10T09:52:07.128862,20,DEVICE036,0,Dhaka,0,940,62,1,145.51,0,0,0,0
TXN103548,USER044,USER319,2114.98,2026-09-05T04:43:02.128862,14,DEVICE010,0,Dhaka,0,1097,745,3,533.63,0,0,0,0
TXN104593,USER162,USER220,1544.08,2026-10-01T22:58:14.128862,9,DEVICE193,0,Dhaka,0,868,238,1,-959.9,1,0,0,0
TXN102500,USER044,USER212,813.77,2026-10-01T01:06:53.128862,11,DEVICE010,0,Dhaka,0,1097,352,3,-767.58,0,0,0,0
TXN103619,USER096,USER182,1758.86,2026-10-02T18:30:38.128862,4,DEVICE176,0,Dhaka,0,1110,393,2,-71.51,0,0,0,0
TXN101465,USER219,USER209,1245.41,2026-09-15T06:52:01.128862,17,DEVICE141,0,Dhaka,0,575,615,1,27.46,0,0,0,0
TXN103940,USER276,USER242,967.66,2026-09-08T21:15:34.128862,7,DEVICE077,0,Sylhet,0,626,605,1,-144.0,0,0,0,0
TXN104013,USER300,USER555,4029.99,2026-09-15T17:36:23.128862,3,DEVICE033,0,Chattogram,0,885,182,1,845.6,0,0,0,0
TXN200605,USER003,USER531,12039.48,2026-10-02T09:50:50.128862,20,DEVICE112,1,Dhaka,0,631,159,9,10496.9,1,1,2,1
TXN100115,USER029,USER144,2631.51,2026-09-13T04:00:05.128862,14,DEVICE046,0,Dhaka,0,750,651,2,-456.72,0,0,0,0
TXN101821,USER037,USER024,2883.15,2026-09-23T05:50:39.128862,16,DEVICE189,0,Sylhet,0,448,820,2,-156.24,1,0,0,0
TXN101494,USER243,USER543,1663.23,2026-09-17T20:07:32.128862,6,DEVICE086,0,Dhaka,0,359,764,3,-548.28,0,0,0,0
TXN102401,USER127,USER524,659.34,2026-10-02T20:11:39.128862,6,DEVICE174,0,Sylhet,0,1022,861,2,-193.25,0,0,0,0
TXN103874,USER204,USER043,924.49,2026-09-21T04:07:25.128862,14,DEVICE032,0,Sylhet,0,1042,916,1,-324.55,0,0,0,0
TXN101232,USER021,USER356,2817.01,2026-09-18T06:39:42.128862,16,DEVICE200,0,Chattogram,0,647,468,1,-158.7,0,0,0,0
TXN102661,USER292,USER438,4087.81,2026-09-23T08:40:40.128862,18,DEVICE100,0,Chattogram,0,166,675,2,1205.79,1,0,0,0
TXN102817,USER295,USER485,3294.59,2026-10-02T02:13:36.128862,12,DEVICE174,0,Dhaka,0,327,488,1,493.27,0,0,0,0
TXN200900,USER256,USER437,48733.95,2026-09-30T18:18:25.128862,4,DEVICE107,0,Chattogram,0,426,254,2,45244.49,1,0,1,1
TXN200678,USER108,USER269,39956.89,2026-09-27T17:52:35.128862,4,DEVICE081,0,Sylhet,0,1130,399,5,37983.02,1,0,1,1
TXN101153,USER031,USER300,2401.99,2026-09-30T08:37:59.128862,18,DEVICE007,0,Sylhet,0,142,793,1,-577.26,0,0,0,0
TXN103909,USER266,USER033,3909.71,2026-09-18T10:59:24.128862,21,DEVICE198,0,Sylhet,0,903,885,1,1210.15,0,0,0,0
TXN104760,USER201,USER496,4411.81,2026-09-16T22:47:02.128862,9,DEVICE013,0,Chattogram,0,1031,883,1,995.52,0,0,0,0
TXN200526,USER027,USER353,46725.65,2026-09-30T07:08:19.128862,17,DEVICE061,0,Dhaka,0,11,29,10,45675.24,1,1,0,1
TXN100057,USER093,USER559,3074.26,2026-09-06T23:50:33.128862,10,DEVICE001,0,Sylhet,0,1035,677,3,135.65,0,0,0,0
TXN200782,USER263,USER422,16652.52,2026-09-11T23:58:33.128862,10,DEVICE010,1,Chattogram,0,244,23,15,14854.8,1,1,2,1
TXN103883,USER285,USER430,1507.51,2026-10-03T02:52:22.128862,13,DEVICE057,0,Dhaka,0,219,770,1,-611.53,1,0,0,0
TXN103061,USER131,USER553,1955.57,2026-09-13T00:09:13.128862,10,DEVICE146,0,Chattogram,0,874,526,1,325.28,0,0,0,0
TXN200379,USER065,USER102,34829.51,2026-09-08T14:59:56.128862,1,DEVICE_ROGUE_991,1,Sylhet,1,917,13,11,31753.81,1,1,2,1
TXN201134,USER293,USER563,44822.94,2026-09-27T01:58:44.128862,12,DEVICE087,0,Chattogram,0,19,23,17,42302.73,1,1,0,1
TXN101735,USER203,USER452,2181.34,2026-09-13T03:18:10.128862,13,DEVICE064,0,Sylhet,0,109,236,1,-910.14,0,0,0,0
TXN200601,USER200,USER449,23113.51,2026-09-07T22:23:02.128862,8,DEVICE119,0,Chattogram,0,27,14,8,20056.24,1,1,0,1
TXN102823,USER228,USER072,2280.97,2026-09-06T05:48:41.128862,16,DEVICE164,0,Dhaka,0,190,186,2,-821.37,1,0,0,0
TXN102196,USER244,USER589,2210.22,2026-09-28T05:50:52.128862,16,DEVICE263,1,Sylhet,0,274,722,1,-1113.49,0,0,0,0
TXN100159,USER053,USER550,1890.24,2026-09-13T22:57:42.128862,9,DEVICE007,0,Sylhet,0,765,561,1,369.4,0,0,0,0
TXN104100,USER298,USER172,750.16,2026-09-15T12:41:41.128862,22,DEVICE043,0,Chattogram,0,1190,740,1,-75.95,0,0,0,0
TXN102475,USER054,USER083,3504.42,2026-09-19T06:12:39.128862,16,DEVICE169,0,Chattogram,0,933,412,1,175.45,1,0,0,0
TXN102564,USER148,USER026,3265.77,2026-09-14T07:17:09.128862,17,DEVICE055,0,Dhaka,0,1167,717,1,494.96,0,0,0,0
TXN104294,USER213,USER305,2461.01,2026-10-02T20:25:51.128862,6,DEVICE194,0,Chattogram,0,1025,760,1,432.49,0,0,0,0
TXN200249,USER217,USER206,30729.64,2026-09-22T07:29:18.128862,17,DEVICE130,0,Dhaka,0,27,28,10,28429.07,1,1,0,1
TXN104139,USER300,USER357,2292.81,2026-09-11T03:18:59.128862,13,DEVICE033,0,Chattogram,0,885,757,1,-891.58,0,0,0,0
TXN102608,USER247,USER189,1571.86,2026-09-03T19:07:21.128862,5,DEVICE036,0,Dhaka,0,940,162,1,127.41,0,0,0,0
TXN201055,USER151,USER320,34183.44,2026-09-10T04:55:04.128862,15,DEVICE189,0,Sylhet,0,5,7,15,30696.54,1,1,0,1
TXN100707,USER042,USER586,1125.37,2026-09-27T07:59:57.128862,18,DEVICE028,0,Dhaka,0,461,315,2,201.64,1,0,0,0
TXN103046,USER243,USER276,2201.36,2026-09-25T06:29:54.128862,16,DEVICE086,0,Dhaka,0,359,715,1,-10.15,0,0,0,0
TXN200754,USER127,USER585,18595.11,2026-09-08T08:15:02.128862,18,DEVICE174,0,Sylhet,0,28,7,15,17742.52,1,1,0,1
TXN101093,USER062,USER572,2908.54,2026-09-24T10:07:24.128862,20,DEVICE188,1,Dhaka,0,606,849,2,380.54,0,0,0,0
TXN104574,USER108,USER161,1519.7,2026-09-21T02:36:53.128862,12,DEVICE081,0,Sylhet,0,1130,522,1,-454.17,0,0,0,0
TXN101376,USER040,USER204,3030.19,2026-09-11T02:45:37.128862,13,DEVICE041,0,Dhaka,0,995,987,1,671.34,1,0,0,0
TXN201097,USER263,USER036,27435.08,2026-09-22T17:35:42.128862,3,DEVICE_ROGUE_993,1,Chattogram,1,244,7,7,25637.36,1,1,3,1
TXN100072,USER214,USER032,1833.62,2026-09-24T03:19:31.128862,13,DEVICE114,0,Dhaka,0,708,310,1,-108.5,0,0,0,0
TXN101922,USER100,USER002,2807.01,2026-09-30T06:57:25.128862,17,DEVICE172,0,Chattogram,0,940,513,2,-317.1,0,0,0,0
TXN104438,USER201,USER372,4029.6,2026-09-29T14:35:14.128862,0,DEVICE013,0,Chattogram,0,1031,708,1,613.31,0,0,0,0
TXN104305,USER120,USER571,938.32,2026-09-21T02:18:26.128862,12,DEVICE076,0,Chattogram,0,394,882,1,-274.35,0,0,0,0
TXN101764,USER223,USER518,1776.91,2026-09-30T21:21:22.128862,7,DEVICE122,0,Sylhet,0,694,568,2,-487.02,0,0,0,0
TXN100743,USER198,USER291,972.26,2026-09-12T23:27:46.128862,9,DEVICE179,0,Cumilla,1,565,71,1,35.67,1,0,0,0
TXN104074,USER007,USER513,3679.51,2026-09-09T02:00:58.128862,12,DEVICE038,0,Rangpur,1,550,98,1,470.63,0,0,0,0
TXN101005,USER035,USER162,1754.17,2026-09-06T12:19:49.128862,22,DEVICE106,0,Sylhet,0,641,685,2,-67.87,0,0,0,0
TXN102668,USER011,USER099,1960.11,2026-09-25T01:03:29.128862,11,DEVICE079,0,Chattogram,0,236,245,2,569.79,0,0,0,0
TXN101190,USER170,USER075,868.6,2026-09-21T22:06:42.128862,8,DEVICE012,0,Sylhet,0,555,899,3,-288.64,0,0,0,0
TXN104316,USER254,USER096,1580.6,2026-10-02T23:01:13.128862,9,DEVICE055,0,Dhaka,0,1117,82,1,-456.77,0,0,0,0
TXN102601,USER088,USER324,692.98,2026-09-18T04:33:38.128862,14,DEVICE333,1,Sylhet,0,118,338,1,-1482.74,1,0,0,0
TXN101125,USER206,USER433,1303.65,2026-09-13T08:12:29.128862,18,DEVICE035,0,Chattogram,0,413,886,2,-73.47,0,0,0,0
TXN101241,USER151,USER584,4288.63,2026-09-14T11:59:41.128862,22,DEVICE189,0,Sylhet,0,385,218,2,801.73,0,0,0,0
TXN104037,USER022,USER043,2632.22,2026-09-13T09:06:48.128862,19,DEVICE144,0,Chattogram,0,1114,627,1,-52.76,0,0,0,0
TXN200572,USER061,USER451,28381.88,2026-09-20T17:09:16.128862,3,DEVICE_ROGUE_926,1,Sylhet,1,734,8,12,24910.17,1,1,2,1
TXN200144,USER090,USER528,44549.51,2026-09-25T13:17:14.128862,23,DEVICE_ROGUE_944,1,Chattogram,1,280,11,11,43622.3,1,1,2,1
TXN200851,USER154,USER319,37549.43,2026-09-16T18:07:28.128862,4,DEVICE022,0,Sylhet,0,243,221,3,35351.98,1,0,0,1
TXN103351,USER286,USER220,4361.57,2026-09-28T23:44:55.128862,9,DEVICE125,0,Dhaka,0,1040,842,2,1117.16,0,0,0,0
TXN100998,USER216,USER066,3140.88,2026-09-11T19:52:15.128862,6,DEVICE185,0,Sylhet,0,877,841,2,-346.76,0,0,0,0
TXN104461,USER079,USER331,1545.6,2026-09-08T06:45:28.128862,17,DEVICE089,0,Dhaka,0,358,949,1,30.42,0,0,0,0
TXN103824,USER154,USER353,1702.85,2026-09-26T01:01:07.128862,11,DEVICE022,0,Sylhet,0,243,214,1,-494.6,0,0,0,0
TXN104031,USER149,USER103,1201.22,2026-09-14T08:33:01.128862,18,DEVICE131,0,Dhaka,0,1025,552,1,-141.89,0,0,0,0
TXN102684,USER015,USER246,2831.53,2026-09-18T03:11:48.128862,13,DEVICE054,0,Sylhet,1,681,83,2,276.84,0,0,0,0
TXN200394,USER017,USER533,45691.91,2026-09-16T17:53:32.128862,4,DEVICE064,0,Chattogram,0,344,193,3,44296.72,1,0,0,1
TXN101577,USER074,USER052,2050.94,2026-09-11T07:25:30.128862,17,DEVICE068,0,Dhaka,0,1110,511,1,401.31,0,0,0,0
TXN103906,USER080,USER057,1032.96,2026-09-26T09:12:37.128862,19,DEVICE187,0,Sylhet,0,679,390,1,-432.93,0,0,1,0
TXN103729,USER193,USER254,1244.95,2026-09-23T01:03:39.128862,11,DEVICE028,0,Sylhet,0,251,504,1,-229.53,0,0,1,0
TXN103668,USER174,USER214,3964.47,2026-09-04T06:03:56.128862,16,DEVICE102,1,Sylhet,0,295,594,1,1046.0,0,0,0,0
TXN200942,USER133,USER142,9213.87,2026-09-12T02:33:47.128862,12,DEVICE030,1,Chattogram,0,931,142,11,6043.24,1,1,1,1
TXN101826,USER298,USER294,934.13,2026-09-29T08:01:32.128862,18,DEVICE043,0,Chattogram,0,1190,501,1,108.02,0,0,0,0
TXN101343,USER019,USER214,3426.13,2026-09-18T22:45:35.128862,9,DEVICE027,0,Dhaka,0,712,436,1,440.67,0,0,0,0
TXN201183,USER120,USER286,16350.51,2026-09-23T10:36:06.128862,20,DEVICE303,1,Chattogram,0,394,57,15,15137.84,1,1,2,1
TXN200346,USER168,USER577,14104.76,2026-09-07T20:00:32.128862,6,DEVICE284,1,Dhaka,0,570,151,10,11498.52,1,1,1,1
TXN200151,USER077,USER589,40926.74,2026-09-19T16:50:26.128862,3,DEVICE153,0,Sylhet,0,506,275,2,37657.46,1,0,0,1
TXN100440,USER082,USER388,908.29,2026-09-05T04:34:23.128862,14,DEVICE112,0,Sylhet,0,1082,735,3,-601.11,0,0,0,0
TXN201140,USER076,USER444,17889.24,2026-09-11T06:20:25.128862,16,DEVICE010,1,Sylhet,0,27,26,9,16021.03,1,1,0,1
TXN101100,USER188,USER529,785.14,2026-09-24T16:10:39.128862,2,DEVICE168,0,Dhaka,0,1177,126,3,-686.23,1,0,0,0
TXN102637,USER095,USER331,501.77,2026-10-02T04:49:53.128862,15,DEVICE138,0,Chattogram,0,405,911,1,-469.75,0,0,0,0
TXN104217,USER196,USER322,4327.14,2026-09-26T22:03:19.128862,8,DEVICE057,0,Dhaka,0,1109,136,1,1201.5,0,0,0,0
TXN100649,USER250,USER238,777.68,2026-09-20T06:46:40.128862,17,DEVICE099,0,Sylhet,0,360,334,1,-832.31,0,0,0,0
TXN101546,USER007,USER251,2572.09,2026-09-14T07:15:53.128862,17,DEVICE038,0,Sylhet,0,550,350,1,-636.79,0,0,0,0
TXN103231,USER070,USER061,2293.9,2026-09-08T01:59:20.128862,12,DEVICE030,0,Chattogram,0,201,409,1,771.0,0,0,0,0
TXN104490,USER243,USER534,2189.49,2026-09-04T02:54:45.128862,13,DEVICE086,0,Dhaka,0,359,74,1,-22.02,0,0,0,0
TXN104556,USER027,USER078,1131.63,2026-09-30T09:33:45.128862,19,DEVICE061,0,Dhaka,0,171,582,4,81.22,0,1,0,0
TXN104573,USER010,USER462,489.05,2026-09-14T08:40:39.128862,18,DEVICE011,0,Sylhet,0,381,824,1,-391.4,0,0,0,0
TXN104145,USER116,USER115,2925.26,2026-09-27T02:20:24.128862,12,DEVICE105,0,Chattogram,0,95,588,1,-225.14,1,0,0,0
TXN102852,USER246,USER176,2741.19,2026-09-12T10:04:25.128862,20,DEVICE021,0,Sylhet,0,759,964,1,7.47,0,0,0,0
TXN103503,USER008,USER287,662.34,2026-10-01T20:46:57.128862,7,DEVICE111,0,Dhaka,0,395,478,1,-372.39,0,0,0,0
TXN200584,USER040,USER332,8695.45,2026-09-03T23:41:41.128862,9,DEVICE134,1,Dhaka,0,995,127,16,6336.6,1,1,1,1
TXN104690,USER024,USER416,1706.12,2026-09-07T09:59:52.128862,20,DEVICE137,1,Chattogram,0,1101,603,1,486.33,0,0,0,0
TXN100630,USER014,USER292,1157.73,2026-09-25T06:52:38.128862,17,DEVICE092,0,Dhaka,0,719,168,1,-179.13,0,0,0,0
TXN100672,USER054,USER336,5557.8,2026-09-10T04:38:02.128862,14,DEVICE169,0,Chattogram,0,933,788,1,2228.83,0,0,0,0
TXN101249,USER034,USER283,2730.34,2026-10-02T05:31:14.128862,15,DEVICE086,0,Dhaka,0,132,781,1,-697.07,0,0,0,0
TXN104087,USER027,USER059,1289.62,2026-09-24T03:39:06.128862,13,DEVICE061,0,Dhaka,0,171,336,1,239.21,0,0,0,0
TXN100482,USER218,USER566,2485.11,2026-09-16T09:07:27.128862,19,DEVICE110,0,Chattogram,0,308,651,1,-254.59,0,0,0,0
TXN101584,USER280,USER588,1979.69,2026-09-16T11:52:25.128862,22,DEVICE138,0,Dhaka,0,568,743,1,-453.35,0,0,0,0
TXN104233,USER257,USER425,1177.72,2026-09-28T08:32:01.128862,18,DEVICE105,0,Sylhet,0,616,960,1,179.92,1,0,0,0
TXN200743,USER244,USER328,43182.06,2026-09-28T16:22:37.128862,2,DEVICE082,0,Sylhet,0,274,158,4,39858.35,1,0,1,1
TXN104204,USER297,USER019,2583.67,2026-09-27T22:15:32.128862,8,DEVICE186,0,Sylhet,0,570,502,1,628.92,0,0,0,0
TXN101462,USER157,USER053,2190.82,2026-09-22T02:58:47.128862,13,DEVICE170,0,Chattogram,0,783,178,1,477.99,0,0,0,0
TXN103040,USER061,USER483,3341.31,2026-09-19T14:34:59.128862,0,DEVICE072,0,Dhaka,0,734,979,1,-130.4,1,0,0,0
TXN104470,USER117,USER501,1265.22,2026-09-10T08:29:08.128862,18,DEVICE084,0,Sylhet,0,669,742,3,-340.58,0,0,0,0
TXN200010,USER087,USER186,46400.95,2026-09-18T17:40:38.128862,3,DEVICE_ROGUE_956,1,Chattogram,1,726,6,9,42907.6,1,1,3,1
TXN104610,USER259,USER299,1043.65,2026-09-07T21:45:01.128862,7,DEVICE139,0,Sylhet,0,694,759,1,-472.39,0,0,0,0
TXN201172,USER081,USER141,40962.22,2026-09-29T15:28:56.128862,1,DEVICE_ROGUE_947,1,Sylhet,1,987,9,9,38646.53,1,1,3,1
TXN103273,USER112,USER406,930.22,2026-09-13T05:14:43.128862,15,DEVICE077,0,Sylhet,0,939,66,1,-580.93,0,0,0,0
TXN103238,USER280,USER357,1905.75,2026-09-05T05:16:29.128862,15,DEVICE138,0,Dhaka,0,568,140,5,-527.29,0,1,0,0
TXN103131,USER295,USER431,2364.63,2026-09-10T08:43:32.128862,18,DEVICE174,0,Dhaka,0,327,829,1,-436.69,0,0,0,0
TXN103683,USER084,USER451,3360.57,2026-09-08T03:06:08.128862,13,DEVICE131,0,Dhaka,0,149,692,1,136.45,0,0,0,0
TXN102578,USER170,USER193,868.48,2026-09-26T20:32:10.128862,6,DEVICE012,0,Sylhet,0,555,732,3,-288.76,0,0,1,0
TXN200610,USER220,USER239,22937.37,2026-09-25T23:27:31.128862,9,DEVICE008,1,Dhaka,0,28,15,13,21336.26,1,1,0,1
TXN100049,USER275,USER017,1567.26,2026-09-22T06:00:58.128862,16,DEVICE091,0,Dhaka,0,844,689,1,404.67,0,0,0,0
TXN200325,USER072,USER136,29231.85,2026-09-06T18:40:00.128862,4,DEVICE_ROGUE_971,1,Sylhet,1,1151,14,5,25885.99,1,1,3,1
TXN104216,USER197,USER086,1826.26,2026-09-03T19:13:37.128862,5,DEVICE046,0,Dhaka,0,383,229,3,-459.62,0,0,0,0
TXN100858,USER204,USER507,1099.52,2026-10-01T07:17:17.128862,17,DEVICE032,0,Sylhet,0,1042,453,1,-149.52,0,0,0,0
TXN103225,USER039,USER200,2176.69,2026-09-14T23:55:21.128862,10,DEVICE396,1,Dhaka,0,1152,102,2,-949.92,0,0,0,0
TXN101072,USER160,USER332,1617.89,2026-09-27T01:46:32.128862,12,DEVICE086,0,Chattogram,0,762,330,1,223.3,0,0,0,0
TXN100719,USER022,USER508,2958.21,2026-09-03T23:25:27.128862,9,DEVICE144,0,Chattogram,0,1114,278,1,273.23,0,0,0,0
TXN102199,USER166,USER023,1439.65,2026-09-24T09:04:49.128862,19,DEVICE058,0,Chattogram,0,163,771,1,448.34,0,0,0,0
TXN102631,USER298,USER600,859.85,2026-09-19T19:55:57.128862,6,DEVICE391,1,Chattogram,0,1190,903,1,33.74,1,0,0,0
TXN201048,USER203,USER166,26130.93,2026-09-10T04:14:28.128862,14,DEVICE064,0,Sylhet,0,11,14,14,23039.45,1,1,0,1
TXN101660,USER083,USER491,1826.64,2026-09-18T23:02:16.128862,9,DEVICE156,0,Sylhet,0,338,513,1,-551.74,0,0,0,0
TXN101656,USER009,USER199,1474.38,2026-09-15T07:07:59.128862,17,DEVICE033,0,Dhaka,0,634,889,1,-464.81,0,0,0,0
TXN102425,USER050,USER498,1451.49,2026-10-03T09:22:19.128862,19,DEVICE079,0,Sylhet,0,747,120,1,-333.56,1,0,0,0
TXN200726,USER247,USER438,36192.55,2026-09-12T00:06:15.128862,10,DEVICE036,0,Dhaka,0,11,28,9,34748.1,1,1,0,1
TXN200254,USER036,USER197,20698.34,2026-09-12T22:03:46.128862,8,DEVICE172,0,Dhaka,0,9,10,6,18407.83,1,1,0,1
TXN201165,USER019,USER271,34513.49,2026-09-28T17:30:32.128862,3,DEVICE_ROGUE_928,1,Coxs Bazar,1,712,14,9,31528.03,1,1,2,1
TXN104404,USER242,USER009,2316.1,2026-10-01T04:36:57.128862,14,DEVICE070,0,Chattogram,0,837,578,1,-59.82,1,0,0,0
TXN103097,USER167,USER414,1258.66,2026-09-08T03:25:54.128862,13,DEVICE051,0,Sylhet,0,230,845,3,-183.95,0,0,0,0
TXN103976,USER091,USER536,945.58,2026-09-24T07:23:32.128862,17,DEVICE182,0,Chattogram,0,550,334,1,-150.47,0,0,0,0
TXN200566,USER137,USER225,24417.56,2026-10-01T01:03:21.128862,11,DEVICE074,0,Dhaka,0,28,17,6,23430.69,1,1,0,1
TXN201077,USER296,USER595,37896.38,2026-10-02T16:06:30.128862,2,DEVICE104,0,Chattogram,0,289,150,4,35606.84,1,0,0,1
TXN200897,USER002,USER092,36629.52,2026-09-24T00:17:32.128862,10,DEVICE316,1,Sylhet,0,26,30,14,35761.99,1,1,0,1
TXN103189,USER220,USER535,1920.76,2026-09-23T03:58:29.128862,14,DEVICE115,0,Dhaka,0,871,629,2,319.65,0,0,0,0
TXN103989,USER173,USER572,1064.27,2026-09-08T04:59:57.128862,15,DEVICE157,0,Chattogram,0,291,767,1,-1011.94,0,0,0,0
TXN102934,USER234,USER242,1975.26,2026-09-17T20:58:49.128862,7,DEVICE161,0,Chattogram,0,479,771,1,-647.81,0,0,0,0
TXN200140,USER003,USER160,30871.56,2026-09-06T15:59:04.128862,2,DEVICE_ROGUE_957,1,Chattogram,1,631,5,7,29328.98,1,1,4,1
TXN104257,USER287,USER510,1322.46,2026-09-30T10:38:47.128862,20,DEVICE057,0,Dhaka,0,708,354,1,-1762.02,0,0,0,0
TXN102606,USER199,USER536,2123.83,2026-09-27T21:25:39.128862,7,DEVICE133,0,Sylhet,0,1034,303,1,-1374.23,0,0,0,0
TXN101385,USER066,USER523,1935.59,2026-09-27T21:49:43.128862,8,DEVICE174,0,Dhaka,0,1143,639,1,-959.61,1,0,0,0
TXN200771,USER151,USER081,39654.23,2026-09-18T16:52:20.128862,3,DEVICE189,0,Sylhet,0,385,31,4,36167.33,1,0,1,1
TXN101399,USER199,USER321,2098.6,2026-09-08T20:52:36.128862,7,DEVICE133,0,Sylhet,0,1034,102,1,-1399.46,0,0,0,0
TXN101195,USER112,USER364,2244.52,2026-10-01T18:42:41.128862,4,DEVICE077,0,Sylhet,0,939,86,1,733.37,0,0,0,0
TXN101408,USER194,USER173,2979.66,2026-09-10T07:58:33.128862,18,DEVICE200,0,Sylhet,0,873,792,5,-313.16,0,1,0,0
TXN101845,USER081,USER215,2480.59,2026-09-25T01:03:00.128862,11,DEVICE081,0,Chattogram,0,987,987,1,164.9,0,0,0,0
TXN101798,USER202,USER503,2950.67,2026-09-28T03:40:07.128862,13,DEVICE143,0,Sylhet,0,612,283,1,-350.52,1,0,0,0
TXN103957,USER292,USER530,2935.98,2026-09-10T08:30:39.128862,18,DEVICE100,0,Chattogram,0,166,290,1,53.96,0,0,0,0
TXN101475,USER175,USER123,3452.11,2026-09-05T06:36:06.128862,16,DEVICE019,0,Sylhet,0,998,609,2,471.87,0,0,0,0
TXN200418,USER278,USER586,10483.71,2026-09-04T14:26:27.128862,0,DEVICE118,1,Chattogram,0,850,57,14,8190.01,1,1,2,1
TXN100035,USER077,USER342,2968.65,2026-09-24T20:55:11.128862,7,DEVICE153,0,Sylhet,0,506,775,1,-300.63,0,0,0,0
TXN200064,USER070,USER197,16607.72,2026-09-24T17:05:23.128862,3,DEVICE005,1,Chattogram,0,201,195,17,15084.82,1,1,2,1
TXN102345,USER171,USER091,3188.63,2026-09-29T04:19:19.128862,14,DEVICE063,0,Sylhet,0,275,868,1,-137.26,0,0,0,0
TXN100444,USER143,USER571,984.19,2026-09-10T08:48:24.128862,19,DEVICE083,0,Sylhet,0,1118,97,2,-531.46,1,0,1,0
TXN200556,USER222,USER546,21828.77,2026-09-16T12:56:11.128862,23,DEVICE138,1,Chattogram,0,695,64,9,19464.98,1,1,1,1
TXN103312,USER028,USER091,1113.74,2026-09-23T17:16:40.128862,3,DEVICE274,1,Chattogram,0,974,954,1,52.61,0,0,0,0
TXN102359,USER107,USER122,705.2,2026-09-19T01:08:41.128862,11,DEVICE160,0,Dhaka,0,480,991,2,-395.99,0,0,0,0
TXN103006,USER108,USER059,1079.91,2026-09-24T13:27:19.128862,23,DEVICE081,0,Sylhet,0,1130,536,1,-893.96,0,0,0,0
TXN103654,USER091,USER082,1225.26,2026-09-04T21:56:28.128862,8,DEVICE182,0,Chattogram,0,550,496,1,129.21,0,0,1,0
TXN102206,USER010,USER116,976.19,2026-09-28T00:21:52.128862,10,DEVICE011,0,Sylhet,0,381,449,2,95.74,0,0,0,0
TXN104327,USER039,USER023,2687.19,2026-09-21T18:13:48.128862,4,DEVICE069,0,Dhaka,0,1152,688,2,-439.42,0,0,0,0
TXN200332,USER266,USER146,22175.12,2026-09-25T22:14:35.128862,8,DEVICE326,1,Sylhet,0,903,144,8,19475.56,1,1,2,1
TXN103657,USER041,USER475,2003.38,2026-09-14T01:39:09.128862,11,DEVICE180,0,Dhaka,0,659,361,1,-698.96,0,0,0,0
TXN103179,USER184,USER215,860.46,2026-10-03T02:34:39.128862,12,DEVICE127,0,Chattogram,0,857,199,1,-205.27,0,0,0,0
TXN103422,USER109,USER079,2898.38,2026-09-20T23:15:48.128862,9,DEVICE170,0,Sylhet,0,369,462,4,873.33,0,1,0,0
TXN101286,USER199,USER264,2713.19,2026-09-15T10:32:14.128862,20,DEVICE133,0,Sylhet,0,1034,103,2,-784.87,0,0,0,0
TXN104445,USER002,USER264,972.06,2026-09-21T09:16:18.128862,19,DEVICE140,0,Sylhet,0,568,452,1,104.53,0,0,0,0
TXN100349,USER001,USER162,2414.19,2026-09-11T21:34:38.128862,7,DEVICE039,0,Sylhet,0,235,660,1,-112.26,0,0,1,0
TXN103416,USER145,USER544,2150.49,2026-09-23T07:56:35.128862,18,DEVICE254,1,Sylhet,0,295,494,3,208.02,0,0,0,0
TXN102137,USER124,USER569,2619.97,2026-09-10T14:21:15.128862,0,DEVICE108,0,Chattogram,0,796,392,2,388.02,0,0,0,0
TXN102691,USER042,USER089,914.69,2026-09-25T04:41:33.128862,14,DEVICE028,0,Dhaka,0,461,518,2,-9.04,0,0,0,0
TXN102636,USER112,USER158,2018.21,2026-09-13T22:35:10.128862,8,DEVICE077,0,Sylhet,0,939,338,3,507.06,1,0,0,0
TXN104016,USER127,USER448,704.89,2026-09-17T08:46:49.128862,19,DEVICE174,0,Sylhet,0,1022,570,2,-147.7,0,0,0,0
TXN101681,USER090,USER331,1027.89,2026-09-10T02:32:57.128862,12,DEVICE012,0,Sylhet,0,280,669,1,100.68,0,0,0,0
TXN200632,USER100,USER070,26563.4,2026-09-29T15:13:21.128862,1,DEVICE_ROGUE_989,1,Unknown,1,940,7,11,23439.29,1,1,2,1
TXN101692,USER245,USER052,1348.76,2026-09-22T00:07:27.128862,10,DEVICE139,0,Sylhet,0,694,869,2,-2.74,1,0,0,0
TXN104424,USER072,USER506,3492.37,2026-09-20T09:19:48.128862,19,DEVICE046,0,Sylhet,0,1151,385,2,146.51,0,0,0,0
TXN104776,USER289,USER019,1603.45,2026-09-16T03:01:32.128862,13,DEVICE112,0,Chattogram,0,328,347,3,-340.2,0,0,0,0
TXN103635,USER074,USER125,1328.65,2026-09-27T15:57:36.128862,2,DEVICE068,0,Dhaka,0,1110,973,1,-320.98,0,0,0,0
TXN100372,USER041,USER216,2843.12,2026-09-06T21:51:17.128862,8,DEVICE180,0,Dhaka,0,659,115,1,140.78,1,0,0,0
TXN104604,USER239,USER299,2362.68,2026-09-14T11:56:33.128862,22,DEVICE183,0,Dhaka,0,722,611,1,-42.52,0,0,0,0
TXN100140,USER079,USER399,2064.86,2026-09-06T23:50:13.128862,10,DEVICE089,0,Dhaka,0,358,839,1,549.68,0,0,0,0
TXN200790,USER288,USER101,36354.68,2026-09-11T03:21:56.128862,13,DEVICE311,1,Chattogram,0,8,17,9,35305.47,1,1,0,1
TXN100714,USER294,USER130,1433.83,2026-09-12T06:07:39.128862,16,DEVICE172,0,Dhaka,0,1098,250,2,-73.45,0,0,0,0
TXN103188,USER081,USER446,2538.56,2026-09-13T23:58:58.128862,10,DEVICE081,0,Chattogram,0,987,262,3,222.87,0,0,0,0
TXN200599,USER077,USER228,34019.37,2026-09-07T07:00:53.128862,17,DEVICE153,0,Sylhet,0,7,8,17,30750.09,1,1,0,1
TXN104189,USER109,USER426,1327.33,2026-09-25T03:05:07.128862,13,DEVICE170,0,Sylhet,0,369,552,1,-697.72,0,0,0,0
TXN100406,USER049,USER039,2433.99,2026-09-08T02:53:29.128862,13,DEVICE090,0,Dhaka,0,772,298,1,-82.36,0,0,0,0
TXN100020,USER140,USER221,1313.53,2026-09-07T08:07:40.128862,18,DEVICE149,0,Chattogram,0,1104,667,2,166.87,0,0,0,0
TXN101004,USER119,USER053,1950.83,2026-09-14T04:46:27.128862,15,DEVICE179,0,Chattogram,0,1092,908,4,-493.39,0,1,0,0
TXN102411,USER198,USER282,771.82,2026-09-07T04:53:20.128862,15,DEVICE179,0,Dhaka,0,565,261,1,-164.77,0,0,0,0
TXN102545,USER038,USER091,1925.02,2026-09-14T19:28:48.128862,5,DEVICE064,0,Dhaka,0,1053,819,1,-544.98,0,0,0,0
TXN102390,USER010,USER335,693.42,2026-09-08T09:55:31.128862,20,DEVICE011,0,Sylhet,0,381,867,1,-187.03,1,0,0,0
TXN200018,USER207,USER161,43513.86,2026-09-26T16:18:59.128862,2,DEVICE_ROGUE_948,1,Unknown,1,241,14,6,41631.05,1,1,2,1
TXN100042,USER237,USER289,3285.75,2026-09-20T08:18:39.128862,18,DEVICE113,0,Chattogram,0,288,880,1,81.97,0,0,0,0
TXN102830,USER160,USER147,1356.59,2026-09-04T04:05:28.128862,14,DEVICE086,0,Chattogram,0,762,369,1,-38.0,0,0,0,0
TXN103371,USER168,USER508,2457.4,2026-09-05T04:44:29.128862,14,DEVICE038,0,Dhaka,0,570,454,1,-148.84,0,0,0,0
TXN103022,USER020,USER443,100.0,2026-10-03T06:14:14.128862,16,DEVICE091,0,Barishal,1,914,754,1,-717.55,1,0,1,0
TXN103364,USER155,USER280,1315.72,2026-09-09T05:04:37.128862,15,DEVICE073,0,Dhaka,0,1051,373,2,189.01,0,0,0,0
TXN100011,USER111,USER441,2934.01,2026-09-11T03:11:34.128862,13,DEVICE185,0,Chattogram,0,655,807,1,-230.79,1,0,0,0
TXN101177,USER162,USER461,2978.17,2026-09-22T00:11:01.128862,10,DEVICE193,0,Dhaka,0,868,473,1,474.19,1,0,0,0
TXN101947,USER091,USER570,827.39,2026-09-10T13:42:08.128862,23,DEVICE182,0,Chattogram,0,550,749,1,-268.66,0,0,0,0
TXN102501,USER069,USER025,666.92,2026-09-15T05:43:39.128862,15,DEVICE008,0,Sylhet,0,936,113,1,-984.8,1,0,0,0
TXN102863,USER128,USER021,3898.54,2026-09-09T08:13:02.128862,18,DEVICE192,0,Sylhet,0,749,536,2,589.97,0,0,0,0
TXN103865,USER037,USER483,3150.04,2026-09-11T21:39:58.128862,7,DEVICE103,1,Sylhet,0,448,425,2,110.65,0,0,0,0
TXN101026,USER129,USER013,2232.0,2026-09-21T21:27:33.128862,7,DEVICE045,0,Sylhet,0,476,514,2,-940.55,0,0,0,0
TXN103848,USER055,USER389,2436.64,2026-09-08T10:42:32.128862,20,DEVICE050,0,Chattogram,0,1104,486,1,-113.06,0,0,0,0
TXN102989,USER187,USER186,2973.77,2026-09-26T19:35:35.128862,5,DEVICE038,0,Dhaka,0,590,515,1,-152.75,0,0,0,0
TXN100961,USER295,USER273,3870.16,2026-09-20T22:51:30.128862,9,DEVICE174,0,Dhaka,0,327,793,1,1068.84,0,0,0,0
TXN102889,USER149,USER459,1175.27,2026-09-09T22:14:26.128862,8,DEVICE131,0,Dhaka,0,1025,537,1,-167.84,0,0,0,0
TXN103015,USER245,USER015,1204.0,2026-09-14T08:46:41.128862,19,DEVICE139,0,Sylhet,0,694,217,1,-147.5,1,0,0,0
TXN103338,USER169,USER311,1153.92,2026-09-20T00:14:37.128862,10,DEVICE007,0,Chattogram,0,678,75,1,-224.52,0,0,0,0
TXN104230,USER247,USER416,1213.1,2026-09-10T05:37:09.128862,15,DEVICE036,0,Dhaka,0,940,834,1,-231.35,0,0,0,0
TXN100735,USER178,USER414,1975.2,2026-09-30T11:23:01.128862,21,DEVICE162,0,Sylhet,0,149,584,1,11.36,0,0,0,0
TXN101440,USER224,USER416,3028.94,2026-09-08T09:11:43.128862,19,DEVICE116,0,Dhaka,0,134,439,1,209.41,1,0,0,0
TXN102875,USER175,USER403,2741.95,2026-09-06T00:22:52.128862,10,DEVICE019,0,Sylhet,0,998,936,1,-238.29,1,0,0,0
TXN103986,USER109,USER132,1583.97,2026-09-22T01:57:43.128862,12,DEVICE170,0,Sylhet,0,369,220,2,-441.08,1,0,0,0
TXN100916,USER234,USER424,1911.47,2026-09-15T02:38:47.128862,12,DEVICE161,0,Chattogram,0,479,403,1,-711.6,1,0,0,0
TXN200202,USER009,USER445,33776.24,2026-09-20T00:52:56.128862,11,DEVICE193,1,Dhaka,0,19,25,16,31837.05,1,1,0,1
TXN104089,USER173,USER558,1922.13,2026-09-18T23:08:15.128862,9,DEVICE380,1,Chattogram,0,291,535,1,-154.08,0,0,0,0
TXN200741,USER156,USER225,17555.52,2026-09-10T20:57:57.128862,7,DEVICE012,1,Sylhet,0,632,159,15,16148.84,1,1,2,1
TXN104685,USER126,USER376,1805.32,2026-09-06T02:30:38.128862,12,DEVICE098,0,Chattogram,0,862,620,1,130.1,0,0,0,0
TXN102772,USER199,USER104,2158.88,2026-09-17T17:07:52.128862,3,DEVICE133,0,Sylhet,0,1034,100,1,-1339.18,0,0,0,0
TXN101624,USER060,USER334,1793.45,2026-09-06T08:58:13.128862,19,DEVICE198,0,Sylhet,0,270,594,1,-31.08,0,0,0,0
TXN200869,USER199,USER596,37258.14,2026-09-06T16:16:20.128862,2,DEVICE133,0,Sylhet,0,1034,240,5,33760.08,1,0,0,1
TXN100821,USER069,USER566,1573.51,2026-09-14T23:02:21.128862,9,DEVICE008,0,Sylhet,0,936,623,2,-78.21,0,0,0,0
TXN101367,USER208,USER311,1353.92,2026-09-21T09:25:19.128862,19,DEVICE171,0,Dhaka,0,994,76,3,395.6,1,0,0,0
TXN103712,USER241,USER448,2146.63,2026-09-27T23:42:44.128862,9,DEVICE061,0,Chattogram,0,158,234,1,214.72,0,0,1,0
TXN201198,USER275,USER025,20686.8,2026-09-18T15:59:44.128862,2,DEVICE130,1,Dhaka,0,844,70,18,19524.21,1,1,1,1
TXN100850,USER219,USER053,1054.76,2026-09-12T00:08:30.128862,10,DEVICE141,0,Dhaka,0,575,312,1,-163.19,0,0,0,0
TXN101000,USER225,USER293,1079.15,2026-09-26T22:55:40.128862,9,DEVICE067,0,Sylhet,0,900,256,4,124.8,1,1,1,0
TXN104652,USER165,USER458,2845.49,2026-09-08T00:28:11.128862,10,DEVICE080,0,Dhaka,0,1198,898,1,-275.53,0,0,0,0
TXN104114,USER271,USER150,3971.0,2026-09-29T20:48:54.128862,7,DEVICE148,0,Dhaka,0,631,360,1,964.82,1,0,0,0
TXN101637,USER282,USER148,1449.79,2026-09-08T23:05:54.128862,9,DEVICE189,0,Dhaka,0,141,868,1,100.08,0,0,0,0
TXN101667,USER212,USER568,1997.25,2026-09-17T23:10:30.128862,9,DEVICE082,0,Dhaka,0,602,225,1,-919.74,0,0,0,0
TXN103173,USER163,USER453,1175.48,2026-09-18T22:10:36.128862,8,DEVICE061,0,Dhaka,0,738,672,1,-242.66,0,0,0,0
TXN104560,USER023,USER475,1193.85,2026-09-23T05:50:45.128862,16,DEVICE105,0,Chattogram,0,1195,443,3,-524.83,0,0,0,0
TXN101347,USER153,USER220,1908.39,2026-09-30T10:04:36.128862,20,DEVICE169,0,Chattogram,0,406,295,1,-74.48,0,0,0,0
TXN200920,USER296,USER191,10355.97,2026-09-17T02:06:28.128862,12,DEVICE252,1,Chattogram,0,289,126,12,8066.43,1,1,1,1
TXN103230,USER118,USER227,2295.19,2026-09-08T23:05:35.128862,9,DEVICE104,0,Sylhet,0,701,847,1,-229.97,0,0,0,0
TXN104210,USER147,USER163,1902.43,2026-09-13T04:09:28.128862,14,DEVICE173,0,Sylhet,0,294,373,1,-353.67,0,0,0,0
TXN104606,USER083,USER256,2695.49,2026-09-27T06:38:14.128862,16,DEVICE156,0,Sylhet,0,338,77,1,317.11,0,0,0,0
TXN103232,USER259,USER108,912.47,2026-10-02T09:22:58.128862,19,DEVICE139,0,Sylhet,0,694,841,2,-603.57,0,0,0,0
TXN200101,USER121,USER249,41014.69,2026-10-01T13:03:20.128862,23,DEVICE_ROGUE_913,1,Coxs Bazar,1,1004,7,12,38155.91,1,1,3,1
TXN100703,USER290,USER180,1053.6,2026-09-07T20:32:17.128862,6,DEVICE125,0,Sylhet,0,376,936,1,-493.44,0,0,0,0
TXN104781,USER300,USER461,2945.15,2026-09-15T11:58:09.128862,22,DEVICE033,0,Dhaka,1,885,240,1,-239.24,0,0,0,0
TXN103291,USER160,USER585,1306.08,2026-09-14T11:42:43.128862,21,DEVICE086,0,Chattogram,0,762,87,1,-88.51,0,0,0,0
TXN103673,USER281,USER192,2813.12,2026-09-07T05:39:57.128862,15,DEVICE192,0,Dhaka,0,1055,71,1,75.57,0,0,0,0
TXN102408,USER280,USER080,1689.0,2026-09-15T02:40:27.128862,12,DEVICE138,0,Dhaka,0,568,163,2,-744.04,0,0,0,0
TXN101327,USER244,USER288,2978.69,2026-09-22T05:35:34.128862,15,DEVICE082,0,Sylhet,0,274,389,4,-345.02,0,1,0,0
TXN200786,USER299,USER067,11673.23,2026-09-09T14:08:00.128862,0,DEVICE293,1,Sylhet,0,367,14,18,10670.07,1,1,2,1
TXN200896,USER176,USER209,26742.24,2026-09-13T17:03:34.128862,3,DEVICE_ROGUE_949,1,Sylhet,1,430,4,9,25428.13,1,1,3,1
TXN200208,USER013,USER196,21040.78,2026-09-22T18:06:28.128862,4,DEVICE267,1,Chattogram,0,429,106,17,20169.13,1,1,1,1
TXN100986,USER004,USER497,1620.81,2026-09-10T05:52:17.128862,16,DEVICE310,1,Chattogram,0,495,592,1,218.14,1,0,0,0
TXN200640,USER265,USER428,37599.51,2026-09-10T13:02:22.128862,23,DEVICE_ROGUE_994,1,Sylhet,1,552,13,5,34548.4,1,1,3,1
TXN200356,USER089,USER392,45829.9,2026-09-26T11:26:19.128862,21,DEVICE228,1,Chattogram,0,18,28,9,44784.44,1,1,0,1
TXN200507,USER175,USER536,19245.97,2026-09-25T17:28:56.128862,3,DEVICE111,1,Sylhet,0,998,172,19,16265.73,1,1,2,1
TXN104049,USER232,USER405,1581.41,2026-09-30T21:56:03.128862,8,DEVICE134,0,Chattogram,0,811,423,1,279.68,0,0,0,0
TXN103485,USER144,USER193,2609.2,2026-09-25T06:16:29.128862,16,DEVICE120,0,Chattogram,0,769,372,1,-546.37,1,0,0,0
TXN102474,USER126,USER455,1151.58,2026-09-26T15:52:52.128862,2,DEVICE098,0,Chattogram,0,862,260,1,-523.64,0,0,0,0
TXN103873,USER081,USER528,2575.29,2026-09-22T22:59:13.128862,9,DEVICE081,0,Chattogram,0,987,426,1,259.6,0,0,0,0
TXN101198,USER163,USER426,958.13,2026-09-05T23:36:45.128862,9,DEVICE061,0,Dhaka,0,738,174,1,-460.01,0,0,1,0
TXN104181,USER154,USER543,2142.05,2026-09-22T10:04:14.128862,20,DEVICE022,0,Sylhet,0,243,376,1,-55.4,0,0,0,0
TXN101518,USER269,USER551,2094.15,2026-09-11T21:06:48.128862,7,DEVICE006,0,Sylhet,0,898,497,1,-471.59,0,0,0,0
TXN101799,USER006,USER075,2955.45,2026-09-16T03:05:29.128862,13,DEVICE142,0,Sylhet,0,325,352,1,328.36,1,0,0,0
TXN101014,USER145,USER045,1449.6,2026-09-23T00:27:09.128862,10,DEVICE114,0,Sylhet,0,295,680,1,-492.87,0,0,0,0
TXN100128,USER025,USER007,4361.2,2026-09-30T02:25:27.128862,12,DEVICE192,0,Chattogram,0,986,283,3,976.72,0,0,0,0
TXN101364,USER085,USER233,2111.71,2026-09-29T07:06:44.128862,17,DEVICE030,0,Sylhet,0,580,876,1,233.33,0,0,0,0
TXN200707,USER192,USER426,38163.35,2026-09-08T18:10:04.128862,4,DEVICE198,0,Dhaka,0,448,51,3,36611.28,1,0,1,1
TXN100891,USER139,USER112,2514.7,2026-09-14T21:24:02.128862,7,DEVICE111,0,Khulna,1,401,226,2,-353.05,0,0,0,0
TXN102793,USER216,USER495,2419.55,2026-09-21T02:01:02.128862,12,DEVICE185,0,Sylhet,0,877,678,1,-1068.09,0,0,0,0
TXN200233,USER117,USER340,17698.17,2026-09-17T10:22:35.128862,20,DEVICE309,1,Sylhet,0,669,184,17,16092.37,1,1,1,1
TXN200915,USER136,USER175,17454.2,2026-09-13T03:52:02.128862,14,DEVICE268,1,Chattogram,0,1058,82,18,15342.03,1,1,1,1
TXN200341,USER165,USER515,20459.45,2026-09-11T03:30:05.128862,13,DEVICE177,1,Dhaka,0,1198,129,15,17338.43,1,1,1,1
TXN103249,USER264,USER279,1298.94,2026-09-17T00:46:34.128862,11,DEVICE108,0,Chattogram,0,378,295,1,73.02,0,0,0,0
TXN101208,USER113,USER528,1658.37,2026-09-07T21:59:55.128862,8,DEVICE130,0,Sylhet,0,786,473,2,-493.21,0,0,0,0
TXN103868,USER241,USER270,1148.05,2026-09-03T21:20:19.128862,7,DEVICE061,0,Chattogram,0,158,589,1,-783.86,0,0,0,0
TXN104065,USER150,USER395,2282.84,2026-09-18T04:25:58.128862,14,DEVICE122,0,Dhaka,0,121,762,3,641.21,1,0,0,0
TXN200329,USER291,USER391,21141.16,2026-09-07T08:12:41.128862,18,DEVICE169,1,Sylhet,0,182,139,18,20331.59,1,1,2,1
TXN101239,USER152,USER574,2986.69,2026-09-16T04:24:57.128862,14,DEVICE044,0,Chattogram,0,929,788,2,432.02,0,0,0,0
TXN102289,USER108,USER580,1432.46,2026-09-16T13:03:29.128862,23,DEVICE288,1,Sylhet,0,1130,389,1,-541.41,0,0,0,0
TXN102740,USER150,USER540,905.3,2026-10-02T01:44:23.128862,11,DEVICE122,0,Dhaka,0,121,183,1,-736.33,0,0,0,0
TXN100275,USER060,USER098,2076.25,2026-10-02T08:47:13.128862,19,DEVICE198,0,Sylhet,0,270,234,1,251.72,0,0,0,0
TXN101035,USER041,USER080,3800.82,2026-09-11T11:21:45.128862,21,DEVICE180,0,Dhaka,0,659,811,1,1098.48,0,0,0,0
TXN101229,USER249,USER600,2663.98,2026-09-22T03:12:55.128862,13,DEVICE060,0,Dhaka,0,501,906,1,50.42,0,0,0,0
TXN101008,USER032,USER242,2412.61,2026-09-29T03:22:10.128862,13,DEVICE046,0,Dhaka,0,277,886,4,-357.67,1,1,0,0
TXN103828,USER194,USER594,3392.25,2026-09-27T11:01:43.128862,21,DEVICE200,0,Sylhet,0,873,973,3,99.43,0,0,0,0
TXN102532,USER293,USER413,4058.3,2026-09-06T03:37:29.128862,13,DEVICE087,0,Chattogram,0,713,787,2,1538.09,0,0,0,0
TXN101058,USER252,USER572,1756.62,2026-09-26T05:56:15.128862,16,DEVICE040,0,Dhaka,0,839,449,1,-1073.41,0,0,0,0
TXN200717,USER008,USER095,15992.78,2026-09-30T07:08:10.128862,17,DEVICE093,1,Dhaka,0,395,77,20,14958.05,1,1,2,1
TXN100281,USER128,USER494,3789.15,2026-09-25T01:26:37.128862,11,DEVICE192,0,Sylhet,0,749,973,1,480.58,0,0,0,0
TXN101043,USER217,USER363,2692.45,2026-09-25T21:20:28.128862,7,DEVICE130,0,Dhaka,0,1079,978,1,391.88,0,0,0,0
TXN101316,USER031,USER441,3032.32,2026-09-27T20:42:58.128862,6,DEVICE007,0,Sylhet,0,142,750,1,53.07,1,0,0,0
TXN100968,USER235,USER014,1109.38,2026-09-13T09:30:34.128862,19,DEVICE062,0,Dhaka,0,603,937,3,-325.67,0,0,0,0
TXN102381,USER120,USER068,940.41,2026-09-14T23:02:37.128862,9,DEVICE076,0,Chattogram,0,394,442,1,-272.26,0,0,0,0
TXN104787,USER268,USER419,4187.36,2026-09-03T19:10:10.128862,5,DEVICE179,0,Chattogram,0,274,966,2,721.83,0,0,0,0
TXN101939,USER092,USER077,2982.55,2026-09-03T23:04:57.128862,9,DEVICE112,0,Dhaka,0,322,686,1,488.45,0,0,0,0
TXN200401,USER013,USER193,24347.27,2026-09-30T22:25:45.128862,8,DEVICE011,0,Chattogram,0,14,23,12,23475.62,1,1,0,1
TXN101274,USER037,USER118,1795.06,2026-10-01T21:35:44.128862,7,DEVICE189,0,Sylhet,0,448,231,2,-1244.33,0,0,0,0
TXN100619,USER015,USER298,2683.16,2026-09-11T12:24:41.128862,22,DEVICE054,0,Dhaka,0,681,760,1,128.47,0,0,0,0
TXN104354,USER197,USER181,2309.04,2026-09-25T05:57:48.128862,16,DEVICE046,0,Dhaka,0,383,793,1,23.16,0,0,0,0
TXN101742,USER286,USER232,2137.24,2026-09-09T05:18:28.128862,15,DEVICE125,0,Dhaka,0,1040,214,4,-1107.17,0,1,0,0
TXN101390,USER168,USER316,2025.56,2026-09-19T09:17:44.128862,19,DEVICE038,0,Dhaka,0,570,764,1,-580.68,0,0,0,0
TXN200080,USER055,USER250,10475.36,2026-09-10T22:51:31.128862,9,DEVICE321,1,Chattogram,0,1104,95,15,7925.66,1,1,1,1
TXN101579,USER177,USER020,1222.46,2026-09-06T05:33:08.128862,15,DEVICE107,0,Chattogram,0,703,545,1,160.75,0,0,0,0
TXN101655,USER269,USER144,1999.37,2026-10-01T09:45:49.128862,20,DEVICE006,0,Sylhet,0,898,213,1,-566.37,0,0,0,0
TXN103568,USER038,USER159,2429.78,2026-09-04T08:46:48.128862,19,DEVICE064,0,Dhaka,0,1053,578,1,-40.22,0,0,0,0
TXN102352,USER066,USER096,1462.58,2026-09-23T04:23:56.128862,14,DEVICE174,0,Dhaka,0,1143,340,1,-1432.62,0,0,0,0
TXN102212,USER024,USER118,932.51,2026-10-03T03:23:22.128862,13,DEVICE159,0,Chattogram,0,1101,516,2,-287.28,0,0,0,0
TXN201163,USER110,USER326,21544.14,2026-09-18T10:04:55.128862,20,DEVICE032,0,Sylhet,0,5,18,8,18168.84,1,1,0,1
TXN103178,USER189,USER126,1844.59,2026-09-25T21:20:25.128862,7,DEVICE177,0,Sylhet,0,933,667,2,531.03,0,0,0,0
TXN103192,USER177,USER372,613.86,2026-09-25T08:28:59.128862,18,DEVICE170,1,Rangpur,1,703,504,1,-447.85,0,0,0,0
TXN101307,USER044,USER327,1568.59,2026-10-02T08:52:14.128862,19,DEVICE010,0,Dhaka,0,1097,169,2,-12.76,0,0,0,0
TXN100575,USER286,USER042,3315.24,2026-09-18T20:52:37.128862,7,DEVICE125,0,Dhaka,0,1040,379,1,70.83,0,0,0,0
TXN102360,USER225,USER240,1360.32,2026-09-15T21:21:02.128862,7,DEVICE067,0,Sylhet,0,900,199,2,405.97,0,0,0,0
TXN101280,USER100,USER344,2334.8,2026-09-18T05:47:08.128862,16,DEVICE172,0,Chattogram,0,940,676,1,-789.31,0,0,0,0
TXN200077,USER283,USER320,20209.11,2026-09-11T01:25:33.128862,11,DEVICE086,1,Dhaka,0,761,169,14,17696.67,1,1,2,1
TXN200161,USER106,USER241,30640.52,2026-09-09T22:05:54.128862,8,DEVICE107,1,Chattogram,0,28,15,7,28109.92,1,1,0,1
TXN101993,USER159,USER230,1818.76,2026-09-15T22:53:50.128862,9,DEVICE159,0,Sylhet,0,254,445,1,397.45,0,0,0,0
TXN102639,USER278,USER405,1276.9,2026-09-22T23:01:35.128862,9,DEVICE100,0,Chattogram,0,850,800,1,-1016.8,0,0,0,0
TXN100269,USER195,USER127,2547.13,2026-09-19T04:29:22.128862,14,DEVICE109,0,Sylhet,0,583,69,1,550.68,0,0,0,0
TXN100629,USER299,USER005,1082.65,2026-09-22T03:56:39.128862,14,DEVICE120,0,Sylhet,0,367,570,2,79.49,0,0,0,0
TXN104444,USER218,USER551,2855.93,2026-10-01T10:25:48.128862,20,DEVICE110,0,Chattogram,0,308,863,1,116.23,0,0,1,0
TXN103081,USER070,USER438,1082.16,2026-09-26T11:28:02.128862,21,DEVICE030,0,Chattogram,0,201,601,1,-440.74,0,0,0,0
TXN103466,USER181,USER468,2843.09,2026-09-11T07:50:46.128862,18,DEVICE184,0,Chattogram,0,204,300,4,74.59,1,1,0,0
TXN200433,USER273,USER444,37443.63,2026-09-17T15:51:56.128862,2,DEVICE123,0,Sylhet,0,343,256,4,34852.48,1,0,1,1
TXN104023,USER282,USER003,1604.82,2026-09-27T01:10:34.128862,11,DEVICE189,0,Dhaka,0,141,507,3,255.11,0,0,0,0
TXN102046,USER094,USER431,1636.97,2026-09-15T06:05:19.128862,16,DEVICE134,0,Sylhet,0,330,478,4,-302.86,1,1,0,0
TXN104710,USER280,USER586,2439.42,2026-09-18T03:40:42.128862,13,DEVICE138,0,Dhaka,0,568,246,2,6.38,0,0,0,0
TXN102113,USER165,USER114,4222.76,2026-09-27T21:50:10.128862,8,DEVICE080,0,Dhaka,0,1198,886,1,1101.74,1,0,0,0
TXN100027,USER076,USER242,1438.34,2026-09-11T20:57:24.128862,7,DEVICE028,0,Sylhet,0,195,731,1,-429.87,1,0,0,0
TXN102040,USER048,USER112,1987.1,2026-09-29T23:09:49.128862,9,DEVICE261,1,Sylhet,0,926,137,1,436.57,0,0,0,0
TXN103928,USER059,USER153,1402.92,2026-09-27T07:31:35.128862,17,DEVICE018,0,Sylhet,0,1021,466,1,161.73,0,0,0,0
TXN200621,USER024,USER357,25315.59,2026-09-19T16:55:19.128862,3,DEVICE_ROGUE_960,1,Sylhet,1,1101,1,5,24095.8,1,1,2,1
TXN103216,USER180,USER565,2278.55,2026-09-26T08:17:58.128862,18,DEVICE050,0,Chattogram,0,754,636,1,217.58,0,0,0,0
TXN103814,USER287,USER566,2474.7,2026-09-28T04:48:08.128862,15,DEVICE057,0,Dhaka,0,708,603,1,-609.78,0,0,0,0
TXN100129,USER248,USER500,1645.61,2026-09-20T16:20:39.128862,2,DEVICE272,1,Dhaka,0,449,608,1,-223.01,0,0,1,0
TXN104447,USER299,USER449,983.25,2026-09-14T10:58:17.128862,21,DEVICE120,0,Sylhet,0,367,437,1,-19.91,0,0,0,0
TXN201088,USER099,USER236,16366.57,2026-09-19T17:41:44.128862,3,DEVICE113,1,Dhaka,0,649,132,8,12944.66,1,1,2,1
TXN100013,USER191,USER134,1936.4,2026-09-22T05:20:48.128862,15,DEVICE193,0,Chattogram,0,438,422,1,-2.68,0,0,0,0
TXN200342,USER231,USER114,11357.85,2026-09-23T19:38:24.128862,5,DEVICE239,1,Chattogram,0,561,138,19,10341.55,1,1,1,1
TXN101525,USER022,USER322,3441.99,2026-09-05T01:17:40.128862,11,DEVICE144,0,Dhaka,1,1114,62,1,757.01,0,0,0,0
TXN102365,USER002,USER345,924.02,2026-09-08T16:42:23.128862,2,DEVICE140,0,Sylhet,0,568,474,1,56.49,0,0,0,0
TXN103052,USER267,USER306,3080.99,2026-09-16T06:18:45.128862,16,DEVICE150,0,Chattogram,0,839,686,1,629.46,1,0,0,0
TXN104005,USER186,USER464,1373.85,2026-09-06T21:36:53.128862,7,DEVICE063,0,Chattogram,0,388,328,3,-342.27,0,0,0,0
TXN102340,USER133,USER073,2852.0,2026-09-18T06:11:44.128862,16,DEVICE104,0,Chattogram,0,931,597,2,-318.63,1,0,0,0
TXN100374,USER065,USER135,2938.05,2026-09-09T03:46:15.128862,14,DEVICE103,0,Sylhet,0,917,393,1,-137.65,0,0,0,0
TXN104372,USER096,USER240,1605.34,2026-09-27T15:47:49.128862,2,DEVICE176,0,Barishal,1,1110,323,1,-225.03,0,0,0,0
TXN200352,USER208,USER346,39421.39,2026-09-14T14:46:36.128862,1,DEVICE_ROGUE_948,1,Sylhet,1,994,15,12,38463.07,1,1,4,1
TXN100939,USER262,USER260,2850.2,2026-09-13T05:24:05.128862,15,DEVICE016,0,Chattogram,0,1049,603,2,-323.83,0,0,1,0
TXN200944,USER203,USER123,36216.24,2026-09-09T17:55:12.128862,4,DEVICE064,0,Sylhet,0,109,392,2,33124.76,1,0,1,1
TXN102147,USER059,USER232,1447.86,2026-09-13T13:07:03.128862,23,DEVICE018,0,Sylhet,0,1021,291,1,206.67,0,0,0,0
TXN103591,USER084,USER090,4503.62,2026-09-04T23:57:18.128862,10,DEVICE131,0,Dhaka,0,149,640,5,1279.5,0,1,0,0
TXN200643,USER291,USER017,47292.71,2026-09-29T15:07:41.128862,1,DEVICE_ROGUE_943,1,Unknown,1,182,6,5,46483.14,1,1,2,1
TXN200241,USER192,USER319,33364.86,2026-09-14T15:38:41.128862,1,DEVICE_ROGUE_977,1,Chattogram,1,448,10,8,31812.79,1,1,3,1
TXN103623,USER260,USER457,3685.1,2026-09-14T10:27:43.128862,20,DEVICE120,0,Dhaka,0,783,283,1,365.3,1,0,0,0
TXN100529,USER243,USER474,3100.18,2026-09-27T00:13:00.128862,10,DEVICE086,0,Dhaka,0,359,504,3,888.67,0,0,0,0
TXN103714,USER009,USER481,1169.15,2026-09-23T23:51:15.128862,10,DEVICE033,0,Dhaka,0,634,339,1,-770.04,0,0,0,0
TXN101269,USER114,USER328,1342.99,2026-09-09T20:16:26.128862,6,DEVICE080,0,Chattogram,0,1129,106,1,60.63,0,0,0,0
TXN104281,USER159,USER252,1910.69,2026-09-21T08:43:40.128862,18,DEVICE159,0,Sylhet,0,254,370,2,489.38,0,0,0,0
TXN101394,USER072,USER303,3176.12,2026-09-24T23:08:58.128862,9,DEVICE046,0,Sylhet,0,1151,877,1,-169.74,0,0,0,0
TXN104009,USER114,USER130,1215.38,2026-09-30T07:23:15.128862,17,DEVICE080,0,Dhaka,1,1129,391,1,-66.98,0,0,0,0
TXN101797,USER065,USER224,2461.39,2026-09-22T06:39:31.128862,16,DEVICE103,0,Sylhet,0,917,443,1,-614.31,0,0,1,0
TXN102979,USER052,USER338,1187.8,2026-09-07T07:16:39.128862,17,DEVICE058,0,Chattogram,0,419,482,1,-177.87,0,0,0,0
TXN101441,USER252,USER406,3977.07,2026-09-16T05:13:07.128862,15,DEVICE040,0,Dhaka,0,839,883,1,1147.04,1,0,0,0
TXN200496,USER233,USER281,44977.64,2026-09-12T13:12:39.128862,23,DEVICE_ROGUE_966,1,Chattogram,1,538,6,6,42571.05,1,1,3,1
TXN201049,USER071,USER238,26782.73,2026-09-10T18:18:16.128862,4,DEVICE_ROGUE_932,1,Unknown,1,474,8,10,25413.08,1,1,2,1
TXN103811,USER230,USER009,4891.6,2026-09-27T22:09:28.128862,8,DEVICE197,0,Chattogram,0,676,543,1,1497.5,1,0,0,0
TXN101273,USER098,USER500,2560.89,2026-09-03T23:25:57.128862,9,DEVICE190,0,Chattogram,0,1132,519,2,332.28,1,0,0,0
TXN101712,USER032,USER233,4304.69,2026-09-21T09:34:02.128862,19,DEVICE046,0,Dhaka,0,277,491,1,1534.41,0,0,0,0
TXN100955,USER160,USER465,1839.07,2026-10-01T06:17:19.128862,16,DEVICE086,0,Chattogram,0,762,432,1,444.48,0,0,0,0
TXN104442,USER297,USER166,2009.11,2026-10-02T02:14:43.128862,12,DEVICE186,0,Sylhet,0,570,347,3,54.36,0,0,0,0
TXN104794,USER123,USER284,3229.76,2026-09-06T07:56:51.128862,18,DEVICE050,0,Chattogram,0,1081,721,2,327.47,0,0,0,0
TXN200576,USER035,USER196,17308.3,2026-09-22T23:03:47.128862,9,DEVICE305,1,Sylhet,0,18,21,9,15486.26,1,1,0,1
TXN100403,USER221,USER332,4459.38,2026-09-22T05:19:26.128862,15,DEVICE041,0,Sylhet,0,825,822,1,1043.86,0,0,0,0
TXN102071,USER072,USER565,3264.28,2026-09-07T07:20:20.128862,17,DEVICE046,0,Sylhet,0,1151,703,1,-81.58,1,0,0,0
TXN200901,USER281,USER163,27478.93,2026-09-25T03:45:51.128862,14,DEVICE192,0,Dhaka,0,6,26,6,24741.38,1,1,0,1
TXN101977,USER200,USER311,4159.27,2026-09-25T04:35:33.128862,14,DEVICE119,0,Chattogram,0,610,507,1,1102.0,0,0,0,0
TXN100158,USER102,USER461,2575.04,2026-09-16T04:45:58.128862,15,DEVICE094,0,Sylhet,0,1057,780,1,-170.91,0,0,0,0
TXN103888,USER253,USER023,874.58,2026-09-07T03:13:01.128862,13,DEVICE181,0,Dhaka,0,1177,620,1,-121.29,0,0,0,0
TXN100902,USER067,USER452,1660.74,2026-10-01T01:24:33.128862,11,DEVICE138,0,Chattogram,0,92,578,2,242.31,0,0,0,0
TXN100352,USER060,USER526,2121.11,2026-10-02T11:20:05.128862,21,DEVICE198,0,Sylhet,0,270,513,1,296.58,0,0,0,0
TXN104130,USER258,USER207,1219.22,2026-09-06T20:54:55.128862,7,DEVICE085,0,Sylhet,0,1076,656,2,-156.3,0,0,0,0
TXN100754,USER088,USER019,2510.66,2026-09-09T05:03:20.128862,15,DEVICE049,0,Sylhet,0,118,139,1,334.94,0,0,1,0
TXN102971,USER108,USER406,1026.07,2026-09-09T01:24:59.128862,11,DEVICE081,0,Sylhet,0,1130,153,3,-947.8,0,0,1,0
TXN201170,USER129,USER246,49021.68,2026-09-29T16:38:52.128862,2,DEVICE045,0,Sylhet,0,476,139,2,45849.13,1,0,0,1
TXN102920,USER233,USER275,2496.26,2026-09-09T18:40:12.128862,4,DEVICE125,0,Chattogram,0,538,702,1,89.67,0,0,0,0
TXN100311,USER037,USER589,2121.96,2026-10-03T09:01:39.128862,19,DEVICE189,0,Sylhet,0,448,503,2,-917.43,0,0,0,0
TXN100661,USER185,USER252,1956.33,2026-09-27T22:18:39.128862,8,DEVICE103,0,Chattogram,0,972,499,1,69.25,0,0,0,0
TXN101989,USER090,USER492,738.88,2026-09-10T03:45:31.128862,14,DEVICE012,0,Sylhet,0,280,383,1,-188.33,0,0,0,0
TXN103665,USER253,USER028,750.45,2026-09-27T20:50:38.128862,7,DEVICE181,0,Dhaka,0,1177,882,1,-245.42,0,0,0,0
TXN100306,USER229,USER247,1506.78,2026-09-23T10:43:52.128862,20,DEVICE071,0,Barishal,1,1107,450,3,281.71,0,0,0,0
TXN102335,USER110,USER089,3760.97,2026-09-29T01:19:12.128862,11,DEVICE032,0,Sylhet,0,232,539,2,385.67,0,0,0,0
TXN102356,USER231,USER458,1023.74,2026-10-01T04:41:22.128862,14,DEVICE200,0,Chattogram,0,561,883,1,7.44,0,0,0,0
TXN103702,USER037,USER276,2148.23,2026-09-04T06:12:39.128862,16,DEVICE189,0,Sylhet,0,448,176,1,-891.16,0,0,0,0
TXN103804,USER180,USER301,1001.17,2026-09-24T21:19:53.128862,7,DEVICE050,0,Chattogram,0,754,239,2,-1059.8,0,0,0,0
TXN101927,USER079,USER018,1196.07,2026-10-02T02:10:35.128862,12,DEVICE089,0,Dhaka,0,358,679,1,-319.11,1,0,0,0
TXN103427,USER192,USER057,1402.83,2026-09-19T00:29:55.128862,10,DEVICE198,0,Dhaka,0,448,925,2,-149.24,0,0,0,0
TXN100749,USER094,USER583,2363.87,2026-09-25T20:47:28.128862,7,DEVICE134,0,Sylhet,0,330,963,2,424.04,0,0,0,0
TXN103638,USER280,USER480,3023.35,2026-09-10T04:27:55.128862,14,DEVICE138,0,Dhaka,0,568,528,2,590.31,0,0,1,0
TXN200443,USER178,USER472,8324.0,2026-09-12T16:33:28.128862,2,DEVICE071,1,Sylhet,0,149,51,14,6360.16,1,1,2,1
TXN101266,USER029,USER541,2672.68,2026-09-10T08:50:32.128862,19,DEVICE046,0,Dhaka,0,750,644,1,-415.55,0,0,0,0
TXN201117,USER117,USER103,8893.98,2026-09-17T16:38:16.128862,2,DEVICE005,1,Sylhet,0,669,151,14,7288.18,1,1,2,1
TXN200499,USER205,USER226,48967.41,2026-09-22T17:25:09.128862,3,DEVICE117,0,Sylhet,0,679,247,5,46856.18,1,0,1,1
TXN103595,USER232,USER586,1417.79,2026-09-10T10:26:45.128862,20,DEVICE134,0,Chattogram,0,811,732,1,116.06,0,0,0,0
TXN102134,USER013,USER074,1546.8,2026-10-02T03:42:01.128862,13,DEVICE111,1,Chattogram,0,429,142,1,675.15,0,0,0,0
TXN104109,USER065,USER463,2977.92,2026-09-10T23:39:18.128862,9,DEVICE103,0,Sylhet,0,917,908,1,-97.78,0,0,0,0
TXN100514,USER113,USER065,1426.97,2026-09-17T08:07:04.128862,18,DEVICE130,0,Sylhet,0,786,471,1,-724.61,0,0,0,0
TXN200561,USER105,USER262,21215.24,2026-09-27T01:51:23.128862,12,DEVICE171,0,Dhaka,0,29,15,8,19694.81,1,1,0,1
TXN100409,USER179,USER445,2163.56,2026-10-01T01:53:08.128862,12,DEVICE148,0,Sylhet,0,184,929,2,219.9,0,0,1,0
TXN104475,USER039,USER539,3121.66,2026-09-10T13:03:17.128862,23,DEVICE069,0,Dhaka,0,1152,553,2,-4.95,0,0,0,0
TXN201175,USER059,USER272,43223.81,2026-09-18T13:37:41.128862,23,DEVICE_ROGUE_964,1,Sylhet,1,1021,5,5,41982.62,1,1,2,1
TXN201130,USER269,USER009,29919.77,2026-09-04T05:14:31.128862,15,DEVICE222,1,Sylhet,0,15,22,14,27354.03,1,1,0,1
TXN200393,USER171,USER003,46191.57,2026-09-03T14:51:45.128862,1,DEVICE_ROGUE_959,1,Coxs Bazar,1,275,8,11,42865.68,1,1,4,1
TXN100207,USER156,USER042,1203.81,2026-09-30T23:05:22.128862,9,DEVICE132,0,Sylhet,0,632,424,3,-202.87,0,0,0,0
TXN100458,USER255,USER244,2987.46,2026-09-30T01:04:26.128862,11,DEVICE017,0,Sylhet,0,648,443,1,-508.37,0,0,0,0
TXN102054,USER167,USER236,1870.4,2026-09-12T00:17:40.128862,10,DEVICE051,0,Sylhet,0,230,100,1,427.79,0,0,0,0
TXN102430,USER041,USER039,3042.34,2026-09-19T10:04:52.128862,20,DEVICE180,0,Dhaka,0,659,448,2,340.0,1,0,0,0
TXN100250,USER106,USER276,1640.14,2026-09-20T05:47:08.128862,16,DEVICE085,0,Chattogram,0,875,69,1,-890.46,0,0,0,0
TXN200319,USER234,USER080,44193.44,2026-09-18T09:51:46.128862,20,DEVICE362,1,Chattogram,0,20,5,15,41570.37,1,1,0,1
TXN101107,USER268,USER461,3303.69,2026-09-25T09:38:23.128862,19,DEVICE300,1,Chattogram,0,274,610,3,-161.84,0,0,0,0
TXN200062,USER061,USER281,32985.5,2026-09-18T15:41:15.128862,1,DEVICE_ROGUE_970,1,Chattogram,1,734,4,11,29513.79,1,1,2,1
TXN101713,USER065,USER103,3503.79,2026-09-12T04:05:36.128862,14,DEVICE103,0,Sylhet,0,917,67,1,428.09,1,0,0,0
TXN103911,USER179,USER375,2106.52,2026-09-04T12:08:23.128862,22,DEVICE148,0,Sylhet,0,184,635,2,162.86,0,0,0,0
TXN100715,USER031,USER131,3823.69,2026-09-17T00:17:54.128862,10,DEVICE007,0,Sylhet,0,142,966,2,844.44,0,0,0,0
TXN100552,USER045,USER525,833.47,2026-09-19T02:05:51.128862,12,DEVICE121,0,Dhaka,0,276,990,1,-181.97,0,0,0,0
TXN101439,USER170,USER307,884.55,2026-09-08T20:24:43.128862,6,DEVICE012,0,Sylhet,0,555,853,1,-272.69,0,0,0,0
TXN102270,USER272,USER090,1899.67,2026-09-17T06:03:06.128862,16,DEVICE280,1,Sylhet,0,1188,71,1,291.35,0,0,0,0
TXN103144,USER189,USER057,1413.8,2026-09-14T11:38:56.128862,21,DEVICE177,0,Gazipur,1,933,258,2,100.24,0,0,0,0
TXN200943,USER300,USER278,47696.07,2026-09-27T00:04:40.128862,10,DEVICE099,1,Chattogram,0,9,10,14,44511.68,1,1,0,1
TXN101925,USER230,USER509,3176.08,2026-09-26T00:42:24.128862,10,DEVICE197,0,Chattogram,0,676,274,2,-218.02,1,0,0,0
TXN100634,USER107,USER167,1362.81,2026-09-16T01:03:54.128862,11,DEVICE160,0,Dhaka,0,480,183,1,261.62,0,0,0,0
TXN100316,USER281,USER088,2311.08,2026-09-27T00:33:10.128862,10,DEVICE192,0,Dhaka,0,1055,987,1,-426.47,0,0,0,0
TXN200836,USER132,USER547,15944.44,2026-09-23T02:41:17.128862,12,DEVICE078,0,Dhaka,0,6,21,6,14988.04,1,1,0,1
TXN100427,USER269,USER139,2127.64,2026-10-03T02:34:22.128862,12,DEVICE006,0,Sylhet,0,898,221,1,-438.1,0,0,0,0
TXN104453,USER216,USER191,2520.9,2026-09-21T12:47:11.128862,23,DEVICE185,0,Sylhet,0,877,130,2,-966.74,0,0,0,0
TXN100105,USER271,USER371,2555.09,2026-09-21T19:52:16.128862,6,DEVICE148,0,Dhaka,0,631,267,3,-451.09,0,0,0,0
TXN103041,USER246,USER479,2705.96,2026-09-27T05:48:43.128862,16,DEVICE021,0,Rajshahi,1,759,290,3,-27.76,0,0,0,0
TXN104238,USER032,USER355,2398.12,2026-09-06T09:07:05.128862,19,DEVICE046,0,Dhaka,0,277,584,1,-372.16,0,0,0,0
TXN102169,USER007,USER093,2539.68,2026-09-09T09:35:23.128862,19,DEVICE038,0,Sylhet,0,550,354,2,-669.2,0,0,0,0
TXN101709,USER298,USER406,852.67,2026-09-21T07:13:32.128862,17,DEVICE043,0,Chattogram,0,1190,379,1,26.56,0,0,0,0
TXN100089,USER143,USER572,1268.75,2026-09-13T00:34:31.128862,10,DEVICE083,0,Sylhet,0,1118,560,2,-246.9,0,0,0,0
TXN102241,USER243,USER374,2388.55,2026-10-02T22:45:41.128862,9,DEVICE086,0,Dhaka,0,359,598,1,177.04,0,0,0,0
TXN103174,USER229,USER278,1689.19,2026-09-22T03:07:13.128862,13,DEVICE071,0,Sylhet,0,1107,258,1,464.12,0,0,0,0
TXN104478,USER179,USER428,2413.5,2026-09-18T09:43:12.128862,19,DEVICE148,0,Chattogram,1,184,857,3,469.84,0,0,0,0
TXN101949,USER207,USER182,1719.61,2026-09-07T02:00:40.128862,12,DEVICE119,0,Dhaka,0,241,171,1,-163.2,1,0,0,0
TXN104044,USER282,USER557,1053.41,2026-09-17T08:16:53.128862,18,DEVICE189,0,Dhaka,0,141,368,2,-296.3,1,0,0,0
TXN102848,USER064,USER080,2450.15,2026-09-10T02:36:51.128862,12,DEVICE131,0,Dhaka,0,327,675,2,-198.31,1,0,1,0
TXN100001,USER251,USER418,1596.52,2026-09-12T10:47:57.128862,21,DEVICE178,0,Chattogram,0,1194,301,1,-57.16,0,0,0,0
TXN104337,USER011,USER412,1357.59,2026-09-16T11:27:26.128862,21,DEVICE079,0,Chattogram,0,236,321,1,-32.73,0,0,0,0
TXN100935,USER141,USER494,869.42,2026-09-05T23:07:58.128862,9,DEVICE156,0,Chattogram,0,165,823,1,-1213.84,0,0,0,0
TXN200333,USER169,USER003,24715.18,2026-09-11T02:08:24.128862,12,DEVICE007,0,Chattogram,0,9,18,9,23336.74,1,1,0,1
TXN102720,USER238,USER274,1177.06,2026-09-23T05:17:00.128862,15,DEVICE020,0,Chattogram,0,170,629,1,-287.72,0,0,0,0
TXN100591,USER106,USER345,2590.69,2026-09-29T03:33:55.128862,13,DEVICE085,0,Chattogram,0,875,432,3,60.09,0,0,0,0
TXN200108,USER079,USER025,19197.08,2026-09-05T02:14:23.128862,12,DEVICE215,1,Dhaka,0,14,23,12,17681.9,1,1,0,1
TXN102936,USER125,USER158,696.77,2026-09-25T09:36:37.128862,19,DEVICE171,0,Dhaka,0,770,327,1,-104.77,0,0,0,0
TXN102448,USER169,USER249,1399.47,2026-09-23T00:07:08.128862,10,DEVICE007,0,Chattogram,0,678,582,1,21.03,0,0,0,0
TXN101576,USER165,USER056,4025.63,2026-09-28T02:57:08.128862,13,DEVICE080,0,Dhaka,0,1198,656,1,904.61,0,0,0,0
TXN200204,USER004,USER144,15645.43,2026-09-12T00:27:17.128862,10,DEVICE123,1,Chattogram,0,495,101,14,14242.76,1,1,2,1
TXN100213,USER152,USER511,2350.9,2026-09-21T02:15:16.128862,12,DEVICE044,0,Chattogram,0,929,489,2,-203.77,1,0,0,0
TXN100778,USER076,USER268,2329.97,2026-09-25T04:54:29.128862,15,DEVICE028,0,Sylhet,0,195,738,2,461.76,0,0,1,0
TXN103496,USER143,USER314,1740.99,2026-09-28T05:00:50.128862,15,DEVICE083,0,Sylhet,0,1118,637,2,225.34,0,0,1,0
TXN104705,USER166,USER390,1214.29,2026-09-18T21:11:24.128862,7,DEVICE058,0,Chattogram,0,163,773,1,222.98,0,0,0,0
TXN102043,USER075,USER231,2979.98,2026-09-13T08:40:03.128862,18,DEVICE010,0,Sylhet,0,995,429,1,410.3,1,0,0,0
TXN200638,USER096,USER420,26930.84,2026-09-15T10:46:58.128862,21,DEVICE177,1,Dhaka,0,19,18,7,25100.47,1,1,0,1
TXN101567,USER186,USER250,2327.27,2026-09-20T09:53:55.128862,20,DEVICE063,0,Chattogram,0,388,916,1,611.15,0,0,0,0
TXN100165,USER113,USER300,2329.46,2026-09-10T18:19:31.128862,4,DEVICE130,0,Sylhet,0,786,820,2,177.88,0,0,0,0
TXN103566,USER297,USER183,1762.14,2026-10-02T12:30:10.128862,22,DEVICE186,0,Sylhet,0,570,913,1,-192.61,0,0,0,0
TXN104590,USER190,USER466,1472.64,2026-09-18T08:22:14.128862,18,DEVICE002,0,Dhaka,0,458,290,2,-538.62,0,0,0,0
TXN102013,USER221,USER093,3978.78,2026-09-13T01:13:55.128862,11,DEVICE041,0,Sylhet,0,825,941,1,563.26,0,0,0,0
TXN100273,USER294,USER506,1545.27,2026-09-05T22:34:45.128862,8,DEVICE172,0,Dhaka,0,1098,986,1,37.99,0,0,0,0
TXN103860,USER025,USER238,1744.37,2026-09-16T03:07:29.128862,13,DEVICE192,0,Chattogram,0,986,332,1,-1640.11,1,0,0,0
TXN104167,USER013,USER074,1013.1,2026-09-11T23:40:53.128862,9,DEVICE011,0,Chattogram,0,429,417,1,141.45,0,0,0,0
TXN104788,USER082,USER318,1134.82,2026-09-14T22:39:39.128862,8,DEVICE112,0,Sylhet,0,1082,650,2,-374.58,0,0,0,0
TXN103788,USER189,USER355,1685.61,2026-09-27T07:13:45.128862,17,DEVICE177,0,Sylhet,0,933,637,2,372.05,0,0,0,0
TXN100394,USER195,USER190,1983.7,2026-09-23T10:39:36.128862,20,DEVICE109,0,Sylhet,0,583,798,1,-12.75,1,0,0,0
TXN100583,USER104,USER301,2639.66,2026-09-19T06:17:29.128862,16,DEVICE018,0,Sylhet,0,1025,613,2,389.84,0,0,0,0
TXN201180,USER176,USER040,29626.04,2026-09-24T13:16:58.128862,23,DEVICE_ROGUE_960,1,Coxs Bazar,1,430,1,12,28311.93,1,1,3,1
TXN200764,USER244,USER241,33675.76,2026-10-03T02:27:59.128862,12,DEVICE082,0,Sylhet,0,14,27,7,30352.05,1,1,0,1
TXN200940,USER104,USER005,19924.76,2026-09-22T23:46:26.128862,10,DEVICE264,1,Sylhet,0,22,8,12,17674.94,1,1,0,1
TXN100520,USER272,USER098,1721.38,2026-10-01T06:33:47.128862,16,DEVICE098,0,Sylhet,0,1188,701,2,113.06,0,0,0,0
TXN101763,USER188,USER273,754.31,2026-09-07T10:37:48.128862,20,DEVICE168,0,Dhaka,0,1177,557,2,-717.06,0,0,0,0
TXN101875,USER219,USER503,1133.59,2026-09-11T09:51:04.128862,20,DEVICE141,0,Dhaka,0,575,195,1,-84.36,0,0,0,0
TXN103965,USER136,USER362,2880.11,2026-09-19T04:42:24.128862,14,DEVICE078,0,Chattogram,0,1058,555,1,767.94,0,0,0,0
TXN103344,USER241,USER040,2141.26,2026-09-04T16:30:31.128862,2,DEVICE061,0,Chattogram,0,158,674,2,209.35,0,0,0,0
TXN102253,USER252,USER485,2315.86,2026-09-12T13:45:50.128862,0,DEVICE040,0,Dhaka,0,839,72,1,-514.17,0,0,0,0
TXN103224,USER188,USER018,1276.12,2026-10-03T03:29:19.128862,13,DEVICE168,0,Dhaka,0,1177,665,1,-195.25,0,0,0,0
TXN100526,USER092,USER397,2356.15,2026-09-18T01:31:25.128862,11,DEVICE112,0,Dhaka,0,322,267,2,-137.95,0,0,1,0
TXN102946,USER272,USER311,2122.12,2026-09-16T06:38:49.128862,16,DEVICE098,0,Sylhet,0,1188,763,3,513.8,0,0,0,0
TXN103899,USER230,USER590,3636.56,2026-09-27T13:29:42.128862,23,DEVICE197,0,Chattogram,0,676,819,1,242.46,0,0,1,0
TXN100692,USER217,USER569,2246.84,2026-09-04T03:37:42.128862,13,DEVICE130,0,Dhaka,0,1079,728,4,-53.73,0,1,1,0
TXN200874,USER083,USER453,45960.89,2026-09-29T13:15:40.128862,23,DEVICE_ROGUE_987,1,Sylhet,1,338,12,5,43582.51,1,1,3,1
TXN103633,USER189,USER203,1607.93,2026-09-08T02:59:44.128862,13,DEVICE177,0,Chattogram,1,933,351,1,294.37,1,0,0,0
TXN101050,USER055,USER238,798.37,2026-09-08T05:51:26.128862,16,DEVICE050,0,Chattogram,0,1104,232,3,-1751.33,1,0,0,0
TXN100590,USER011,USER481,887.68,2026-09-14T05:09:49.128862,15,DEVICE079,0,Chattogram,0,236,887,3,-502.64,0,0,0,0
TXN100519,USER093,USER512,2382.63,2026-09-06T06:26:05.128862,16,DEVICE001,0,Sylhet,0,1035,64,1,-555.98,0,0,0,0
TXN103380,USER107,USER210,842.69,2026-09-04T04:10:15.128862,14,DEVICE160,0,Dhaka,0,480,577,1,-258.5,0,0,0,0
TXN103676,USER244,USER080,3413.46,2026-09-18T06:48:55.128862,17,DEVICE082,0,Sylhet,0,274,891,2,89.75,0,0,0,0
TXN200137,USER112,USER402,33792.07,2026-09-24T13:18:14.128862,23,DEVICE_ROGUE_923,1,Unknown,1,939,7,11,32280.92,1,1,3,1
TXN101607,USER100,USER560,1177.52,2026-10-03T11:22:12.128862,21,DEVICE172,0,Chattogram,0,940,326,1,-1946.59,1,0,0,0
TXN103610,USER050,USER571,1462.78,2026-09-24T22:06:57.128862,8,DEVICE079,0,Sylhet,0,747,192,1,-322.27,0,0,0,0
TXN201012,USER244,USER199,17755.38,2026-09-13T08:05:42.128862,18,DEVICE082,0,Sylhet,0,21,29,11,14431.67,1,1,0,1
TXN101809,USER294,USER501,1621.62,2026-09-25T07:08:49.128862,17,DEVICE172,0,Dhaka,0,1098,174,2,114.34,0,0,0,0
TXN100791,USER165,USER018,2999.44,2026-10-01T05:48:04.128862,16,DEVICE080,0,Dhaka,0,1198,299,2,-121.58,0,0,0,0
TXN100792,USER042,USER357,1118.06,2026-10-03T02:44:43.128862,12,DEVICE028,0,Dhaka,0,461,986,1,194.33,1,0,0,0
TXN200127,USER188,USER270,9403.24,2026-09-18T13:40:15.128862,23,DEVICE023,1,Dhaka,0,1177,77,11,7931.87,1,1,2,1
TXN101855,USER076,USER174,1547.47,2026-09-25T22:35:05.128862,8,DEVICE028,0,Sylhet,0,195,254,1,-320.74,0,0,0,0
TXN101980,USER242,USER243,2767.76,2026-09-24T09:54:53.128862,20,DEVICE070,0,Chattogram,0,837,495,2,391.84,0,0,0,0
TXN103233,USER148,USER368,3684.78,2026-09-08T17:50:17.128862,4,DEVICE055,0,Rajshahi,1,1167,871,1,913.97,0,0,0,0
TXN103598,USER024,USER126,1821.73,2026-09-27T05:22:20.128862,15,DEVICE159,0,Chattogram,0,1101,502,2,601.94,1,0,0,0
TXN100933,USER248,USER560,1604.78,2026-09-19T14:32:29.128862,0,DEVICE039,0,Dhaka,0,449,90,3,-263.84,0,0,0,0
TXN103963,USER094,USER328,2532.84,2026-09-18T21:05:50.128862,7,DEVICE134,0,Sylhet,0,330,656,2,593.01,0,0,0,0
TXN200772,USER226,USER163,18364.01,2026-09-12T09:57:40.128862,20,DEVICE162,1,Chattogram,0,652,159,14,15986.73,1,1,1,1
TXN104179,USER035,USER091,1456.1,2026-09-29T09:01:08.128862,19,DEVICE106,0,Sylhet,0,641,823,1,-365.94,0,0,0,0
TXN104026,USER094,USER496,1742.92,2026-09-20T09:44:34.128862,19,DEVICE134,0,Sylhet,0,330,893,1,-196.91,0,0,0,0
TXN104116,USER174,USER153,2229.29,2026-10-02T23:29:40.128862,9,DEVICE197,0,Sylhet,0,295,925,4,-689.18,0,1,0,0
TXN100988,USER280,USER267,3021.08,2026-09-25T09:14:07.128862,19,DEVICE138,0,Dhaka,0,568,209,3,588.04,0,0,0,0
TXN104626,USER278,USER550,954.22,2026-09-30T20:45:55.128862,7,DEVICE100,0,Chattogram,0,850,314,1,-1339.48,0,0,0,0
TXN103453,USER053,USER427,1258.44,2026-09-12T00:29:53.128862,10,DEVICE007,0,Sylhet,0,765,380,1,-262.4,1,0,0,0
TXN200677,USER016,USER333,43024.82,2026-09-29T16:49:38.128862,3,DEVICE175,0,Chattogram,0,989,236,3,40753.48,1,0,0,1
TXN103778,USER080,USER257,1503.68,2026-09-08T07:39:57.128862,17,DEVICE187,0,Sylhet,0,679,484,1,37.79,0,0,0,0
TXN200549,USER233,USER254,21608.36,2026-09-18T06:20:59.128862,16,DEVICE151,1,Chattogram,0,15,15,8,19201.77,1,1,0,1
TXN103093,USER161,USER597,568.74,2026-09-25T09:38:30.128862,19,DEVICE024,0,Chattogram,0,1182,92,2,-422.94,0,0,1,0
TXN103155,USER290,USER309,1762.41,2026-09-06T05:30:11.128862,15,DEVICE125,0,Sylhet,0,376,782,1,215.37,0,0,0,0
TXN103201,USER219,USER401,1415.34,2026-09-06T14:22:20.128862,0,DEVICE006,1,Dhaka,0,575,591,3,197.39,0,0,0,0
TXN200039,USER071,USER019,31882.85,2026-09-28T09:37:51.128862,19,DEVICE067,0,Chattogram,0,21,11,15,30513.2,1,1,0,1
TXN101098,USER079,USER182,1358.51,2026-09-08T08:50:39.128862,19,DEVICE089,0,Dhaka,0,358,514,1,-156.67,0,0,0,0
TXN200179,USER219,USER498,44503.33,2026-09-25T11:08:52.128862,21,DEVICE184,1,Dhaka,0,22,27,16,43285.38,1,1,0,1
TXN102844,USER273,USER351,2806.68,2026-09-07T04:24:53.128862,14,DEVICE123,0,Sylhet,0,343,105,1,215.53,0,0,0,0
TXN100886,USER214,USER154,1198.72,2026-09-19T08:32:21.128862,18,DEVICE114,0,Dhaka,0,708,366,2,-743.4,0,0,0,0
TXN201118,USER138,USER133,22033.24,2026-09-12T04:27:15.128862,14,DEVICE307,1,Chattogram,0,880,14,11,19179.61,1,1,2,1
TXN104651,USER029,USER571,2980.01,2026-09-04T06:07:42.128862,16,DEVICE046,0,Dhaka,0,750,985,1,-108.22,0,0,0,0
TXN100515,USER295,USER559,2120.87,2026-09-29T22:35:26.128862,8,DEVICE174,0,Dhaka,0,327,403,1,-680.45,1,0,0,0
TXN200984,USER253,USER531,43455.84,2026-09-08T17:50:23.128862,4,DEVICE181,0,Dhaka,0,1177,65,3,42459.97,1,0,0,1
TXN101453,USER168,USER433,2885.23,2026-10-03T06:33:49.128862,16,DEVICE038,0,Dhaka,0,570,950,1,278.99,0,0,0,0
TXN103553,USER283,USER539,3278.42,2026-09-29T04:13:08.128862,14,DEVICE310,1,Dhaka,0,761,128,2,765.98,0,0,1,0
TXN103609,USER013,USER144,645.13,2026-09-04T00:05:12.128862,10,DEVICE011,0,Chattogram,0,429,989,1,-226.52,0,0,0,0
TXN102506,USER170,USER196,839.9,2026-09-24T03:51:30.128862,14,DEVICE012,0,Sylhet,0,555,377,2,-317.34,0,0,0,0
TXN102994,USER037,USER134,2885.51,2026-09-24T06:22:09.128862,16,DEVICE189,0,Sylhet,0,448,292,1,-153.88,1,0,0,0
TXN103999,USER080,USER441,1666.98,2026-09-09T10:17:20.128862,20,DEVICE187,0,Sylhet,0,679,60,2,201.09,1,0,0,0
TXN200888,USER172,USER585,45899.11,2026-09-17T18:26:08.128862,4,DEVICE_ROGUE_922,1,Chattogram,1,978,14,11,43557.29,1,1,3,1
TXN100906,USER249,USER218,2965.3,2026-09-19T06:52:30.128862,17,DEVICE060,0,Dhaka,0,501,541,1,351.74,1,0,0,0
TXN100028,USER253,USER476,1017.54,2026-09-28T08:22:41.128862,18,DEVICE181,0,Dhaka,0,1177,718,1,21.67,0,0,0,0
TXN102507,USER026,USER202,2059.99,2026-09-23T18:45:19.128862,5,DEVICE040,0,Chattogram,0,254,385,2,351.18,0,0,0,0
TXN102428,USER068,USER547,843.82,2026-09-24T03:04:33.128862,13,DEVICE085,0,Sylhet,0,1036,773,2,-42.85,1,0,0,0
TXN100762,USER167,USER398,1902.3,2026-09-28T07:29:21.128862,17,DEVICE051,0,Sylhet,0,230,965,1,459.69,0,0,0,0
TXN103747,USER044,USER308,1588.87,2026-09-15T08:50:37.128862,19,DEVICE010,0,Dhaka,0,1097,656,2,7.52,1,0,0,0
TXN100284,USER256,USER458,2987.29,2026-09-19T00:32:54.128862,10,DEVICE207,1,Chattogram,0,426,630,1,-502.17,0,0,0,0
TXN100686,USER132,USER094,950.08,2026-09-06T21:19:23.128862,7,DEVICE078,0,Dhaka,0,568,846,1,-6.32,1,0,0,0
TXN102353,USER023,USER319,1655.0,2026-09-20T01:19:26.128862,11,DEVICE105,0,Chattogram,0,1195,125,1,-63.68,0,0,0,0
TXN200025,USER115,USER453,23287.44,2026-09-06T02:08:09.128862,12,DEVICE147,1,Chattogram,0,20,29,7,20023.34,1,1,0,1
TXN100021,USER024,USER226,1490.51,2026-09-23T01:48:13.128862,12,DEVICE159,0,Chattogram,0,1101,845,1,270.72,1,0,0,0
TXN102752,USER022,USER175,2133.78,2026-10-02T12:41:35.128862,22,DEVICE144,0,Chattogram,0,1114,930,1,-551.2,0,0,0,0
TXN100885,USER298,USER076,883.27,2026-09-23T03:40:23.128862,13,DEVICE188,1,Chattogram,0,1190,310,1,57.16,1,0,0,0
TXN100917,USER220,USER383,1270.72,2026-09-22T21:55:47.128862,8,DEVICE115,0,Dhaka,0,871,735,1,-330.39,0,0,0,0
TXN101040,USER134,USER294,4378.86,2026-09-07T00:50:39.128862,11,DEVICE141,0,Chattogram,0,179,649,1,1022.1,0,0,0,0
TXN101265,USER013,USER504,825.85,2026-09-20T21:15:52.128862,7,DEVICE011,0,Chattogram,0,429,865,1,-45.8,0,0,0,0
TXN200387,USER183,USER020,20101.22,2026-09-15T03:08:08.128862,13,DEVICE042,1,Chattogram,0,824,22,14,16643.97,1,1,2,1
TXN100277,USER245,USER432,1882.13,2026-09-29T05:55:20.128862,16,DEVICE139,0,Sylhet,0,694,924,2,530.63,1,0,0,0
TXN102084,USER158,USER055,3215.72,2026-09-17T00:42:00.128862,10,DEVICE163,0,Sylhet,0,904,173,1,827.29,1,0,0,0
TXN101245,USER121,USER328,3923.04,2026-09-06T04:29:21.128862,14,DEVICE142,0,Dhaka,0,1004,779,1,1064.26,0,0,0,0
TXN102382,USER102,USER153,2220.07,2026-09-07T01:01:57.128862,11,DEVICE094,0,Sylhet,0,1057,589,1,-525.88,0,0,0,0
TXN100571,USER083,USER513,1900.82,2026-09-23T08:00:45.128862,18,DEVICE156,0,Sylhet,0,338,652,1,-477.56,0,0,0,0
TXN101435,USER133,USER591,3632.4,2026-10-02T05:43:05.128862,15,DEVICE104,0,Chattogram,0,931,394,2,461.77,0,0,0,0
TXN103902,USER179,USER320,1739.03,2026-09-05T23:10:53.128862,9,DEVICE148,0,Sylhet,0,184,128,3,-204.63,0,0,0,0
TXN101247,USER179,USER568,2220.52,2026-09-11T09:14:30.128862,19,DEVICE148,0,Gazipur,1,184,508,1,276.86,0,0,0,0
TXN103526,USER291,USER545,776.84,2026-10-03T08:53:37.128862,19,DEVICE008,0,Sylhet,0,182,819,1,-32.73,0,0,0,0
TXN102514,USER205,USER146,1610.37,2026-10-01T21:34:57.128862,7,DEVICE117,0,Sylhet,0,679,128,1,-500.86,0,0,0,0
TXN101007,USER134,USER206,4192.6,2026-09-28T00:48:21.128862,11,DEVICE141,0,Chattogram,0,179,397,3,835.84,0,0,0,0
TXN200392,USER245,USER084,37648.83,2026-09-08T12:51:39.128862,23,DEVICE_ROGUE_928,1,Chattogram,1,694,10,12,36297.33,1,1,4,1
TXN102064,USER190,USER266,2463.12,2026-09-08T01:33:49.128862,11,DEVICE002,0,Dhaka,0,458,78,1,451.86,1,0,0,0
TXN200948,USER252,USER260,19011.78,2026-09-08T06:31:16.128862,16,DEVICE109,1,Dhaka,0,839,122,12,16181.75,1,1,1,1
TXN101690,USER097,USER390,4679.53,2026-09-13T05:23:38.128862,15,DEVICE185,0,Chattogram,0,687,146,1,1190.0,0,0,0,0
TXN200789,USER089,USER440,24647.24,2026-09-25T20:46:59.128862,7,DEVICE265,1,Chattogram,0,925,77,20,23601.78,1,1,2,1
TXN101985,USER152,USER115,1163.67,2026-10-01T09:14:20.128862,19,DEVICE044,0,Chattogram,0,929,885,1,-1391.0,0,0,0,0
TXN100294,USER177,USER136,1278.96,2026-09-24T11:56:45.128862,22,DEVICE107,0,Chattogram,0,703,787,1,217.25,1,0,0,0
TXN101547,USER213,USER004,2104.27,2026-09-25T09:58:38.128862,20,DEVICE194,0,Chattogram,0,1025,197,1,75.75,0,0,0,0
TXN102012,USER206,USER582,1364.52,2026-09-14T23:01:04.128862,9,DEVICE035,0,Chattogram,0,413,701,1,-12.6,0,0,0,0
TXN100588,USER175,USER390,2498.96,2026-09-14T21:07:39.128862,7,DEVICE019,0,Sylhet,0,998,313,1,-481.28,0,0,0,0
TXN103329,USER136,USER004,2720.3,2026-09-04T12:13:51.128862,22,DEVICE078,0,Chattogram,0,1058,421,1,608.13,0,0,0,0
TXN102403,USER163,USER239,1091.38,2026-09-21T01:22:57.128862,11,DEVICE061,0,Dhaka,0,738,190,5,-326.76,0,1,0,0
TXN102129,USER234,USER212,2802.45,2026-09-25T21:56:24.128862,8,DEVICE161,0,Chattogram,0,479,165,1,179.38,1,0,0,0
TXN103998,USER154,USER455,1365.49,2026-09-27T02:21:39.128862,12,DEVICE022,0,Sylhet,0,243,551,1,-831.96,0,0,0,0
TXN200450,USER194,USER357,39511.67,2026-09-30T01:30:53.128862,11,DEVICE252,1,Sylhet,0,30,25,15,36218.85,1,1,0,1
TXN103741,USER162,USER345,2337.57,2026-09-04T08:14:14.128862,18,DEVICE193,0,Dhaka,0,868,502,1,-166.41,1,0,0,0
TXN103508,USER031,USER219,3590.1,2026-09-05T06:02:04.128862,16,DEVICE007,0,Sylhet,0,142,163,1,610.85,0,0,0,0
TXN102719,USER181,USER505,3227.83,2026-09-07T22:20:53.128862,8,DEVICE184,0,Chattogram,0,204,221,2,459.33,1,0,0,0
TXN200661,USER021,USER221,14867.46,2026-09-07T18:49:16.128862,5,DEVICE164,1,Chattogram,0,647,133,19,11891.75,1,1,2,1
TXN200667,USER111,USER157,16830.03,2026-10-02T09:44:43.128862,19,DEVICE099,1,Chattogram,0,655,46,11,13665.23,1,1,2,1
TXN100556,USER140,USER425,1475.58,2026-09-17T22:30:49.128862,8,DEVICE149,0,Chattogram,0,1104,250,1,328.92,0,0,0,0
TXN102469,USER123,USER250,3834.36,2026-09-22T22:59:44.128862,9,DEVICE050,0,Chattogram,0,1081,123,1,932.07,1,0,0,0
TXN103738,USER057,USER339,1185.25,2026-09-26T08:01:25.128862,18,DEVICE085,0,Sylhet,0,910,173,1,-76.82,1,0,0,0
TXN104286,USER212,USER193,3291.54,2026-09-20T02:44:56.128862,12,DEVICE082,0,Dhaka,0,602,129,1,374.55,0,0,0,0
TXN200132,USER173,USER117,26472.14,2026-09-06T09:10:51.128862,19,DEVICE233,1,Chattogram,0,10,30,15,24395.93,1,1,0,1
TXN101716,USER162,USER434,2953.7,2026-09-19T09:33:41.128862,19,DEVICE193,0,Dhaka,0,868,644,1,449.72,0,0,0,0
TXN102604,USER161,USER103,653.49,2026-09-11T23:09:16.128862,9,DEVICE024,0,Chattogram,0,1182,212,1,-338.19,1,0,0,0
TXN200143,USER127,USER253,45964.44,2026-09-03T18:28:43.128862,4,DEVICE174,0,Sylhet,0,1022,139,3,45111.85,1,0,1,1
TXN101704,USER135,USER128,1196.24,2026-09-17T06:05:54.128862,16,DEVICE099,1,Dhaka,0,741,340,2,164.98,1,0,0,0
TXN102139,USER253,USER185,938.44,2026-09-06T03:56:10.128862,14,DEVICE181,0,Dhaka,0,1177,287,3,-57.43,0,0,0,0
TXN103239,USER009,USER298,1924.8,2026-09-18T06:45:08.128862,16,DEVICE033,0,Dhaka,0,634,501,3,-14.39,1,0,0,0
TXN102383,USER110,USER066,2986.07,2026-09-25T21:45:31.128862,8,DEVICE165,1,Sylhet,0,232,511,2,-389.23,0,0,0,0
TXN104311,USER201,USER365,3333.59,2026-09-22T09:40:33.128862,19,DEVICE013,0,Chattogram,0,1031,797,1,-82.7,0,0,0,0
TXN101285,USER233,USER491,3032.42,2026-09-08T10:14:47.128862,20,DEVICE125,0,Chattogram,0,538,353,1,625.83,0,0,0,0
TXN200305,USER024,USER126,14461.29,2026-09-09T00:44:18.128862,10,DEVICE121,1,Chattogram,0,1101,154,17,13241.5,1,1,2,1
TXN200557,USER035,USER061,40317.97,2026-09-09T16:35:52.128862,2,DEVICE106,0,Sylhet,0,641,186,4,38495.93,1,0,1,1
TXN103930,USER200,USER005,2825.74,2026-09-08T08:45:28.128862,19,DEVICE119,0,Chattogram,0,610,325,1,-231.53,0,0,0,0
TXN104537,USER280,USER173,2474.48,2026-10-02T11:46:27.128862,22,DEVICE138,0,Dhaka,0,568,672,1,41.44,0,0,0,0
TXN101591,USER279,USER439,1470.49,2026-10-03T01:52:42.128862,12,DEVICE108,0,Mymensingh,1,311,301,1,-64.85,0,0,0,0
TXN200510,USER029,USER395,37669.64,2026-09-06T15:50:45.128862,2,DEVICE_ROGUE_994,1,Coxs Bazar,1,750,5,7,34581.41,1,1,3,1
TXN102162,USER196,USER589,2629.02,2026-09-09T23:41:28.128862,9,DEVICE057,0,Dhaka,0,1109,631,1,-496.62,0,0,0,0
TXN102396,USER146,USER342,1274.35,2026-09-12T20:56:45.128862,7,DEVICE114,0,Dhaka,0,991,365,1,-97.51,0,0,0,0
TXN100317,USER083,USER189,2048.1,2026-09-29T23:01:25.128862,9,DEVICE156,0,Sylhet,0,338,640,1,-330.28,0,0,0,0
TXN200583,USER255,USER001,39413.0,2026-09-09T17:44:57.128862,3,DEVICE017,0,Sylhet,0,648,177,2,35917.17,1,0,0,1
TXN103111,USER120,USER269,1434.63,2026-09-26T08:08:43.128862,18,DEVICE076,0,Chattogram,0,394,845,1,221.96,0,0,0,0
TXN104036,USER176,USER376,1295.74,2026-09-17T05:50:27.128862,16,DEVICE117,0,Khulna,1,430,511,1,-18.37,0,0,0,0
TXN100795,USER046,USER109,988.5,2026-09-26T01:46:23.128862,12,DEVICE057,0,Dhaka,0,1052,452,1,-440.04,0,0,0,0
TXN103020,USER126,USER410,1720.33,2026-09-27T05:28:05.128862,15,DEVICE098,0,Chattogram,0,862,494,2,45.11,0,0,0,0
TXN101711,USER245,USER370,887.13,2026-10-02T23:10:09.128862,9,DEVICE139,0,Sylhet,0,694,132,2,-464.37,0,0,0,0
TXN103387,USER092,USER424,2661.87,2026-09-15T02:11:07.128862,12,DEVICE114,1,Dhaka,0,322,148,1,167.77,0,0,0,0
TXN100036,USER044,USER318,531.66,2026-09-24T05:35:34.128862,15,DEVICE010,0,Dhaka,0,1097,908,1,-1049.69,0,0,0,0
TXN100913,USER267,USER004,2149.77,2026-09-30T12:39:21.128862,22,DEVICE150,0,Chattogram,0,839,652,1,-301.76,1,0,0,0
TXN103972,USER212,USER510,2513.87,2026-09-12T09:15:22.128862,19,DEVICE082,0,Dhaka,0,602,827,2,-403.12,1,0,0,0
TXN104133,USER090,USER472,1107.02,2026-09-12T06:50:25.128862,17,DEVICE012,0,Sylhet,0,280,728,2,179.81,0,0,0,0
TXN100974,USER286,USER167,3455.65,2026-09-12T23:50:04.128862,10,DEVICE125,0,Dhaka,0,1040,282,1,211.24,0,0,0,0
TXN100983,USER207,USER007,1767.92,2026-09-28T03:40:46.128862,13,DEVICE119,0,Dhaka,0,241,336,1,-114.89,0,0,0,0
TXN200409,USER026,USER242,22062.05,2026-09-12T04:05:07.128862,14,DEVICE040,0,Chattogram,0,26,20,13,20353.24,1,1,0,1
TXN101418,USER202,USER139,3030.54,2026-09-18T21:55:07.128862,8,DEVICE143,0,Sylhet,0,612,914,1,-270.65,0,0,0,0
TXN101560,USER232,USER262,702.32,2026-09-09T05:11:01.128862,15,DEVICE134,0,Chattogram,0,811,700,1,-599.41,0,0,0,0
TXN104135,USER078,USER013,2160.15,2026-09-09T04:47:41.128862,15,DEVICE112,0,Dhaka,0,636,327,2,121.25,1,0,0,0
TXN104265,USER249,USER315,675.11,2026-09-08T18:17:23.128862,4,DEVICE060,0,Dhaka,0,501,515,1,-1938.45,1,0,0,0
TXN101355,USER194,USER031,3447.0,2026-09-16T19:38:42.128862,5,DEVICE200,0,Sylhet,0,873,650,1,154.18,0,0,0,0
TXN200891,USER299,USER195,32060.91,2026-09-10T08:42:11.128862,18,DEVICE120,0,Sylhet,0,7,21,17,31057.75,1,1,0,1
TXN100987,USER243,USER026,2946.25,2026-09-18T09:10:16.128862,19,DEVICE086,0,Dhaka,0,359,555,2,734.74,0,0,0,0
TXN102682,USER284,USER501,2262.95,2026-09-12T08:35:44.128862,18,DEVICE155,0,Sylhet,0,543,687,4,750.19,0,1,0,0
TXN101640,USER256,USER120,4526.35,2026-09-17T22:24:05.128862,8,DEVICE107,0,Chattogram,0,426,62,2,1036.89,1,0,0,0
TXN101290,USER210,USER384,2981.03,2026-09-10T06:10:22.128862,16,DEVICE144,0,Dhaka,0,702,523,4,-479.3,0,1,0,0
TXN103681,USER291,USER157,580.86,2026-09-18T08:12:32.128862,18,DEVICE008,0,Sylhet,0,182,554,2,-228.71,0,0,0,0
TXN101380,USER184,USER487,1242.83,2026-10-03T02:01:11.128862,12,DEVICE127,0,Chattogram,0,857,84,1,177.1,1,0,0,0
TXN101933,USER078,USER097,1159.28,2026-09-09T11:35:17.128862,21,DEVICE112,0,Dhaka,0,636,738,3,-879.62,0,0,0,0
TXN200245,USER068,USER140,43985.75,2026-09-21T18:28:55.128862,4,DEVICE085,0,Sylhet,0,1036,86,4,43099.08,1,0,1,1
TXN103160,USER268,USER285,3087.56,2026-09-26T20:44:13.128862,6,DEVICE179,0,Chattogram,0,274,178,1,-377.97,0,0,0,0
TXN102030,USER183,USER462,2879.77,2026-09-04T03:03:01.128862,13,DEVICE099,0,Mymensingh,1,824,766,1,-577.48,0,0,0,0
TXN100892,USER006,USER317,3157.45,2026-09-09T23:26:12.128862,9,DEVICE138,1,Sylhet,0,325,643,1,530.36,0,0,0,0
TXN104069,USER055,USER496,2668.3,2026-09-04T03:06:28.128862,13,DEVICE050,0,Chattogram,0,1104,627,2,118.6,0,0,0,0
TXN104255,USER193,USER526,1366.27,2026-10-03T02:55:04.128862,13,DEVICE028,0,Sylhet,0,251,394,1,-108.21,0,0,0,0
TXN100002,USER189,USER558,1832.16,2026-09-24T10:07:16.128862,20,DEVICE177,0,Sylhet,0,933,185,1,518.6,0,0,0,0
TXN102109,USER039,USER016,2177.05,2026-09-10T23:47:22.128862,10,DEVICE069,0,Dhaka,0,1152,446,2,-949.56,0,0,0,0
TXN100849,USER047,USER053,1023.57,2026-09-20T01:04:57.128862,11,DEVICE052,0,Chattogram,0,802,404,4,-49.13,0,1,0,0
TXN102737,USER254,USER515,1139.28,2026-09-15T17:02:33.128862,3,DEVICE055,0,Dhaka,0,1117,335,1,-898.09,0,0,0,0
TXN102466,USER091,USER123,898.77,2026-09-11T01:22:24.128862,11,DEVICE182,0,Chattogram,0,550,274,1,-197.28,0,0,0,0
TXN101914,USER241,USER152,1648.93,2026-10-01T01:44:17.128862,11,DEVICE061,0,Chattogram,0,158,101,1,-282.98,0,0,0,0
TXN101596,USER278,USER296,2535.75,2026-10-01T07:46:23.128862,18,DEVICE100,0,Chattogram,0,850,931,1,242.05,0,0,1,0
TXN101913,USER055,USER188,2172.8,2026-09-05T10:09:36.128862,20,DEVICE050,0,Chattogram,0,1104,953,2,-376.9,0,0,0,0
TXN200852,USER283,USER468,41207.15,2026-10-02T12:10:37.128862,22,DEVICE140,0,Dhaka,0,26,6,13,38694.71,1,1,0,1
TXN102736,USER224,USER523,4432.86,2026-09-17T04:19:59.128862,14,DEVICE116,0,Dhaka,0,134,492,2,1613.33,0,0,0,0
TXN100726,USER144,USER130,1861.58,2026-09-22T09:41:44.128862,19,DEVICE120,0,Chattogram,0,769,541,1,-1293.99,0,0,0,0
TXN100053,USER246,USER187,3057.38,2026-09-06T08:31:02.128862,18,DEVICE021,0,Rajshahi,1,759,104,1,323.66,0,0,0,0
TXN101796,USER281,USER061,3042.18,2026-09-15T20:30:41.128862,6,DEVICE192,0,Rajshahi,1,1055,550,4,304.63,0,1,0,0
TXN103845,USER078,USER167,1607.83,2026-09-15T09:50:01.128862,20,DEVICE112,0,Dhaka,0,636,583,1,-431.07,0,0,0,0
TXN102553,USER150,USER595,1179.66,2026-09-29T05:05:49.128862,15,DEVICE122,0,Dhaka,0,121,409,1,-461.97,0,0,0,0
TXN102800,USER006,USER474,2887.41,2026-09-07T00:07:12.128862,10,DEVICE142,0,Sylhet,0,325,712,1,260.32,0,0,0,0
TXN100936,USER205,USER198,2284.26,2026-09-09T23:29:07.128862,9,DEVICE117,0,Sylhet,0,679,462,1,173.03,1,0,0,0
TXN200141,USER242,USER296,47360.27,2026-09-23T16:54:56.128862,3,DEVICE070,0,Chattogram,0,837,321,3,44984.35,1,0,0,1
TXN100824,USER195,USER027,1902.06,2026-09-11T10:49:30.128862,21,DEVICE109,0,Sylhet,0,583,621,2,-94.39,0,0,0,0
TXN104321,USER134,USER072,3926.89,2026-10-02T06:05:23.128862,16,DEVICE141,0,Chattogram,0,179,815,3,570.13,0,0,0,0
TXN103401,USER048,USER460,1664.56,2026-10-01T06:19:36.128862,16,DEVICE118,0,Sylhet,0,926,447,1,114.03,0,0,0,0
TXN101389,USER075,USER041,1889.68,2026-09-16T01:02:42.128862,11,DEVICE010,0,Sylhet,0,995,409,1,-680.0,0,0,0,0
TXN103564,USER183,USER535,4126.79,2026-10-03T13:42:29.128862,23,DEVICE099,0,Chattogram,0,824,509,1,669.54,0,0,0,0
TXN100884,USER071,USER121,1296.07,2026-09-26T10:54:37.128862,21,DEVICE067,0,Chattogram,0,474,494,2,-73.58,0,0,0,0
TXN101868,USER198,USER179,1308.48,2026-09-05T02:18:03.128862,12,DEVICE179,0,Dhaka,0,565,644,4,371.89,0,1,0,0
TXN100010,USER233,USER518,2045.22,2026-09-07T05:35:57.128862,15,DEVICE125,0,Chattogram,0,538,958,1,-361.37,0,0,0,0
TXN103415,USER182,USER124,2417.11,2026-09-15T12:10:28.128862,22,DEVICE179,0,Sylhet,0,690,642,1,-200.97,0,0,0,0
TXN101463,USER200,USER575,4209.9,2026-09-09T07:19:54.128862,17,DEVICE119,0,Chattogram,0,610,141,1,1152.63,0,0,0,0
TXN100806,USER243,USER357,2553.46,2026-09-16T07:49:46.128862,18,DEVICE086,0,Dhaka,0,359,259,1,341.95,0,0,0,0
TXN104715,USER227,USER027,2257.46,2026-09-30T04:26:49.128862,14,DEVICE064,0,Dhaka,0,106,986,1,99.76,0,0,0,0
TXN104068,USER225,USER514,642.49,2026-09-08T22:47:25.128862,9,DEVICE067,0,Sylhet,0,900,790,2,-311.86,0,0,0,0
TXN102108,USER296,USER141,2033.13,2026-10-01T00:03:45.128862,10,DEVICE104,0,Khulna,1,289,994,1,-256.41,1,0,0,0
TXN200262,USER005,USER055,37461.93,2026-09-11T17:45:42.128862,4,DEVICE150,0,Sylhet,0,960,100,2,34673.46,1,0,0,1
TXN201146,USER039,USER008,37374.65,2026-09-26T16:13:46.128862,2,DEVICE069,0,Dhaka,0,1152,102,5,34248.04,1,0,1,1
TXN102234,USER044,USER159,1882.46,2026-09-16T12:45:14.128862,23,DEVICE035,1,Dhaka,0,1097,110,1,301.11,0,0,0,0
TXN100963,USER095,USER516,1084.02,2026-09-23T10:16:00.128862,20,DEVICE138,0,Chattogram,0,405,304,3,112.5,1,0,0,0
TXN104494,USER128,USER325,2576.28,2026-09-27T23:11:50.128862,9,DEVICE192,0,Sylhet,0,749,854,1,-732.29,1,0,0,0
TXN102632,USER253,USER357,953.25,2026-09-24T23:29:23.128862,9,DEVICE181,0,Dhaka,0,1177,767,1,-42.62,1,0,0,0
TXN100704,USER141,USER197,2215.41,2026-09-04T09:29:56.128862,19,DEVICE156,0,Chattogram,0,165,633,2,132.15,0,0,1,0
TXN100431,USER192,USER189,1883.21,2026-09-19T09:15:21.128862,19,DEVICE198,0,Dhaka,0,448,478,1,331.14,0,0,1,0
TXN104388,USER139,USER355,2923.59,2026-10-03T08:58:24.128862,19,DEVICE111,0,Chattogram,0,401,646,1,55.84,1,0,1,0
TXN100145,USER156,USER007,1221.79,2026-09-14T11:38:52.128862,21,DEVICE132,0,Sylhet,0,632,510,4,-184.89,0,1,0,0
TXN102033,USER286,USER487,3254.99,2026-09-15T22:02:08.128862,8,DEVICE125,0,Dhaka,0,1040,247,1,10.58,1,0,0,0
TXN200230,USER145,USER272,49685.96,2026-09-13T16:31:19.128862,2,DEVICE114,0,Sylhet,0,295,282,5,47743.49,1,0,0,1
TXN101165,USER276,USER082,1620.14,2026-09-05T12:13:49.128862,22,DEVICE077,0,Sylhet,0,626,876,1,508.48,0,0,0,0
TXN103500,USER240,USER516,2214.1,2026-09-21T09:36:50.128862,19,DEVICE074,0,Dhaka,0,992,792,2,-258.23,0,0,0,0
TXN102050,USER285,USER439,1599.91,2026-10-03T08:17:56.128862,18,DEVICE057,0,Dhaka,0,219,448,1,-519.13,0,0,0,0
TXN103760,USER097,USER192,4904.42,2026-10-02T22:09:12.128862,8,DEVICE185,0,Chattogram,0,687,464,1,1414.89,0,0,0,0
TXN102624,USER045,USER550,1464.6,2026-09-25T21:23:02.128862,7,DEVICE121,0,Dhaka,0,276,114,1,449.16,0,0,0,0
TXN104484,USER100,USER096,3647.35,2026-09-10T04:14:11.128862,14,DEVICE172,0,Chattogram,0,940,815,1,523.24,0,0,0,0
TXN104435,USER173,USER245,2667.83,2026-09-04T23:00:03.128862,9,DEVICE157,0,Chattogram,0,291,589,1,591.62,0,0,0,0
TXN104778,USER221,USER108,4899.48,2026-09-11T17:34:54.128862,3,DEVICE041,0,Sylhet,0,825,233,1,1483.96,0,0,1,0
TXN104648,USER135,USER555,1097.0,2026-09-05T20:20:52.128862,6,DEVICE001,0,Dhaka,0,741,225,3,65.74,0,0,0,0
TXN104361,USER072,USER489,2306.24,2026-09-13T02:51:01.128862,13,DEVICE046,0,Cumilla,1,1151,392,1,-1039.62,0,0,0,0
TXN102424,USER284,USER268,1663.05,2026-09-05T09:58:33.128862,20,DEVICE155,0,Sylhet,0,543,772,1,150.29,0,0,0,0
TXN101262,USER188,USER145,1986.5,2026-09-29T23:16:25.128862,9,DEVICE168,0,Dhaka,0,1177,998,1,515.13,0,0,0,0
TXN101771,USER186,USER233,1637.24,2026-10-01T11:35:41.128862,21,DEVICE063,0,Chattogram,0,388,264,1,-78.88,1,0,0,0
TXN103511,USER195,USER381,1710.05,2026-09-28T20:52:23.128862,7,DEVICE109,0,Sylhet,0,583,979,2,-286.4,0,0,0,0
TXN100271,USER055,USER510,2978.21,2026-09-09T23:34:29.128862,9,DEVICE050,0,Chattogram,0,1104,426,1,428.51,0,0,0,0
TXN100244,USER051,USER234,1447.44,2026-09-26T22:14:02.128862,8,DEVICE059,0,Dhaka,0,304,486,1,-352.05,0,0,0,0
TXN201020,USER128,USER159,22465.98,2026-09-20T06:37:12.128862,16,DEVICE167,1,Sylhet,0,749,157,18,19157.41,1,1,1,1
TXN104572,USER037,USER575,3445.14,2026-09-17T05:37:36.128862,15,DEVICE189,0,Sylhet,0,448,845,1,405.75,0,0,0,0
TXN102032,USER159,USER102,1818.79,2026-10-03T10:54:22.128862,21,DEVICE159,0,Sylhet,0,254,536,1,397.48,1,0,0,0
TXN104740,USER060,USER274,2254.74,2026-09-19T20:59:35.128862,7,DEVICE198,0,Sylhet,0,270,81,1,430.21,0,0,0,0
TXN100813,USER251,USER522,1578.76,2026-09-21T23:21:49.128862,9,DEVICE178,0,Chattogram,0,1194,156,1,-74.92,0,0,0,0
TXN103810,USER100,USER022,2054.52,2026-09-20T03:57:39.128862,14,DEVICE172,0,Chattogram,0,940,642,3,-1069.59,0,0,0,0
TXN200068,USER129,USER039,46241.85,2026-09-07T15:52:37.128862,2,DEVICE045,0,Sylhet,0,476,376,5,43069.3,1,0,0,1
TXN101804,USER231,USER332,587.29,2026-10-01T08:56:18.128862,19,DEVICE200,0,Chattogram,0,561,849,2,-429.01,0,0,0,0
TXN104346,USER195,USER370,2543.3,2026-09-08T05:53:04.128862,16,DEVICE011,1,Sylhet,0,583,235,1,546.85,0,0,0,0
TXN102461,USER274,USER347,4239.62,2026-09-13T00:39:50.128862,10,DEVICE002,0,Dhaka,0,1021,914,2,904.51,0,0,0,0
TXN100545,USER025,USER152,2749.12,2026-09-18T00:55:52.128862,11,DEVICE192,0,Chattogram,0,986,352,1,-635.36,1,0,0,0
TXN103241,USER147,USER508,2406.96,2026-09-23T22:10:20.128862,8,DEVICE173,0,Sylhet,0,294,789,1,150.86,0,0,0,0
TXN100738,USER286,USER031,2347.85,2026-09-22T01:40:21.128862,11,DEVICE125,0,Dhaka,0,1040,571,3,-896.56,0,0,0,0
TXN100310,USER223,USER074,1169.5,2026-09-08T07:46:42.128862,18,DEVICE122,0,Chattogram,1,694,115,1,-1094.43,1,0,0,0
TXN103521,USER099,USER137,2083.56,2026-09-20T23:08:50.128862,9,DEVICE189,0,Dhaka,0,649,117,2,-1338.35,0,0,0,0
TXN101131,USER141,USER354,2528.85,2026-09-26T12:24:28.128862,22,DEVICE156,0,Chattogram,0,165,810,2,445.59,0,0,0,0
TXN201106,USER052,USER294,45549.62,2026-09-09T01:24:16.128862,11,DEVICE058,0,Chattogram,0,25,25,16,44183.95,1,1,0,1
TXN104111,USER033,USER325,2785.9,2026-09-08T00:34:38.128862,10,DEVICE189,0,Chattogram,0,558,954,1,538.08,0,0,0,0
TXN102769,USER155,USER455,1725.15,2026-09-03T14:14:19.128862,0,DEVICE073,0,Dhaka,0,1051,515,1,598.44,0,0,0,0
TXN100920,USER196,USER118,3678.6,2026-09-18T22:52:35.128862,9,DEVICE057,0,Dhaka,0,1109,482,1,552.96,0,0,0,0
TXN103587,USER095,USER073,910.55,2026-09-05T03:03:49.128862,13,DEVICE138,0,Chattogram,0,405,601,3,-60.97,1,0,0,0
TXN103959,USER118,USER341,1624.49,2026-09-05T10:50:52.128862,21,DEVICE104,0,Sylhet,0,701,559,1,-900.67,0,0,0,0
TXN100038,USER099,USER232,3809.39,2026-09-08T12:49:31.128862,23,DEVICE189,0,Dhaka,0,649,849,1,387.48,0,0,0,0
TXN104459,USER157,USER254,1737.03,2026-09-30T08:21:50.128862,18,DEVICE170,0,Chattogram,0,783,963,1,24.2,1,0,0,0
TXN104278,USER056,USER547,1997.78,2026-09-21T03:22:43.128862,13,DEVICE103,0,Dhaka,0,680,305,1,-446.87,0,0,0,0
TXN102983,USER156,USER241,1815.53,2026-09-12T01:32:16.128862,11,DEVICE132,0,Sylhet,0,632,373,1,408.85,0,0,0,0
TXN201185,USER119,USER012,11725.01,2026-10-02T09:21:48.128862,19,DEVICE140,1,Chattogram,0,1092,152,9,9280.79,1,1,2,1
TXN102667,USER173,USER402,3145.42,2026-09-15T03:11:40.128862,13,DEVICE157,0,Barishal,1,291,138,1,1069.21,0,0,0,0
TXN103223,USER160,USER152,1235.89,2026-09-10T05:30:23.128862,15,DEVICE086,0,Chattogram,0,762,930,2,-158.7,0,0,0,0
TXN101182,USER146,USER114,1308.2,2026-10-02T03:32:17.128862,13,DEVICE114,0,Dhaka,0,991,483,1,-63.66,0,0,0,0
TXN100614,USER168,USER289,2350.99,2026-09-16T23:08:24.128862,9,DEVICE038,0,Dhaka,0,570,914,2,-255.25,0,0,0,0
TXN201089,USER252,USER344,20367.61,2026-09-27T10:43:15.128862,20,DEVICE350,1,Dhaka,0,25,26,8,17537.58,1,1,0,1
TXN101466,USER040,USER160,3493.13,2026-10-01T09:44:13.128862,19,DEVICE041,0,Khulna,1,995,243,1,1134.28,1,0,0,0
TXN104497,USER044,USER284,1529.1,2026-09-06T07:39:22.128862,17,DEVICE010,0,Dhaka,0,1097,321,1,-52.25,0,0,0,0
TXN103042,USER191,USER454,1407.68,2026-09-18T05:29:22.128862,15,DEVICE193,0,Chattogram,0,438,145,1,-531.4,0,0,0,0
TXN100934,USER079,USER222,2023.4,2026-09-07T09:42:26.128862,19,DEVICE071,1,Dhaka,0,358,805,2,508.22,0,0,0,0
TXN102419,USER141,USER547,2445.71,2026-09-13T07:48:05.128862,18,DEVICE156,0,Chattogram,0,165,331,1,362.45,1,0,0,0
TXN200611,USER040,USER039,30702.44,2026-09-12T11:52:58.128862,22,DEVICE213,1,Dhaka,0,28,15,15,28343.59,1,1,0,1
TXN200056,USER205,USER510,45308.32,2026-09-05T18:18:11.128862,4,DEVICE117,0,Sylhet,0,679,377,4,43197.09,1,0,0,1
TXN100826,USER114,USER388,880.86,2026-09-29T11:44:20.128862,21,DEVICE080,0,Chattogram,0,1129,373,1,-401.5,0,0,0,0
TXN101521,USER016,USER086,2247.28,2026-09-28T00:33:04.128862,10,DEVICE175,0,Chattogram,0,989,764,4,-24.06,1,1,0,0
TXN102930,USER048,USER275,1333.78,2026-09-06T00:36:35.128862,10,DEVICE118,0,Sylhet,0,926,518,2,-216.75,0,0,0,0
TXN104232,USER005,USER280,4198.38,2026-09-12T22:11:08.128862,8,DEVICE150,0,Gazipur,1,960,957,1,1409.91,0,0,0,0
TXN100628,USER048,USER209,1626.49,2026-09-09T09:38:23.128862,19,DEVICE118,0,Sylhet,0,926,636,1,75.96,0,0,0,0
TXN104430,USER081,USER038,2391.69,2026-09-13T06:08:16.128862,16,DEVICE081,0,Chattogram,0,987,624,3,76.0,1,0,0,0
TXN103853,USER114,USER204,1478.62,2026-09-19T08:33:18.128862,18,DEVICE080,0,Chattogram,0,1129,384,1,196.26,0,0,0,0
TXN100390,USER174,USER062,3502.53,2026-09-23T19:54:57.128862,6,DEVICE197,0,Sylhet,0,295,559,1,584.06,0,0,0,0
TXN104345,USER110,USER306,2518.57,2026-09-14T09:42:37.128862,19,DEVICE032,0,Sylhet,0,232,493,1,-856.73,0,0,0,0
TXN201050,USER168,USER303,38535.87,2026-09-30T15:48:05.128862,2,DEVICE_ROGUE_907,1,Sylhet,1,570,10,12,35929.63,1,1,2,1
TXN103990,USER014,USER448,1052.52,2026-09-28T23:27:22.128862,9,DEVICE092,0,Dhaka,0,719,950,1,-284.34,0,0,0,0
TXN100400,USER273,USER395,1233.93,2026-09-19T23:27:28.128862,9,DEVICE123,0,Sylhet,0,343,631,2,-1357.22,0,0,0,0
TXN103359,USER087,USER065,3392.59,2026-09-23T04:58:46.128862,15,DEVICE148,0,Chattogram,0,726,520,1,-100.76,0,0,0,0
TXN100046,USER172,USER150,3010.89,2026-09-12T22:44:06.128862,8,DEVICE122,0,Chattogram,0,978,837,1,669.07,0,0,0,0
TXN200953,USER195,USER108,30290.04,2026-09-25T09:42:15.128862,19,DEVICE109,0,Sylhet,0,8,9,17,28293.59,1,1,0,1
TXN201109,USER045,USER100,44257.1,2026-09-27T17:23:44.128862,3,DEVICE121,0,Dhaka,0,276,88,3,43241.66,1,0,1,1
TXN103642,USER290,USER150,1148.83,2026-10-02T23:34:22.128862,9,DEVICE125,0,Sylhet,0,376,222,2,-398.21,0,0,0,0
TXN103726,USER300,USER578,3211.62,2026-09-08T05:49:05.128862,16,DEVICE033,0,Chattogram,0,885,335,1,27.23,1,0,1,0
TXN201024,USER298,USER072,49593.18,2026-09-14T15:45:22.128862,2,DEVICE043,0,Chattogram,0,1190,283,5,48767.07,1,0,1,1
TXN102421,USER145,USER593,1445.56,2026-09-22T06:27:55.128862,16,DEVICE114,0,Khulna,1,295,731,1,-496.91,0,0,0,0
TXN101750,USER190,USER286,2349.12,2026-09-27T11:22:37.128862,21,DEVICE002,0,Dhaka,0,458,80,1,337.86,0,0,0,0
TXN200998,USER007,USER254,36323.33,2026-09-18T17:13:22.128862,3,DEVICE_ROGUE_969,1,Sylhet,1,550,6,9,33114.45,1,1,3,1
TXN200107,USER207,USER316,40056.88,2026-09-27T08:54:03.128862,19,DEVICE225,1,Dhaka,0,14,9,14,38174.07,1,1,0,1
TXN104062,USER242,USER074,2024.38,2026-09-09T21:58:32.128862,8,DEVICE340,1,Chattogram,0,837,693,1,-351.54,0,0,0,0
TXN100338,USER020,USER545,872.03,2026-09-07T03:50:43.128862,14,DEVICE091,0,Chattogram,0,914,612,2,54.48,0,0,0,0
TXN100215,USER177,USER580,1407.05,2026-09-16T04:02:24.128862,14,DEVICE306,1,Chattogram,0,703,977,1,345.34,0,0,0,0
TXN103663,USER180,USER192,2827.33,2026-09-16T06:55:36.128862,17,DEVICE050,0,Chattogram,0,754,965,1,766.36,1,0,0,0
TXN101341,USER116,USER491,2576.97,2026-09-10T19:33:27.128862,5,DEVICE105,0,Chattogram,0,95,200,2,-573.43,0,0,0,0
TXN200684,USER003,USER185,41337.66,2026-09-06T05:17:16.128862,15,DEVICE010,0,Dhaka,0,7,11,16,39795.08,1,1,0,1
TXN103894,USER237,USER574,3603.89,2026-09-25T07:31:28.128862,17,DEVICE113,0,Chattogram,0,288,128,2,400.11,0,0,0,0
TXN103640,USER003,USER579,1853.06,2026-09-10T06:18:39.128862,16,DEVICE010,0,Dhaka,0,631,821,2,310.48,0,0,0,0
TXN100329,USER141,USER270,3045.06,2026-09-22T04:56:37.128862,15,DEVICE156,0,Chattogram,0,165,729,5,961.8,0,1,0,0
TXN103004,USER294,USER440,1606.67,2026-10-01T01:05:41.128862,11,DEVICE172,0,Dhaka,0,1098,748,1,99.39,0,0,0,0
TXN200931,USER159,USER473,48683.19,2026-09-12T18:10:38.128862,4,DEVICE_ROGUE_979,1,Chattogram,1,254,11,10,47261.88,1,1,4,1
TXN103115,USER212,USER310,2419.39,2026-09-09T07:57:20.128862,18,DEVICE082,0,Dhaka,0,602,649,1,-497.6,0,0,1,0
TXN201001,USER020,USER471,30402.59,2026-09-12T00:19:13.128862,10,DEVICE371,1,Chattogram,0,8,20,12,29585.04,1,1,0,1
TXN102322,USER024,USER341,902.59,2026-09-21T07:25:00.128862,17,DEVICE159,0,Gazipur,1,1101,855,2,-317.2,0,0,0,0
TXN104197,USER081,USER437,2793.63,2026-09-04T09:00:39.128862,19,DEVICE081,0,Chattogram,0,987,613,1,477.94,1,0,0,0
TXN103549,USER014,USER539,2159.6,2026-09-20T22:30:14.128862,8,DEVICE031,1,Dhaka,0,719,236,1,822.74,1,0,0,0
TXN101458,USER234,USER046,2382.36,2026-09-04T00:11:50.128862,10,DEVICE161,0,Chattogram,0,479,545,1,-240.71,0,0,0,0
TXN100171,USER049,USER139,2833.44,2026-09-29T11:12:11.128862,21,DEVICE090,0,Dhaka,0,772,731,1,317.09,1,0,0,0
TXN104203,USER073,USER214,3509.07,2026-09-24T19:47:14.128862,6,DEVICE149,0,Dhaka,0,830,832,1,342.88,0,0,0,0
TXN200220,USER178,USER576,36086.55,2026-09-06T03:22:23.128862,13,DEVICE162,0,Sylhet,0,16,17,8,34122.71,1,1,0,1
TXN103569,USER059,USER377,1380.3,2026-09-25T23:04:24.128862,9,DEVICE018,0,Sylhet,0,1021,80,1,139.11,1,0,0,0
TXN104226,USER213,USER080,2428.18,2026-09-15T23:06:30.128862,9,DEVICE194,0,Chattogram,0,1025,472,2,399.66,1,0,0,0
TXN200088,USER256,USER322,41454.06,2026-09-05T16:55:09.128862,3,DEVICE_ROGUE_981,1,Sylhet,1,426,3,5,37964.6,1,1,2,1
TXN200136,USER300,USER574,22751.7,2026-09-10T08:15:45.128862,18,DEVICE264,1,Chattogram,0,11,28,18,19567.31,1,1,0,1
TXN100938,USER056,USER393,1897.45,2026-09-22T02:07:36.128862,12,DEVICE103,0,Dhaka,0,680,520,1,-547.2,1,0,1,0
TXN100060,USER225,USER036,1008.34,2026-09-10T21:34:54.128862,7,DEVICE067,0,Sylhet,0,900,640,1,53.99,1,0,0,0
TXN101240,USER208,USER270,516.04,2026-09-13T22:19:35.128862,8,DEVICE171,0,Dhaka,0,994,166,2,-442.28,0,0,0,0
TXN200209,USER296,USER092,34573.64,2026-09-15T18:06:05.128862,4,DEVICE_ROGUE_928,1,Sylhet,1,289,4,7,32284.1,1,1,3,1
TXN102120,USER202,USER541,4098.88,2026-09-08T02:42:41.128862,12,DEVICE143,0,Sylhet,0,612,367,1,797.69,0,0,0,0
TXN101524,USER076,USER591,1839.99,2026-09-13T04:16:46.128862,14,DEVICE028,0,Sylhet,0,195,239,1,-28.22,0,0,0,0
TXN100153,USER295,USER227,3013.07,2026-09-16T02:15:02.128862,12,DEVICE174,0,Dhaka,0,327,214,1,211.75,0,0,1,0
TXN100481,USER044,USER141,1462.69,2026-09-17T06:40:42.128862,16,DEVICE010,0,Dhaka,0,1097,495,1,-118.66,0,0,0,0
TXN104460,USER088,USER527,2134.44,2026-09-04T01:54:46.128862,12,DEVICE049,0,Sylhet,0,118,912,2,-41.28,1,0,0,0
TXN103920,USER038,USER572,1557.85,2026-09-05T04:35:06.128862,14,DEVICE064,0,Dhaka,0,1053,734,1,-912.15,0,0,0,0
TXN101762,USER245,USER343,1515.77,2026-09-06T04:13:16.128862,14,DEVICE139,0,Sylhet,0,694,995,1,164.27,0,0,0,0
TXN100750,USER035,USER223,1792.19,2026-09-17T10:33:48.128862,20,DEVICE106,0,Sylhet,0,641,833,1,-29.85,1,0,0,0
TXN101785,USER228,USER399,3217.81,2026-09-25T19:56:23.128862,6,DEVICE164,0,Dhaka,0,190,695,1,115.47,0,0,0,0
TXN104501,USER209,USER571,1881.37,2026-09-22T04:48:40.128862,15,DEVICE136,0,Chattogram,0,797,136,1,58.14,0,0,0,0
TXN102711,USER115,USER040,3250.0,2026-09-28T23:04:31.128862,9,DEVICE226,1,Chattogram,0,637,747,1,-14.1,0,0,0,0
TXN200045,USER243,USER111,47636.76,2026-09-10T18:09:31.128862,4,DEVICE086,0,Dhaka,0,359,366,2,45425.25,1,0,0,1
TXN104193,USER282,USER276,942.0,2026-09-27T01:06:58.128862,11,DEVICE189,0,Dhaka,0,141,913,1,-407.71,0,0,0,0
TXN101333,USER006,USER306,2210.51,2026-09-08T00:03:14.128862,10,DEVICE330,1,Sylhet,0,325,140,2,-416.58,0,0,0,0
TXN200535,USER233,USER060,17649.38,2026-09-10T22:27:01.128862,8,DEVICE066,1,Chattogram,0,25,7,9,15242.79,1,1,0,1
TXN102854,USER158,USER229,2182.63,2026-10-01T10:28:54.128862,20,DEVICE081,1,Sylhet,0,904,645,1,-205.8,1,0,0,0
TXN100186,USER123,USER507,2766.68,2026-09-11T01:16:53.128862,11,DEVICE050,0,Chattogram,0,1081,72,1,-135.61,0,0,0,0
TXN101136,USER024,USER409,1160.55,2026-09-25T10:03:30.128862,20,DEVICE107,1,Rangpur,1,1101,732,1,-59.24,1,0,0,0
TXN102058,USER265,USER534,3363.42,2026-09-28T05:21:18.128862,15,DEVICE100,0,Chattogram,0,552,877,1,312.31,1,0,0,0
TXN200222,USER225,USER438,39924.46,2026-09-17T10:44:31.128862,20,DEVICE067,0,Sylhet,0,27,10,11,38970.11,1,1,0,1
TXN100148,USER280,USER185,3150.45,2026-09-21T06:46:59.128862,17,DEVICE138,0,Dhaka,0,568,508,1,717.41,0,0,0,0
TXN104124,USER186,USER248,1585.41,2026-09-28T20:38:57.128862,6,DEVICE063,0,Chattogram,0,388,109,1,-130.71,0,0,1,0
TXN103363,USER223,USER417,2588.67,2026-09-22T23:35:54.128862,9,DEVICE122,0,Sylhet,0,694,769,1,324.74,0,0,0,0
TXN102866,USER167,USER326,1738.68,2026-09-05T00:31:11.128862,10,DEVICE051,0,Sylhet,0,230,187,3,296.07,0,0,0,0
TXN103776,USER168,USER596,2223.97,2026-09-14T03:45:25.128862,14,DEVICE038,0,Dhaka,0,570,685,1,-382.27,1,0,0,0
TXN101386,USER212,USER371,1403.37,2026-09-30T11:01:39.128862,21,DEVICE082,0,Dhaka,0,602,951,1,-1513.62,0,0,0,0
TXN200871,USER175,USER390,24651.34,2026-09-05T09:44:21.128862,19,DEVICE370,1,Sylhet,0,998,54,11,21671.1,1,1,1,1
TXN200159,USER246,USER197,41703.82,2026-09-07T13:14:33.128862,23,DEVICE_ROGUE_903,1,Sylhet,1,759,5,12,38970.1,1,1,2,1
TXN103629,USER188,USER111,2101.38,2026-09-30T08:16:38.128862,18,DEVICE168,0,Dhaka,0,1177,780,1,630.01,0,0,0,0
TXN200596,USER217,USER583,29780.76,2026-09-08T15:48:21.128862,2,DEVICE_ROGUE_936,1,Unknown,1,1079,12,6,27480.19,1,1,2,1
TXN103028,USER275,USER456,1249.82,2026-10-02T08:21:12.128862,18,DEVICE091,0,Dhaka,0,844,214,2,87.23,1,0,0,0
TXN102969,USER219,USER362,1236.57,2026-09-13T08:19:35.128862,18,DEVICE141,0,Sylhet,1,575,66,3,18.62,1,0,0,0
TXN200407,USER174,USER245,23699.51,2026-09-30T11:42:21.128862,21,DEVICE218,1,Sylhet,0,16,29,13,20781.04,1,1,0,1
TXN101708,USER095,USER404,1169.23,2026-09-12T06:19:40.128862,16,DEVICE138,0,Chattogram,0,405,884,2,197.71,0,0,0,0
TXN102953,USER293,USER234,1921.22,2026-09-14T05:54:03.128862,16,DEVICE087,0,Chattogram,0,713,968,1,-598.99,0,0,0,0
TXN100454,USER070,USER494,2161.64,2026-09-17T22:43:08.128862,8,DEVICE030,0,Chattogram,0,201,862,2,638.74,0,0,0,0
TXN100609,USER083,USER450,2559.25,2026-10-02T06:37:02.128862,16,DEVICE156,0,Sylhet,0,338,340,2,180.87,0,0,0,0
TXN104263,USER135,USER378,1023.15,2026-09-09T20:45:56.128862,7,DEVICE001,0,Dhaka,0,741,978,1,-8.11,0,0,0,0
TXN200281,USER002,USER422,11224.9,2026-09-14T10:58:04.128862,21,DEVICE302,1,Sylhet,0,568,200,18,10357.37,1,1,2,1
TXN102074,USER046,USER180,1307.2,2026-10-01T22:53:49.128862,9,DEVICE057,0,Dhaka,0,1052,497,2,-121.34,1,0,0,0
TXN104052,USER196,USER085,2961.62,2026-10-03T00:34:29.128862,10,DEVICE057,0,Dhaka,0,1109,400,1,-164.02,1,0,0,0
TXN200073,USER029,USER322,31910.48,2026-09-14T11:31:52.128862,21,DEVICE046,0,Dhaka,0,29,25,6,28822.25,1,1,0,1
TXN101622,USER061,USER085,2553.06,2026-09-17T08:06:14.128862,18,DEVICE072,0,Dhaka,0,734,963,2,-918.65,1,0,0,0
TXN104683,USER018,USER133,2577.87,2026-09-06T03:47:37.128862,14,DEVICE324,1,Chattogram,0,1049,457,1,186.85,0,0,0,0
TXN200452,USER013,USER386,23700.9,2026-10-03T08:59:12.128862,19,DEVICE207,1,Chattogram,0,429,17,18,22829.25,1,1,1,1
TXN100040,USER085,USER449,1869.67,2026-09-14T19:28:59.128862,5,DEVICE030,0,Sylhet,0,580,351,1,-8.71,0,0,0,0
TXN102089,USER012,USER415,2892.34,2026-10-01T02:34:14.128862,12,DEVICE094,0,Dhaka,0,212,163,3,727.88,0,0,0,0
TXN103924,USER013,USER349,721.33,2026-09-21T13:39:00.128862,23,DEVICE011,0,Chattogram,0,429,109,2,-150.32,0,0,0,0
TXN102175,USER215,USER057,4281.84,2026-09-17T03:40:21.128862,13,DEVICE157,0,Sylhet,0,497,598,1,897.08,0,0,0,0
TXN100074,USER164,USER354,4092.76,2026-09-08T12:33:36.128862,22,DEVICE173,0,Chattogram,0,1089,307,1,848.13,0,0,0,0
TXN201125,USER193,USER588,16745.82,2026-09-07T06:13:04.128862,16,DEVICE323,1,Sylhet,0,251,100,14,15271.34,1,1,1,1
TXN201116,USER078,USER556,12412.44,2026-10-02T09:56:38.128862,20,DEVICE292,1,Dhaka,0,636,157,19,10373.54,1,1,2,1
TXN102657,USER276,USER236,988.43,2026-09-12T10:58:43.128862,21,DEVICE077,0,Sylhet,0,626,815,5,-123.23,0,1,0,0
TXN103180,USER133,USER154,3799.95,2026-09-15T04:29:38.128862,14,DEVICE104,0,Chattogram,0,931,592,1,629.32,0,0,0,0
TXN102076,USER133,USER320,3773.45,2026-09-05T01:41:32.128862,11,DEVICE104,0,Chattogram,0,931,510,1,602.82,0,0,0,0
TXN100441,USER075,USER184,2852.65,2026-09-05T08:11:32.128862,18,DEVICE010,0,Sylhet,0,995,516,1,282.97,0,0,0,0
TXN102051,USER257,USER539,509.54,2026-09-18T00:01:14.128862,10,DEVICE105,0,Sylhet,0,616,900,1,-488.26,0,0,0,0
TXN102541,USER119,USER344,2259.66,2026-09-12T06:49:34.128862,17,DEVICE179,0,Chattogram,0,1092,834,1,-184.56,1,0,0,0
TXN101301,USER101,USER329,701.34,2026-09-29T00:35:18.128862,10,DEVICE051,0,Chattogram,0,1078,566,3,-129.66,1,0,0,0
TXN103430,USER264,USER036,1444.97,2026-09-10T07:09:50.128862,17,DEVICE108,0,Chattogram,0,378,719,1,219.05,0,0,0,0
TXN101304,USER235,USER083,2084.24,2026-09-05T00:54:08.128862,11,DEVICE062,0,Dhaka,0,603,812,1,649.19,0,0,0,0
TXN100236,USER268,USER429,4203.9,2026-09-25T12:41:12.128862,22,DEVICE179,0,Chattogram,0,274,547,2,738.37,0,0,0,0
TXN200195,USER165,USER130,30892.26,2026-10-03T01:16:35.128862,11,DEVICE080,0,Dhaka,0,5,13,15,27771.24,1,1,0,1
TXN102599,USER178,USER083,2660.47,2026-09-10T00:48:29.128862,11,DEVICE162,0,Sylhet,0,149,66,4,696.63,1,1,0,0
TXN104616,USER201,USER541,3433.38,2026-09-12T23:18:43.128862,9,DEVICE369,1,Chattogram,0,1031,236,2,17.09,0,0,0,0
TXN102573,USER005,USER053,1881.45,2026-09-12T02:57:11.128862,13,DEVICE150,0,Sylhet,0,960,260,2,-907.02,0,0,0,0
TXN103280,USER159,USER444,1064.44,2026-09-08T01:01:24.128862,11,DEVICE159,0,Sylhet,0,254,827,1,-356.87,0,0,0,0
TXN103186,USER059,USER489,1140.38,2026-09-22T11:27:37.128862,21,DEVICE018,0,Sylhet,0,1021,728,1,-100.81,0,0,0,0
TXN103953,USER091,USER017,832.23,2026-09-29T08:27:31.128862,18,DEVICE182,0,Chattogram,0,550,700,2,-263.82,0,0,0,0
TXN102768,USER272,USER269,1400.8,2026-09-07T06:34:25.128862,16,DEVICE098,0,Sylhet,0,1188,819,1,-207.52,0,0,0,0
TXN104223,USER004,USER190,1540.83,2026-09-26T11:44:57.128862,21,DEVICE095,0,Chattogram,0,495,515,2,138.16,0,0,0,0
TXN102106,USER060,USER417,1626.63,2026-09-30T09:54:37.128862,20,DEVICE198,0,Sylhet,0,270,69,1,-197.9,0,0,0,0
TXN102679,USER126,USER239,1843.25,2026-09-05T21:28:22.128862,7,DEVICE098,0,Chattogram,0,862,755,3,168.03,0,0,0,0
TXN102761,USER073,USER003,3121.38,2026-09-12T09:34:52.128862,19,DEVICE149,0,Rangpur,1,830,770,2,-44.81,0,0,0,0
TXN104688,USER160,USER549,840.98,2026-09-16T00:48:53.128862,11,DEVICE086,0,Chattogram,0,762,799,1,-553.61,0,0,0,0
TXN101387,USER099,USER383,3348.28,2026-09-23T02:39:08.128862,12,DEVICE189,0,Dhaka,0,649,550,1,-73.63,0,0,0,0
TXN200831,USER062,USER286,17910.36,2026-09-27T09:45:57.128862,20,DEVICE090,0,Dhaka,0,13,5,18,15382.36,1,1,0,1
TXN200626,USER102,USER045,15868.84,2026-09-16T10:30:12.128862,20,DEVICE200,1,Sylhet,0,7,20,6,13122.89,1,1,0,1
TXN101279,USER090,USER359,1248.57,2026-10-02T03:26:16.128862,13,DEVICE012,0,Sylhet,0,280,358,1,321.36,0,0,0,0
TXN201079,USER099,USER419,29736.33,2026-09-23T16:46:02.128862,3,DEVICE_ROGUE_942,1,Sylhet,1,649,13,9,26314.42,1,1,4,1
TXN101555,USER175,USER365,4679.35,2026-09-16T19:17:48.128862,5,DEVICE019,0,Sylhet,0,998,557,3,1699.11,0,0,0,0
TXN200622,USER111,USER117,42431.13,2026-09-13T13:32:27.128862,23,DEVICE_ROGUE_922,1,Coxs Bazar,1,655,11,6,39266.33,1,1,4,1
TXN103190,USER020,USER227,601.55,2026-09-23T05:43:51.128862,15,DEVICE091,0,Chattogram,0,914,748,1,-216.0,0,0,0,0
TXN104566,USER097,USER596,3714.78,2026-09-04T18:01:01.128862,4,DEVICE185,0,Chattogram,0,687,707,1,225.25,0,0,0,0
TXN200002,USER254,USER486,16985.72,2026-09-25T04:02:02.128862,14,DEVICE201,1,Dhaka,0,5,7,13,14948.35,1,1,0,1
TXN200826,USER113,USER412,44790.28,2026-09-12T06:45:34.128862,17,DEVICE321,1,Sylhet,0,20,10,9,42638.7,1,1,0,1
TXN103594,USER142,USER198,2131.2,2026-09-18T02:44:29.128862,12,DEVICE168,0,Sylhet,0,348,595,1,-153.27,0,0,0,0
TXN101920,USER253,USER398,785.66,2026-09-11T07:59:48.128862,18,DEVICE181,0,Dhaka,0,1177,429,1,-210.21,0,0,0,0
TXN100513,USER158,USER100,2498.71,2026-09-09T03:38:50.128862,13,DEVICE163,0,Sylhet,0,904,176,1,110.28,0,0,0,0
TXN104177,USER030,USER167,3043.92,2026-09-16T00:51:39.128862,11,DEVICE106,0,Sylhet,0,602,344,1,613.86,0,0,0,0
TXN101308,USER034,USER158,2663.77,2026-09-11T05:34:18.128862,15,DEVICE086,0,Dhaka,0,132,814,2,-763.64,0,0,0,0
TXN100914,USER097,USER431,3962.97,2026-09-28T06:55:51.128862,17,DEVICE185,0,Chattogram,0,687,255,3,473.44,0,0,0,0
TXN103452,USER038,USER556,3511.51,2026-09-08T22:36:51.128862,8,DEVICE064,0,Dhaka,0,1053,528,2,1041.51,0,0,0,0
TXN103695,USER154,USER184,2080.7,2026-09-28T09:04:37.128862,19,DEVICE022,0,Sylhet,0,243,435,1,-116.75,1,0,0,0
TXN104242,USER240,USER401,1700.54,2026-09-07T02:28:16.128862,12,DEVICE074,0,Dhaka,0,992,530,2,-771.79,0,0,0,0
TXN103156,USER126,USER321,1599.42,2026-09-28T06:55:03.128862,17,DEVICE098,0,Chattogram,0,862,614,1,-75.8,0,0,0,0
TXN102198,USER087,USER528,3495.54,2026-10-01T07:39:45.128862,17,DEVICE148,0,Chattogram,0,726,84,2,2.19,0,0,0,0
TXN100774,USER101,USER159,781.62,2026-09-04T09:46:08.128862,20,DEVICE051,0,Chattogram,0,1078,563,1,-49.38,0,0,0,0
TXN104425,USER213,USER224,1665.07,2026-09-11T17:52:37.128862,4,DEVICE194,0,Chattogram,0,1025,231,2,-363.45,0,0,0,0
TXN100943,USER216,USER446,2518.11,2026-09-13T23:57:25.128862,10,DEVICE253,1,Sylhet,0,877,341,1,-969.53,0,0,0,0
TXN100822,USER084,USER410,3666.82,2026-09-12T03:28:40.128862,13,DEVICE131,0,Dhaka,0,149,268,1,442.7,1,0,0,0
TXN104277,USER283,USER121,2009.84,2026-09-28T01:19:50.128862,11,DEVICE140,0,Dhaka,0,761,360,1,-502.6,0,0,0,0
TXN100164,USER288,USER518,1306.67,2026-09-17T06:28:44.128862,16,DEVICE070,0,Chattogram,0,926,560,1,257.46,1,0,0,0
TXN104547,USER205,USER538,2166.03,2026-09-17T02:23:15.128862,12,DEVICE041,1,Sylhet,0,679,957,1,54.8,0,0,0,0
TXN103983,USER084,USER325,2603.75,2026-09-21T05:10:41.128862,15,DEVICE131,0,Dhaka,0,149,402,1,-620.37,0,0,0,0
TXN102538,USER102,USER241,4073.18,2026-09-17T00:39:54.128862,10,DEVICE094,0,Sylhet,0,1057,789,2,1327.23,0,0,0,0
TXN200924,USER084,USER323,44571.49,2026-09-05T16:45:20.128862,3,DEVICE131,0,Dhaka,0,149,134,3,41347.37,1,0,1,1
TXN101311,USER108,USER052,2065.06,2026-09-16T07:05:53.128862,17,DEVICE081,0,Sylhet,0,1130,262,3,91.19,0,0,0,0
TXN201038,USER037,USER005,16239.98,2026-09-24T10:13:17.128862,20,DEVICE280,1,Sylhet,0,26,20,6,13200.59,1,1,0,1
TXN200197,USER126,USER572,23033.36,2026-09-10T03:30:31.128862,13,DEVICE176,1,Chattogram,0,862,26,17,21358.14,1,1,1,1
TXN200768,USER261,USER538,49578.41,2026-09-22T16:33:26.128862,2,DEVICE_ROGUE_975,1,Coxs Bazar,1,325,6,12,46400.08,1,1,3,1
TXN103300,USER077,USER502,3937.41,2026-09-19T02:27:40.128862,12,DEVICE153,0,Sylhet,0,506,419,2,668.13,0,0,0,0
TXN103310,USER202,USER443,4142.17,2026-09-11T07:59:07.128862,18,DEVICE143,0,Sylhet,0,612,557,2,840.98,1,0,0,0
TXN100327,USER184,USER042,1125.35,2026-09-18T22:59:17.128862,9,DEVICE127,0,Chattogram,0,857,744,2,59.62,0,0,0,0
TXN102490,USER028,USER432,783.96,2026-09-28T08:14:09.128862,18,DEVICE042,0,Chattogram,0,974,671,1,-277.17,0,0,0,0
TXN200820,USER012,USER587,49500.57,2026-09-06T17:34:41.128862,3,DEVICE094,0,Dhaka,0,212,325,4,47336.11,1,0,0,1
TXN104408,USER106,USER288,2143.72,2026-09-30T08:01:56.128862,18,DEVICE085,0,Chattogram,0,875,662,1,-386.88,0,0,0,0
TXN100832,USER161,USER093,866.68,2026-09-06T06:31:28.128862,16,DEVICE024,0,Chattogram,0,1182,118,1,-125.0,1,0,0,0
TXN103079,USER277,USER569,1056.78,2026-09-18T08:51:03.128862,19,DEVICE193,0,Dhaka,0,870,274,2,-32.22,0,0,0,0
TXN103462,USER075,USER291,1995.84,2026-09-29T07:53:35.128862,18,DEVICE010,0,Sylhet,0,995,356,1,-573.84,0,0,0,0
TXN200453,USER149,USER181,8977.73,2026-09-17T02:27:53.128862,12,DEVICE238,1,Dhaka,0,1025,49,19,7634.62,1,1,1,1
TXN100054,USER162,USER318,2013.67,2026-09-30T04:19:43.128862,14,DEVICE193,0,Dhaka,0,868,255,2,-490.31,0,0,0,0
TXN104064,USER220,USER450,1129.97,2026-10-02T00:24:34.128862,10,DEVICE115,0,Dhaka,0,871,940,2,-471.14,1,0,0,0
TXN103451,USER260,USER310,3172.09,2026-09-17T07:24:45.128862,17,DEVICE120,0,Dhaka,0,783,472,1,-147.71,0,0,0,0
TXN101901,USER259,USER406,1087.69,2026-09-21T08:38:14.128862,18,DEVICE334,1,Sylhet,0,694,784,1,-428.35,0,0,0,0
TXN101481,USER021,USER320,1916.59,2026-09-17T09:50:55.128862,20,DEVICE200,0,Chattogram,0,647,200,1,-1059.12,1,0,0,0
TXN104150,USER260,USER532,3547.01,2026-09-09T22:43:29.128862,8,DEVICE120,0,Dhaka,0,783,187,5,227.21,0,1,1,0
TXN103335,USER054,USER384,4612.96,2026-09-21T08:55:44.128862,19,DEVICE169,0,Chattogram,0,933,843,1,1283.99,0,0,0,0
TXN100946,USER049,USER426,1686.43,2026-09-12T07:06:01.128862,17,DEVICE090,0,Dhaka,0,772,853,3,-829.92,0,0,0,0
TXN103293,USER100,USER470,2889.89,2026-09-12T21:59:56.128862,8,DEVICE172,0,Chattogram,0,940,877,1,-234.22,0,0,0,0
TXN102161,USER277,USER113,899.04,2026-09-27T05:44:13.128862,15,DEVICE193,0,Dhaka,0,870,564,1,-189.96,1,0,0,0
TXN200276,USER026,USER054,38543.12,2026-09-09T15:59:36.128862,2,DEVICE040,0,Chattogram,0,254,335,5,36834.31,1,0,1,1
TXN103057,USER183,USER591,3722.78,2026-09-20T02:27:26.128862,12,DEVICE099,0,Chattogram,0,824,800,2,265.53,0,0,0,0
TXN100768,USER196,USER534,1933.74,2026-09-18T00:25:13.128862,10,DEVICE057,0,Dhaka,0,1109,257,1,-1191.9,1,0,0,0
TXN200840,USER060,USER062,41711.24,2026-09-22T16:09:36.128862,2,DEVICE198,0,Sylhet,0,270,324,2,39886.71,1,0,1,1
TXN103495,USER170,USER198,772.02,2026-09-07T10:34:47.128862,20,DEVICE012,0,Sylhet,0,555,460,2,-385.22,0,0,1,0
TXN100285,USER156,USER521,1449.59,2026-09-24T05:27:42.128862,15,DEVICE132,0,Sylhet,0,632,115,1,42.91,0,0,0,0
TXN201126,USER217,USER516,17416.29,2026-09-11T03:31:21.128862,13,DEVICE233,1,Dhaka,0,1079,122,16,15115.72,1,1,2,1
TXN104524,USER036,USER168,2409.53,2026-09-09T21:03:07.128862,7,DEVICE172,0,Dhaka,0,172,510,1,119.02,0,0,0,0
TXN200532,USER164,USER587,14243.81,2026-09-06T07:26:43.128862,17,DEVICE290,1,Chattogram,0,1089,52,10,10999.18,1,1,2,1
TXN102332,USER203,USER527,3942.66,2026-09-12T07:51:49.128862,18,DEVICE064,0,Sylhet,0,109,844,1,851.18,0,0,0,0
TXN102717,USER183,USER412,4204.07,2026-09-28T22:10:06.128862,8,DEVICE099,0,Chattogram,0,824,209,2,746.82,1,0,0,0
TXN102079,USER087,USER168,4478.69,2026-09-28T10:52:00.128862,21,DEVICE148,0,Chattogram,0,726,744,1,985.34,0,0,0,0
TXN103389,USER028,USER248,1011.1,2026-10-02T02:16:00.128862,12,DEVICE042,0,Chattogram,0,974,381,1,-50.03,1,0,1,0
TXN100722,USER090,USER348,1046.6,2026-09-11T08:56:25.128862,19,DEVICE135,1,Sylhet,0,280,81,1,119.39,0,0,0,0
TXN100951,USER164,USER152,2845.62,2026-10-02T08:40:10.128862,18,DEVICE173,0,Chattogram,0,1089,185,1,-399.01,0,0,0,0
TXN200783,USER092,USER325,26607.53,2026-09-12T13:14:14.128862,23,DEVICE_ROGUE_911,1,Unknown,1,322,6,8,24113.43,1,1,3,1
TXN102262,USER142,USER567,2300.73,2026-09-05T01:06:23.128862,11,DEVICE168,0,Sylhet,0,348,733,1,16.26,1,0,0,0
TXN100989,USER124,USER175,2416.41,2026-09-26T04:19:25.128862,14,DEVICE108,0,Chattogram,0,796,743,2,184.46,1,0,0,0
TXN103212,USER058,USER192,2971.33,2026-09-25T09:07:37.128862,19,DEVICE121,1,Sylhet,0,165,125,1,202.69,1,0,0,0
TXN101759,USER293,USER378,2110.26,2026-09-06T11:35:42.128862,21,DEVICE087,0,Chattogram,0,713,180,1,-409.95,0,0,0,0
TXN200119,USER099,USER410,48985.99,2026-09-05T16:17:02.128862,2,DEVICE189,0,Dhaka,0,649,306,5,45564.08,1,0,0,1
TXN104422,USER117,USER108,1055.48,2026-09-15T21:07:52.128862,7,DEVICE084,0,Sylhet,0,669,67,2,-550.32,0,0,0,0
TXN101724,USER007,USER280,2570.21,2026-09-26T02:12:03.128862,12,DEVICE038,0,Sylhet,0,550,891,1,-638.67,0,0,0,0
TXN100341,USER210,USER264,3813.73,2026-09-25T23:33:03.128862,9,DEVICE268,1,Dhaka,0,702,67,1,353.4,0,0,0,0
TXN103701,USER154,USER245,2524.58,2026-09-21T07:25:56.128862,17,DEVICE022,0,Sylhet,0,243,232,1,327.13,0,0,0,0
TXN104243,USER015,USER507,2239.74,2026-09-06T02:30:06.128862,12,DEVICE054,0,Dhaka,0,681,173,2,-314.95,0,0,0,0
TXN100688,USER166,USER265,1126.7,2026-09-30T01:42:20.128862,11,DEVICE058,0,Chattogram,0,163,671,1,135.39,0,0,0,0
TXN103432,USER275,USER323,1329.07,2026-09-16T00:22:01.128862,10,DEVICE091,0,Dhaka,0,844,653,1,166.48,0,0,0,0
TXN100966,USER057,USER047,918.27,2026-09-22T09:28:31.128862,19,DEVICE085,0,Sylhet,0,910,231,1,-343.8,0,0,0,0
TXN200866,USER002,USER098,43688.29,2026-09-11T23:37:05.128862,9,DEVICE140,0,Sylhet,0,15,15,13,42820.76,1,1,0,1
TXN102203,USER252,USER123,1979.9,2026-09-17T05:29:33.128862,15,DEVICE040,0,Dhaka,0,839,851,1,-850.13,0,0,0,0
TXN102713,USER157,USER334,1932.99,2026-09-13T11:53:03.128862,22,DEVICE170,0,Chattogram,0,783,671,1,220.16,0,0,0,0
TXN104757,USER043,USER457,1672.3,2026-10-03T08:54:50.128862,19,DEVICE098,0,Sylhet,0,982,179,1,256.97,0,0,0,0
TXN200932,USER224,USER135,37094.78,2026-09-25T15:52:59.128862,2,DEVICE_ROGUE_973,1,Unknown,1,134,3,7,34275.25,1,1,2,1
TXN201142,USER146,USER511,36148.17,2026-10-01T17:27:59.128862,3,DEVICE114,0,Dhaka,0,991,216,5,34776.31,1,0,0,1
TXN103572,USER275,USER274,1192.55,2026-09-25T06:24:07.128862,16,DEVICE091,0,Dhaka,0,844,511,2,29.96,0,0,1,0
TXN200005,USER243,USER490,40736.38,2026-09-12T17:16:01.128862,3,DEVICE086,0,Dhaka,0,359,30,3,38524.87,1,0,0,1
TXN101990,USER063,USER456,2611.53,2026-09-17T07:06:06.128862,17,DEVICE165,0,Chattogram,0,752,806,1,307.77,0,0,0,0
TXN104120,USER255,USER557,4629.61,2026-09-25T04:47:53.128862,15,DEVICE017,0,Sylhet,0,648,915,2,1133.78,0,0,0,0
TXN104759,USER011,USER568,1665.13,2026-09-25T00:00:52.128862,10,DEVICE291,1,Chattogram,0,236,730,1,274.81,0,0,0,0
TXN200114,USER014,USER035,16095.18,2026-09-05T07:35:39.128862,17,DEVICE207,1,Dhaka,0,28,6,10,14758.32,1,1,0,1
TXN200753,USER087,USER121,22017.39,2026-09-06T08:32:05.128862,18,DEVICE010,1,Chattogram,0,726,75,8,18524.04,1,1,1,1
TXN200993,USER002,USER521,24862.15,2026-09-06T13:43:49.128862,23,DEVICE219,1,Sylhet,0,568,99,11,23994.62,1,1,2,1
TXN103600,USER186,USER120,1034.44,2026-09-22T03:14:25.128862,13,DEVICE063,0,Chattogram,0,388,918,2,-681.68,0,0,0,0
TXN200672,USER276,USER131,9550.42,2026-10-02T00:58:33.128862,11,DEVICE074,1,Sylhet,0,626,56,18,8438.76,1,1,2,1
TXN201171,USER105,USER544,46116.62,2026-09-30T17:27:16.128862,3,DEVICE171,0,Dhaka,0,386,202,5,44596.19,1,0,1,1
TXN200138,USER278,USER023,43832.62,2026-09-03T16:48:24.128862,3,DEVICE100,0,Chattogram,0,850,201,3,41538.92,1,0,0,1
TXN100385,USER129,USER391,3620.1,2026-09-07T09:34:58.128862,19,DEVICE045,0,Sylhet,0,476,513,1,447.55,0,0,0,0
TXN200428,USER226,USER127,48066.82,2026-09-28T17:41:43.128862,3,DEVICE193,0,Chattogram,0,652,113,2,45689.54,1,0,1,1
TXN200674,USER245,USER497,39508.64,2026-09-03T16:57:17.128862,3,DEVICE139,0,Sylhet,0,694,130,5,38157.14,1,0,0,1
TXN100536,USER197,USER375,2166.43,2026-09-05T03:08:36.128862,13,DEVICE046,0,Dhaka,0,383,128,1,-119.45,0,0,0,0
TXN200821,USER057,USER383,30867.75,2026-09-25T17:07:52.128862,3,DEVICE_ROGUE_964,1,Unknown,1,910,4,12,29605.68,1,1,2,1
TXN104212,USER233,USER590,2542.89,2026-09-05T23:10:23.128862,9,DEVICE125,0,Chattogram,0,538,397,4,136.3,0,1,0,0
TXN103507,USER158,USER386,2729.95,2026-09-28T06:18:49.128862,16,DEVICE163,0,Sylhet,0,904,733,1,341.52,0,0,0,0
TXN100201,USER005,USER344,3186.25,2026-09-24T14:10:07.128862,0,DEVICE150,0,Sylhet,0,960,270,1,397.78,0,0,0,0
TXN101332,USER097,USER124,4009.85,2026-09-05T00:33:09.128862,10,DEVICE185,0,Chattogram,0,687,349,2,520.32,0,0,0,0
TXN103502,USER254,USER070,2480.05,2026-09-29T11:56:31.128862,22,DEVICE055,0,Dhaka,0,1117,435,2,442.68,0,0,0,0
TXN102708,USER089,USER320,1664.7,2026-09-07T10:29:51.128862,20,DEVICE066,0,Chattogram,0,925,822,5,619.24,0,1,0,0
TXN104662,USER185,USER366,1433.48,2026-09-14T01:17:39.128862,11,DEVICE103,0,Chattogram,0,972,957,2,-453.6,0,0,1,0
TXN104021,USER300,USER565,3048.87,2026-09-27T09:35:41.128862,19,DEVICE033,0,Chattogram,0,885,383,1,-135.52,0,0,0,0
TXN101854,USER249,USER253,4041.28,2026-09-27T01:08:52.128862,11,DEVICE060,0,Dhaka,0,501,735,2,1427.72,0,0,0,0
TXN200558,USER207,USER373,20733.88,2026-09-18T15:49:55.128862,2,DEVICE010,1,Dhaka,0,241,97,13,18851.07,1,1,2,1
TXN102872,USER192,USER196,1627.26,2026-09-18T06:55:16.128862,17,DEVICE198,0,Dhaka,0,448,391,3,75.19,0,0,0,0
TXN103030,USER258,USER594,1299.61,2026-09-27T00:41:30.128862,10,DEVICE085,0,Gazipur,1,1076,486,1,-75.91,0,0,0,0
TXN101205,USER194,USER538,3518.99,2026-09-06T21:45:35.128862,8,DEVICE200,0,Sylhet,0,873,127,1,226.17,1,0,0,0
TXN101645,USER191,USER527,2561.44,2026-09-11T01:25:47.128862,11,DEVICE193,0,Dhaka,1,438,266,1,622.36,1,0,0,0
TXN103417,USER269,USER427,2817.07,2026-09-10T06:08:47.128862,16,DEVICE006,0,Sylhet,0,898,175,1,251.33,0,0,0,0
TXN103476,USER021,USER204,2380.4,2026-09-30T10:28:24.128862,20,DEVICE200,0,Chattogram,0,647,174,2,-595.31,1,0,0,0
TXN102861,USER115,USER223,3838.68,2026-09-23T12:19:00.128862,22,DEVICE171,0,Chattogram,0,637,227,1,574.58,1,0,0,0
TXN101792,USER297,USER122,1657.63,2026-09-14T13:53:15.128862,0,DEVICE186,0,Sylhet,0,570,578,1,-297.12,0,0,0,0
TXN103797,USER273,USER508,2294.64,2026-09-11T08:30:55.128862,18,DEVICE123,0,Sylhet,0,343,574,2,-296.51,0,0,0,0
TXN103368,USER276,USER187,791.09,2026-09-22T09:36:03.128862,19,DEVICE077,0,Sylhet,0,626,725,3,-320.57,0,0,0,0
TXN103367,USER193,USER275,1600.63,2026-09-22T08:09:37.128862,18,DEVICE028,0,Sylhet,0,251,591,1,126.15,1,0,0,0
TXN103533,USER294,USER367,1746.83,2026-10-02T22:00:40.128862,8,DEVICE172,0,Dhaka,0,1098,665,1,239.55,0,0,0,0
TXN200459,USER298,USER309,35005.41,2026-09-30T16:58:51.128862,3,DEVICE_ROGUE_960,1,Sylhet,1,1190,5,12,34179.3,1,1,3,1
TXN103449,USER263,USER371,1868.35,2026-09-16T07:42:49.128862,17,DEVICE053,0,Chattogram,0,244,351,1,70.63,0,0,0,0
TXN100603,USER298,USER538,1117.77,2026-10-01T22:50:28.128862,9,DEVICE043,0,Chattogram,0,1190,380,1,291.66,0,0,0,0
TXN103056,USER211,USER435,2147.77,2026-09-23T10:20:55.128862,20,DEVICE153,0,Chattogram,0,958,287,2,631.72,0,0,0,0
TXN200412,USER059,USER498,37686.91,2026-09-04T12:12:38.128862,22,DEVICE028,1,Sylhet,0,11,7,16,36445.72,1,1,0,1
TXN100126,USER173,USER264,1851.3,2026-09-19T08:31:54.128862,18,DEVICE157,0,Chattogram,0,291,810,2,-224.91,0,0,0,0
TXN103876,USER251,USER207,1202.11,2026-09-24T06:14:07.128862,16,DEVICE178,0,Chattogram,0,1194,662,3,-451.57,0,0,1,0
TXN102935,USER254,USER156,2405.65,2026-09-10T10:36:00.128862,20,DEVICE055,0,Dhaka,0,1117,926,1,368.28,0,0,0,0
TXN104451,USER227,USER043,2391.84,2026-09-09T22:11:13.128862,8,DEVICE064,0,Dhaka,0,106,120,1,234.14,0,0,1,0
TXN103531,USER245,USER304,1707.89,2026-09-24T23:11:02.128862,9,DEVICE139,0,Sylhet,0,694,120,1,356.39,0,0,0,0
TXN102730,USER267,USER331,2799.35,2026-09-21T06:55:58.128862,17,DEVICE150,0,Chattogram,0,839,663,2,347.82,0,0,0,0
TXN100827,USER049,USER542,2745.1,2026-09-22T01:40:31.128862,11,DEVICE090,0,Dhaka,0,772,978,1,228.75,1,0,0,0
TXN101639,USER113,USER166,2306.89,2026-09-13T08:00:14.128862,18,DEVICE130,0,Sylhet,0,786,319,1,155.31,0,0,0,0
TXN100984,USER171,USER100,1819.23,2026-09-22T09:15:57.128862,19,DEVICE063,0,Gazipur,1,275,750,1,-1506.66,0,0,0,0
TXN103281,USER046,USER486,1473.83,2026-09-04T08:04:48.128862,18,DEVICE057,0,Dhaka,0,1052,868,1,45.29,0,0,0,0
TXN201162,USER099,USER330,46542.49,2026-09-03T14:54:28.128862,1,DEVICE_ROGUE_907,1,Sylhet,1,649,8,12,43120.58,1,1,2,1
TXN102188,USER219,USER052,815.76,2026-10-01T00:26:53.128862,10,DEVICE141,0,Dhaka,0,575,287,1,-402.19,0,0,0,0
TXN200723,USER131,USER422,31951.32,2026-09-30T13:29:20.128862,23,DEVICE_ROGUE_939,1,Chattogram,1,874,1,5,30321.03,1,1,2,1
TXN102443,USER080,USER539,1620.44,2026-09-22T23:22:51.128862,9,DEVICE187,0,Chattogram,1,679,99,2,154.55,0,0,0,0
TXN100362,USER176,USER375,1091.89,2026-09-16T21:58:39.128862,8,DEVICE117,0,Chattogram,0,430,934,1,-222.22,0,0,0,0
TXN102349,USER024,USER249,1148.05,2026-09-05T07:11:44.128862,17,DEVICE159,0,Chattogram,0,1101,483,1,-71.74,0,0,0,0
TXN100345,USER083,USER103,2065.74,2026-09-15T23:35:34.128862,9,DEVICE156,0,Sylhet,0,338,760,1,-312.64,0,0,0,0
TXN100814,USER248,USER445,2531.8,2026-09-07T23:51:33.128862,10,DEVICE039,0,Dhaka,0,449,874,3,663.18,0,0,0,0
TXN200007,USER084,USER429,21559.8,2026-09-22T10:00:11.128862,20,DEVICE396,1,Dhaka,0,149,120,13,18335.68,1,1,1,1
TXN103205,USER287,USER111,1768.9,2026-09-14T16:33:44.128862,2,DEVICE057,0,Dhaka,0,708,488,1,-1315.58,0,0,0,0
TXN200614,USER257,USER282,36595.84,2026-09-27T15:49:09.128862,2,DEVICE105,0,Sylhet,0,616,117,2,35598.04,1,0,0,1
TXN200949,USER027,USER410,45768.26,2026-09-11T13:13:00.128862,23,DEVICE_ROGUE_931,1,Chattogram,1,171,11,12,44717.85,1,1,3,1
TXN103325,USER134,USER274,3560.78,2026-09-21T10:20:55.128862,20,DEVICE141,0,Chattogram,0,179,820,2,204.02,0,0,1,0
TXN104106,USER136,USER095,2525.53,2026-10-03T04:45:56.128862,15,DEVICE078,0,Chattogram,0,1058,377,1,413.36,0,0,0,0
TXN102116,USER144,USER433,2852.73,2026-09-18T07:54:15.128862,18,DEVICE120,0,Chattogram,0,769,87,1,-302.84,0,0,0,0
TXN101834,USER192,USER274,1608.3,2026-09-18T01:34:59.128862,11,DEVICE198,0,Dhaka,0,448,751,2,56.23,0,0,0,0
TXN100793,USER100,USER147,2641.71,2026-10-02T09:22:03.128862,19,DEVICE172,0,Chattogram,0,940,190,1,-482.4,0,0,0,0
TXN201135,USER024,USER095,22647.71,2026-10-03T03:32:26.128862,13,DEVICE159,0,Chattogram,0,27,23,18,21427.92,1,1,0,1
TXN102674,USER128,USER530,2602.33,2026-09-22T06:01:01.128862,16,DEVICE192,0,Sylhet,0,749,949,1,-706.24,1,0,0,0
TXN100094,USER282,USER162,1456.94,2026-10-03T02:42:09.128862,12,DEVICE189,0,Dhaka,0,141,834,2,107.23,0,0,0,0
TXN104225,USER040,USER565,1432.72,2026-09-09T06:44:08.128862,16,DEVICE041,0,Dhaka,0,995,977,3,-926.13,0,0,0,0
TXN103756,USER258,USER347,1774.93,2026-09-15T10:28:16.128862,20,DEVICE085,0,Sylhet,0,1076,593,1,399.41,0,0,0,0
TXN102891,USER292,USER381,2646.67,2026-09-11T21:07:31.128862,7,DEVICE100,0,Chattogram,0,166,532,2,-235.35,0,0,0,0
TXN102371,USER202,USER247,4421.39,2026-09-29T00:43:15.128862,10,DEVICE143,0,Sylhet,0,612,191,1,1120.2,1,0,0,0
TXN200165,USER017,USER408,33797.19,2026-09-28T08:20:57.128862,18,DEVICE064,0,Chattogram,0,28,13,11,32402.0,1,1,0,1
TXN200867,USER045,USER138,9707.31,2026-09-12T16:46:07.128862,3,DEVICE279,1,Dhaka,0,276,149,11,8691.87,1,1,1,1
TXN103228,USER068,USER034,619.8,2026-10-03T05:48:37.128862,16,DEVICE085,0,Sylhet,0,1036,135,1,-266.87,0,0,0,0
TXN200542,USER054,USER018,41611.57,2026-09-08T15:41:19.128862,1,DEVICE_ROGUE_904,1,Sylhet,1,933,14,5,38282.6,1,1,2,1
TXN102853,USER237,USER532,2017.22,2026-09-23T03:40:37.128862,13,DEVICE113,0,Chattogram,0,288,985,1,-1186.56,0,0,0,0
TXN102912,USER128,USER588,2738.57,2026-09-16T01:50:14.128862,12,DEVICE192,0,Sylhet,0,749,866,4,-570.0,1,1,0,0
TXN101865,USER191,USER051,2048.98,2026-09-11T10:39:10.128862,20,DEVICE193,0,Chattogram,0,438,945,1,109.9,0,0,0,0
TXN104612,USER099,USER028,2823.72,2026-09-22T12:19:16.128862,22,DEVICE189,0,Dhaka,0,649,594,2,-598.19,0,0,0,0
TXN101857,USER067,USER233,1233.88,2026-09-06T02:17:35.128862,12,DEVICE138,0,Chattogram,0,92,153,1,-184.55,0,0,0,0
TXN102645,USER006,USER185,2825.85,2026-09-23T23:55:54.128862,10,DEVICE142,0,Sylhet,0,325,336,1,198.76,1,0,0,0
TXN102243,USER158,USER503,2332.06,2026-09-25T23:55:33.128862,10,DEVICE163,0,Sylhet,0,904,258,3,-56.37,0,0,0,0
TXN102336,USER076,USER391,2518.36,2026-09-30T09:06:49.128862,19,DEVICE028,0,Sylhet,0,195,667,1,650.15,0,0,0,0
TXN100950,USER136,USER338,2745.87,2026-09-29T07:36:37.128862,17,DEVICE078,0,Chattogram,0,1058,201,2,633.7,0,0,0,0
TXN103068,USER147,USER302,2165.81,2026-09-11T03:12:59.128862,13,DEVICE173,0,Sylhet,0,294,181,1,-90.29,0,0,0,0
TXN101120,USER218,USER404,2893.99,2026-09-15T04:16:55.128862,14,DEVICE110,0,Chattogram,0,308,287,1,154.29,0,0,0,0
TXN102597,USER080,USER161,814.42,2026-09-20T21:00:38.128862,7,DEVICE187,0,Sylhet,0,679,389,3,-651.47,0,0,0,0
TXN102204,USER235,USER007,1468.87,2026-09-30T04:38:32.128862,14,DEVICE062,0,Dhaka,0,603,661,1,33.82,0,0,1,0
TXN100419,USER299,USER540,1116.9,2026-09-08T18:48:31.128862,5,DEVICE120,0,Sylhet,0,367,337,4,113.74,1,1,0,0
TXN100922,USER213,USER248,1318.2,2026-10-02T14:11:15.128862,0,DEVICE079,1,Chattogram,0,1025,920,5,-710.32,0,1,0,0
TXN101254,USER199,USER418,3016.98,2026-09-19T00:54:07.128862,11,DEVICE133,0,Sylhet,0,1034,423,2,-481.08,1,0,0,0
TXN100477,USER005,USER523,3601.52,2026-09-08T02:39:31.128862,12,DEVICE150,0,Sylhet,0,960,114,1,813.05,1,0,0,0
TXN102035,USER052,USER111,1109.89,2026-09-23T03:48:15.128862,14,DEVICE058,0,Chattogram,0,419,501,1,-255.78,1,0,0,0
TXN101202,USER108,USER301,1810.96,2026-09-17T01:37:23.128862,11,DEVICE081,0,Sylhet,0,1130,591,1,-162.91,0,0,0,0
TXN102626,USER230,USER059,3338.86,2026-10-03T00:40:21.128862,10,DEVICE197,0,Chattogram,0,676,345,1,-55.24,0,0,0,0
TXN200973,USER057,USER586,14925.67,2026-10-03T01:31:34.128862,11,DEVICE097,1,Sylhet,0,910,189,12,13663.6,1,1,2,1
TXN101970,USER150,USER100,1667.03,2026-09-28T05:21:25.128862,15,DEVICE122,0,Dhaka,0,121,740,1,25.4,0,0,0,0
TXN103110,USER167,USER310,1045.43,2026-09-06T02:21:10.128862,12,DEVICE051,0,Sylhet,0,230,860,3,-397.18,1,0,0,0
TXN104018,USER072,USER410,1544.46,2026-09-22T22:42:59.128862,8,DEVICE046,0,Sylhet,0,1151,87,3,-1801.4,0,0,1,0
TXN102151,USER202,USER321,2313.67,2026-09-23T10:23:52.128862,20,DEVICE143,0,Sylhet,0,612,308,1,-987.52,0,0,0,0
TXN103687,USER274,USER293,3154.4,2026-09-25T00:14:28.128862,10,DEVICE002,0,Dhaka,0,1021,800,1,-180.71,0,0,0,0
TXN200116,USER092,USER591,35411.94,2026-09-05T18:02:56.128862,4,DEVICE112,0,Dhaka,0,322,250,4,32917.84,1,0,0,1
TXN101997,USER235,USER597,1012.03,2026-09-09T01:21:11.128862,11,DEVICE062,0,Dhaka,0,603,971,1,-423.02,0,0,0,0
TXN104033,USER014,USER554,1714.13,2026-09-29T10:05:46.128862,20,DEVICE092,0,Dhaka,0,719,556,2,377.27,0,0,0,0
TXN201083,USER180,USER126,35139.59,2026-09-09T17:45:39.128862,4,DEVICE_ROGUE_938,1,Sylhet,1,754,2,5,33078.62,1,1,4,1
TXN103054,USER296,USER572,2376.34,2026-09-09T02:01:36.128862,12,DEVICE104,0,Chattogram,0,289,511,1,86.8,0,0,0,0
TXN101248,USER088,USER023,2480.09,2026-09-21T05:26:16.128862,15,DEVICE049,0,Sylhet,0,118,783,1,304.37,1,0,0,0
TXN102192,USER031,USER153,3080.99,2026-10-03T03:29:23.128862,13,DEVICE007,0,Sylhet,0,142,855,1,101.74,0,0,0,0
TXN102712,USER209,USER370,1484.24,2026-09-13T06:28:02.128862,16,DEVICE136,0,Chattogram,0,797,819,1,-338.99,0,0,0,0
TXN100992,USER072,USER480,4281.41,2026-09-18T10:02:13.128862,20,DEVICE046,0,Sylhet,0,1151,936,2,935.55,0,0,0,0
TXN102190,USER180,USER426,2061.54,2026-09-17T00:39:42.128862,10,DEVICE050,0,Chattogram,0,754,833,3,0.57,0,0,0,0
TXN104670,USER056,USER387,3021.88,2026-09-29T02:14:31.128862,12,DEVICE103,0,Dhaka,0,680,112,2,577.23,0,0,0,0
TXN103762,USER199,USER594,3959.84,2026-09-13T03:18:43.128862,13,DEVICE133,0,Sylhet,0,1034,702,1,461.78,0,0,0,0
TXN103597,USER182,USER551,1992.27,2026-09-12T01:49:42.128862,12,DEVICE179,0,Sylhet,0,690,394,2,-625.81,0,0,0,0
TXN104711,USER258,USER160,894.07,2026-09-16T19:55:51.128862,6,DEVICE085,0,Sylhet,0,1076,224,6,-481.45,0,1,0,0
TXN101318,USER251,USER321,2166.15,2026-09-27T03:57:27.128862,14,DEVICE178,0,Barishal,1,1194,479,1,512.47,0,0,0,0
TXN101863,USER079,USER355,1367.62,2026-09-25T05:40:00.128862,15,DEVICE089,0,Dhaka,0,358,740,1,-147.56,0,0,0,0
TXN102343,USER282,USER216,1959.64,2026-09-21T04:17:41.128862,14,DEVICE189,0,Dhaka,0,141,941,1,609.93,1,0,1,0
TXN102449,USER135,USER295,612.97,2026-09-17T03:36:42.128862,13,DEVICE001,0,Dhaka,0,741,191,2,-418.29,0,0,0,0
TXN102136,USER144,USER386,3454.43,2026-10-01T04:53:08.128862,15,DEVICE120,0,Chattogram,0,769,345,1,298.86,0,0,0,0
TXN101065,USER275,USER212,1235.9,2026-09-07T08:24:52.128862,18,DEVICE091,0,Dhaka,0,844,80,2,73.31,0,0,1,0
TXN201150,USER098,USER084,40074.79,2026-09-12T17:26:28.128862,3,DEVICE_ROGUE_956,1,Chattogram,1,1132,10,6,37846.18,1,1,2,1
TXN104227,USER161,USER088,906.75,2026-09-12T12:00:34.128862,22,DEVICE024,0,Khulna,1,1182,908,1,-84.93,0,0,0,0
TXN102621,USER041,USER353,2596.63,2026-09-09T05:32:22.128862,15,DEVICE180,0,Dhaka,0,659,668,1,-105.71,1,0,0,0
TXN100077,USER259,USER469,1209.45,2026-09-10T12:22:35.128862,22,DEVICE145,1,Sylhet,0,694,963,3,-306.59,0,0,0,0
TXN102898,USER192,USER298,1361.74,2026-09-04T01:27:16.128862,11,DEVICE198,0,Dhaka,0,448,92,2,-190.33,0,0,0,0
TXN200020,USER062,USER435,25253.59,2026-09-20T08:31:49.128862,18,DEVICE090,0,Dhaka,0,24,28,14,22725.59,1,1,0,1
TXN101314,USER117,USER167,981.16,2026-09-30T02:22:31.128862,12,DEVICE084,0,Sylhet,0,669,352,1,-624.64,0,0,0,0
TXN200431,USER141,USER062,17975.29,2026-09-05T16:24:38.128862,2,DEVICE319,1,Chattogram,0,165,117,19,15892.03,1,1,2,1
TXN100872,USER023,USER106,2369.02,2026-09-07T04:18:09.128862,14,DEVICE105,0,Chattogram,0,1195,994,1,650.34,0,0,0,0
TXN103850,USER091,USER281,1616.86,2026-09-09T22:34:46.128862,8,DEVICE182,0,Chattogram,0,550,820,2,520.81,0,0,0,0
TXN201042,USER085,USER057,21715.86,2026-09-14T23:40:37.128862,9,DEVICE049,1,Sylhet,0,580,127,9,19837.48,1,1,1,1
TXN102965,USER182,USER403,2672.98,2026-09-18T11:40:40.128862,21,DEVICE179,0,Sylhet,0,690,628,1,54.9,0,0,0,0
TXN103391,USER268,USER094,2140.16,2026-09-18T09:40:57.128862,19,DEVICE179,0,Chattogram,0,274,306,1,-1325.37,0,0,0,0
TXN102560,USER077,USER349,2708.16,2026-09-06T06:26:45.128862,16,DEVICE153,0,Sylhet,0,506,565,1,-561.12,0,0,0,0
TXN201076,USER152,USER371,18605.19,2026-10-01T23:13:13.128862,9,DEVICE049,1,Chattogram,0,9,16,10,16050.52,1,1,0,1
TXN102635,USER216,USER241,2753.97,2026-10-03T07:22:48.128862,17,DEVICE185,0,Sylhet,0,877,553,1,-733.67,0,0,0,0
TXN103530,USER073,USER259,3957.17,2026-09-18T03:21:22.128862,13,DEVICE149,0,Dhaka,0,830,744,2,790.98,0,0,0,0
TXN100375,USER277,USER279,889.74,2026-09-08T04:29:47.128862,14,DEVICE193,0,Dhaka,0,870,706,3,-199.26,0,0,0,0
TXN101908,USER162,USER256,2640.86,2026-09-05T09:56:30.128862,20,DEVICE193,0,Dhaka,0,868,140,1,136.88,0,0,0,0
TXN104429,USER142,USER398,2714.82,2026-09-06T06:40:58.128862,16,DEVICE168,0,Sylhet,0,348,536,2,430.35,0,0,0,0
TXN200382,USER139,USER316,15978.62,2026-09-28T05:42:41.128862,15,DEVICE111,0,Chattogram,0,30,15,16,13110.87,1,1,0,1
TXN200440,USER207,USER514,35384.51,2026-09-14T18:33:03.128862,4,DEVICE119,0,Dhaka,0,241,135,5,33501.7,1,0,1,1
TXN104027,USER148,USER588,3142.92,2026-09-05T21:59:43.128862,8,DEVICE055,0,Dhaka,0,1167,951,2,372.11,0,0,0,0
TXN101604,USER234,USER583,3048.95,2026-09-24T18:52:23.128862,5,DEVICE161,0,Chattogram,0,479,857,1,425.88,0,0,0,0
TXN101118,USER052,USER483,956.02,2026-09-16T04:29:26.128862,14,DEVICE058,0,Chattogram,0,419,911,2,-409.65,0,0,0,0
TXN103677,USER262,USER570,2007.2,2026-09-10T02:25:55.128862,12,DEVICE016,0,Chattogram,0,1049,864,1,-1166.83,0,0,0,0
TXN103490,USER233,USER503,1508.87,2026-09-27T02:14:11.128862,12,DEVICE125,0,Cumilla,1,538,551,2,-897.72,0,0,0,0
TXN201035,USER291,USER083,23714.94,2026-09-14T07:58:09.128862,18,DEVICE367,1,Sylhet,0,182,160,13,22905.37,1,1,1,1
TXN102958,USER163,USER357,1388.44,2026-09-25T05:35:57.128862,15,DEVICE061,0,Dhaka,0,738,457,2,-29.7,0,0,0,0
TXN101994,USER175,USER054,2410.88,2026-09-22T05:23:03.128862,15,DEVICE019,0,Sylhet,0,998,605,1,-569.36,0,0,0,0
TXN201145,USER176,USER536,36260.23,2026-09-29T00:18:57.128862,10,DEVICE020,1,Chattogram,0,26,22,15,34946.12,1,1,0,1
TXN200406,USER289,USER440,33001.93,2026-09-13T09:50:23.128862,20,DEVICE246,1,Chattogram,0,20,7,9,31058.28,1,1,0,1
TXN102376,USER066,USER389,1822.83,2026-09-21T23:23:03.128862,9,DEVICE174,0,Dhaka,0,1143,718,1,-1072.37,0,0,0,0
TXN101342,USER203,USER020,3656.74,2026-09-13T04:16:14.128862,14,DEVICE064,0,Sylhet,0,109,623,1,565.26,1,0,0,0
TXN100320,USER157,USER599,1799.72,2026-09-21T22:09:04.128862,8,DEVICE170,0,Chattogram,0,783,64,2,86.89,0,0,0,0
TXN101619,USER220,USER427,2030.18,2026-09-13T20:41:02.128862,6,DEVICE115,0,Dhaka,0,871,832,3,429.07,0,0,0,0
TXN103713,USER161,USER511,1099.24,2026-09-19T03:28:05.128862,13,DEVICE024,0,Chattogram,0,1182,911,1,107.56,0,0,0,0
TXN102060,USER298,USER545,849.53,2026-09-22T11:31:42.128862,21,DEVICE043,0,Chattogram,0,1190,457,1,23.42,1,0,0,0
TXN102219,USER167,USER391,1337.49,2026-09-09T06:26:29.128862,16,DEVICE051,0,Sylhet,0,230,901,1,-105.12,0,0,0,0
TXN101673,USER207,USER161,1601.49,2026-10-03T09:14:12.128862,19,DEVICE119,0,Dhaka,0,241,463,2,-281.32,0,0,0,0
TXN100260,USER100,USER513,3587.33,2026-09-24T21:09:46.128862,7,DEVICE172,0,Sylhet,1,940,200,1,463.22,0,0,0,0
TXN200491,USER231,USER197,44569.71,2026-09-08T16:00:44.128862,2,DEVICE_ROGUE_900,1,Sylhet,1,561,2,9,43553.41,1,1,3,1
TXN102039,USER007,USER027,4548.53,2026-09-10T08:24:42.128862,18,DEVICE038,0,Sylhet,0,550,95,1,1339.65,0,0,0,0
TXN104785,USER007,USER163,2088.48,2026-09-21T23:55:54.128862,10,DEVICE038,0,Sylhet,0,550,410,1,-1120.4,1,0,0,0
TXN100901,USER227,USER144,1490.07,2026-09-22T11:16:15.128862,21,DEVICE064,0,Dhaka,0,106,478,1,-667.63,0,0,0,0
TXN103744,USER131,USER140,1630.04,2026-10-02T03:39:10.128862,13,DEVICE146,0,Chattogram,0,874,238,1,-0.25,0,0,0,0
TXN102026,USER258,USER536,1297.42,2026-09-20T10:16:26.128862,20,DEVICE085,0,Sylhet,0,1076,825,4,-78.1,0,1,0,0
TXN104234,USER256,USER511,3022.15,2026-09-06T21:04:48.128862,7,DEVICE107,0,Chattogram,0,426,451,1,-467.31,1,0,0,0
TXN101917,USER235,USER526,1876.24,2026-09-25T19:07:57.128862,5,DEVICE062,0,Dhaka,0,603,820,1,441.19,0,0,0,0
TXN101828,USER087,USER395,2672.88,2026-10-01T22:38:20.128862,8,DEVICE148,0,Chattogram,0,726,321,2,-820.47,0,0,0,0
TXN101573,USER085,USER490,1632.44,2026-09-04T07:45:55.128862,18,DEVICE030,0,Sylhet,0,580,460,1,-245.94,0,0,0,0
TXN104415,USER197,USER032,2623.74,2026-09-06T04:42:10.128862,14,DEVICE051,1,Dhaka,0,383,822,1,337.86,1,0,0,0
TXN104749,USER232,USER114,1642.91,2026-09-22T12:53:55.128862,23,DEVICE134,0,Chattogram,0,811,249,1,341.18,0,0,0,0
TXN200460,USER282,USER357,46482.18,2026-09-03T17:14:21.128862,3,DEVICE189,0,Dhaka,0,141,368,4,45132.47,1,0,0,1
TXN104654,USER288,USER114,961.8,2026-09-09T21:10:07.128862,7,DEVICE070,0,Chattogram,0,926,360,1,-87.41,0,0,0,0
TXN104208,USER119,USER577,2384.57,2026-09-27T07:48:36.128862,18,DEVICE179,0,Chattogram,0,1092,502,1,-59.65,0,0,0,0
TXN104627,USER181,USER319,3065.45,2026-09-29T02:01:19.128862,12,DEVICE184,0,Chattogram,0,204,731,1,296.95,1,0,0,0
TXN100224,USER294,USER401,1992.24,2026-09-28T09:21:15.128862,19,DEVICE172,0,Dhaka,0,1098,888,1,484.96,0,0,0,0
TXN100723,USER057,USER347,1487.88,2026-09-13T11:14:28.128862,21,DEVICE085,0,Sylhet,0,910,235,3,225.81,0,0,0,0
TXN200578,USER016,USER212,19754.15,2026-09-23T17:06:25.128862,3,DEVICE127,1,Chattogram,0,989,29,13,17482.81,1,1,2,1
TXN101141,USER300,USER171,2899.36,2026-09-22T06:12:39.128862,16,DEVICE033,0,Khulna,1,885,629,1,-285.03,0,0,0,0
TXN102762,USER178,USER216,1786.96,2026-09-18T01:14:20.128862,11,DEVICE162,0,Sylhet,0,149,172,1,-176.88,1,0,0,0
TXN100846,USER149,USER289,809.74,2026-09-28T03:12:28.128862,13,DEVICE131,0,Dhaka,0,1025,251,2,-533.37,0,0,0,0
TXN104289,USER012,USER433,3089.9,2026-09-06T04:28:41.128862,14,DEVICE094,0,Dhaka,0,212,352,1,925.44,1,0,0,0
TXN200242,USER239,USER003,47425.99,2026-09-05T18:43:55.128862,4,DEVICE183,0,Dhaka,0,722,224,2,45020.79,1,0,1,1
TXN102551,USER223,USER455,2518.52,2026-09-26T04:17:13.128862,14,DEVICE122,0,Sylhet,0,694,518,1,254.59,0,0,0,0
TXN102928,USER114,USER493,1117.32,2026-10-03T00:04:51.128862,10,DEVICE080,0,Chattogram,0,1129,97,2,-165.04,0,0,0,0
TXN100117,USER090,USER438,932.08,2026-09-05T05:07:54.128862,15,DEVICE012,0,Sylhet,0,280,386,1,4.87,0,0,0,0
TXN100645,USER108,USER493,788.19,2026-09-24T06:00:40.128862,16,DEVICE081,0,Sylhet,0,1130,611,2,-1185.68,1,0,0,0
TXN100003,USER047,USER218,1278.51,2026-09-23T05:46:16.128862,16,DEVICE052,0,Chattogram,0,802,188,2,205.81,0,0,0,0
TXN104170,USER198,USER542,1073.55,2026-09-13T08:31:47.128862,18,DEVICE179,0,Dhaka,0,565,429,1,136.96,0,0,0,0
TXN100467,USER239,USER582,2454.07,2026-09-29T22:37:11.128862,8,DEVICE183,0,Dhaka,0,722,377,3,48.87,0,0,0,0
TXN100005,USER075,USER134,2270.49,2026-09-29T03:56:20.128862,14,DEVICE010,0,Dhaka,1,995,426,1,-299.19,0,0,0,0
TXN100919,USER279,USER103,1745.4,2026-09-20T06:23:04.128862,16,DEVICE149,1,Sylhet,0,311,276,2,210.06,0,0,0,0
TXN102595,USER300,USER118,2764.53,2026-10-03T11:14:51.128862,21,DEVICE033,0,Chattogram,0,885,407,1,-419.86,0,0,0,0
TXN104324,USER159,USER354,1421.14,2026-09-20T07:13:11.128862,17,DEVICE159,0,Sylhet,0,254,809,1,-0.17,0,0,0,0
TXN101063,USER210,USER063,4581.37,2026-09-14T05:01:56.128862,15,DEVICE144,0,Dhaka,0,702,512,1,1121.04,0,0,0,0
TXN102590,USER047,USER299,998.45,2026-09-05T05:54:36.128862,16,DEVICE052,0,Chattogram,0,802,364,1,-74.25,0,0,0,0
TXN100242,USER249,USER586,2091.43,2026-09-05T04:56:30.128862,15,DEVICE060,0,Dhaka,0,501,757,2,-522.13,0,0,1,0
TXN200413,USER203,USER289,45534.86,2026-09-19T16:35:45.128862,2,DEVICE064,0,Sylhet,0,109,286,4,42443.38,1,0,1,1
TXN101160,USER261,USER530,2381.99,2026-09-23T02:42:23.128862,12,DEVICE107,0,Sylhet,0,325,661,1,-796.34,0,0,0,0
TXN102870,USER114,USER253,1626.36,2026-09-18T16:59:30.128862,3,DEVICE080,0,Chattogram,0,1129,918,1,344.0,0,0,0,0
TXN103735,USER102,USER090,3123.22,2026-10-02T23:20:47.128862,9,DEVICE082,1,Sylhet,0,1057,128,1,377.27,1,0,0,0
TXN102397,USER003,USER178,1833.13,2026-09-20T00:12:40.128862,10,DEVICE010,0,Dhaka,0,631,115,1,290.55,0,0,0,0
TXN103517,USER126,USER375,1534.6,2026-09-21T09:01:55.128862,19,DEVICE098,0,Chattogram,0,862,182,1,-140.62,1,0,0,0
TXN103421,USER196,USER503,2570.83,2026-09-05T21:21:39.128862,7,DEVICE057,0,Dhaka,0,1109,275,3,-554.81,0,0,0,0
TXN102563,USER089,USER395,1543.36,2026-09-17T05:53:29.128862,16,DEVICE066,0,Chattogram,0,925,432,1,497.9,0,0,0,0
TXN101605,USER138,USER258,3268.67,2026-09-19T22:10:42.128862,8,DEVICE054,0,Chattogram,0,880,421,3,415.04,0,0,0,0
TXN200985,USER208,USER223,21566.37,2026-09-19T11:49:15.128862,22,DEVICE285,1,Dhaka,0,994,38,13,20608.05,1,1,2,1
TXN102324,USER295,USER499,1967.29,2026-09-11T22:06:22.128862,8,DEVICE174,0,Dhaka,0,327,431,1,-834.03,0,0,0,0
TXN102709,USER027,USER105,1416.86,2026-09-19T22:05:22.128862,8,DEVICE061,0,Dhaka,0,171,152,1,366.45,0,0,0,0
TXN200465,USER052,USER063,42492.03,2026-09-07T17:54:23.128862,4,DEVICE058,0,Chattogram,0,419,339,5,41126.36,1,0,1,1
TXN101312,USER096,USER481,1449.68,2026-09-25T00:23:08.128862,10,DEVICE176,0,Dhaka,0,1110,579,1,-380.69,1,0,0,0
TXN103448,USER145,USER164,1748.34,2026-10-03T05:23:30.128862,15,DEVICE114,0,Sylhet,0,295,351,1,-194.13,1,0,0,0
TXN103812,USER287,USER082,2487.42,2026-09-07T03:59:27.128862,14,DEVICE057,0,Dhaka,0,708,892,1,-597.06,0,0,0,0
TXN200780,USER187,USER308,9460.15,2026-09-21T18:49:39.128862,5,DEVICE127,1,Dhaka,0,590,62,13,6333.63,1,1,2,1
TXN102362,USER191,USER071,2410.72,2026-09-24T04:32:29.128862,14,DEVICE193,0,Chattogram,0,438,876,1,471.64,0,0,0,0
TXN101975,USER177,USER447,871.13,2026-09-08T09:06:12.128862,19,DEVICE107,0,Chattogram,0,703,935,1,-190.58,1,0,0,0
TXN103514,USER080,USER211,1398.58,2026-09-29T21:06:29.128862,7,DEVICE187,0,Gazipur,1,679,916,3,-67.31,0,0,1,0
TXN101761,USER075,USER288,2235.24,2026-09-25T21:22:38.128862,7,DEVICE010,0,Sylhet,0,995,241,1,-334.44,1,0,0,0
TXN102739,USER169,USER163,333.86,2026-09-26T10:24:44.128862,20,DEVICE007,0,Chattogram,0,678,343,1,-1044.58,1,0,0,0
TXN200787,USER039,USER534,8667.7,2026-09-24T02:31:38.128862,12,DEVICE107,1,Dhaka,0,1152,163,10,5541.09,1,1,2,1
TXN102472,USER074,USER233,1846.27,2026-09-28T14:34:35.128862,0,DEVICE068,0,Dhaka,0,1110,199,1,196.64,0,0,0,0
TXN104007,USER122,USER450,1643.33,2026-09-06T05:54:27.128862,16,DEVICE033,0,Dhaka,0,1193,515,1,-612.99,0,0,0,0
TXN104718,USER299,USER374,1013.17,2026-09-06T08:32:10.128862,18,DEVICE120,0,Sylhet,0,367,408,1,10.01,0,0,1,0
TXN101493,USER031,USER470,3313.4,2026-09-10T04:11:20.128862,14,DEVICE007,0,Sylhet,0,142,346,2,334.15,1,0,0,0
TXN104206,USER061,USER179,4488.16,2026-09-13T05:12:10.128862,15,DEVICE072,0,Dhaka,0,734,169,1,1016.45,0,0,0,0
TXN102158,USER163,USER097,979.0,2026-09-27T00:34:21.128862,10,DEVICE061,0,Dhaka,0,738,366,1,-439.14,0,0,0,0
TXN101169,USER250,USER308,1781.23,2026-09-22T05:13:08.128862,15,DEVICE099,0,Sylhet,0,360,513,1,171.24,0,0,0,0
TXN200615,USER092,USER104,16864.06,2026-09-21T11:08:46.128862,21,DEVICE175,1,Dhaka,0,322,185,9,14369.96,1,1,1,1
TXN100232,USER045,USER302,814.77,2026-09-24T09:23:43.128862,19,DEVICE121,0,Sylhet,1,276,713,2,-200.67,0,0,0,0
TXN100066,USER240,USER565,1625.64,2026-10-01T21:50:17.128862,8,DEVICE074,0,Dhaka,0,992,796,1,-846.69,0,0,0,0
TXN101603,USER096,USER244,1064.87,2026-09-26T01:03:09.128862,11,DEVICE185,1,Dhaka,0,1110,459,3,-765.5,0,0,0,0
TXN103283,USER191,USER587,2024.77,2026-09-09T10:49:52.128862,21,DEVICE193,0,Chattogram,0,438,262,1,85.69,0,0,0,0
TXN103596,USER204,USER435,1305.34,2026-09-17T10:41:28.128862,20,DEVICE032,0,Sylhet,0,1042,921,1,56.3,0,0,0,0
TXN104632,USER276,USER164,1080.38,2026-09-23T21:48:08.128862,8,DEVICE077,0,Sylhet,0,626,679,1,-31.28,0,0,0,0
TXN100125,USER297,USER428,2618.34,2026-09-10T00:06:27.128862,10,DEVICE186,0,Sylhet,0,570,571,1,663.59,0,0,0,0
TXN101296,USER174,USER180,2493.99,2026-09-07T00:36:48.128862,10,DEVICE197,0,Sylhet,0,295,227,2,-424.48,0,0,0,0
TXN101976,USER170,USER242,1124.99,2026-09-23T23:26:55.128862,9,DEVICE012,0,Sylhet,0,555,324,1,-32.25,0,0,0,0
TXN200616,USER042,USER124,27343.76,2026-10-01T18:06:53.128862,4,DEVICE_ROGUE_905,1,Sylhet,1,461,4,10,26420.03,1,1,2,1
TXN200573,USER158,USER242,46450.15,2026-09-27T17:08:25.128862,3,DEVICE163,0,Sylhet,0,904,311,5,44061.72,1,0,0,1
TXN102075,USER016,USER271,2402.86,2026-09-26T11:08:13.128862,21,DEVICE175,0,Chattogram,0,989,829,2,131.52,0,0,0,0
TXN104580,USER130,USER129,2319.58,2026-09-06T10:26:02.128862,20,DEVICE158,0,Chattogram,0,579,490,1,-725.92,0,0,0,0
TXN103086,USER237,USER226,5329.26,2026-09-25T08:37:21.128862,18,DEVICE113,0,Chattogram,0,288,889,1,2125.48,0,0,0,0
TXN200396,USER042,USER500,38013.74,2026-09-21T16:00:20.128862,2,DEVICE028,0,Dhaka,0,461,72,5,37090.01,1,0,1,1
TXN103345,USER159,USER583,1157.2,2026-09-17T07:15:10.128862,17,DEVICE159,0,Sylhet,0,254,974,1,-264.11,1,0,0,0
TXN201018,USER143,USER419,34993.13,2026-09-10T18:16:34.128862,4,DEVICE_ROGUE_981,1,Coxs Bazar,1,1118,10,8,33477.48,1,1,2,1
TXN102797,USER119,USER021,1993.53,2026-10-03T01:02:03.128862,11,DEVICE179,0,Gazipur,1,1092,796,1,-450.69,0,0,0,0
TXN100918,USER146,USER102,1537.12,2026-09-29T13:38:19.128862,23,DEVICE114,0,Rangpur,1,991,166,1,165.26,0,0,0,0
TXN101646,USER121,USER398,3314.55,2026-09-30T06:22:07.128862,16,DEVICE142,0,Dhaka,0,1004,531,1,455.77,1,0,0,0
TXN200322,USER227,USER482,8876.12,2026-09-20T08:58:21.128862,19,DEVICE353,1,Dhaka,0,106,128,8,6718.42,1,1,1,1
TXN200326,USER019,USER125,44034.24,2026-09-27T13:22:20.128862,23,DEVICE_ROGUE_908,1,Unknown,1,712,10,8,41048.78,1,1,3,1
TXN200178,USER101,USER419,30451.71,2026-09-06T16:58:22.128862,3,DEVICE_ROGUE_982,1,Coxs Bazar,1,1078,3,7,29620.71,1,1,2,1
TXN104621,USER170,USER118,1640.05,2026-09-09T01:49:43.128862,12,DEVICE012,0,Sylhet,0,555,313,3,482.81,0,0,0,0
TXN100364,USER101,USER150,500.38,2026-09-27T07:54:43.128862,18,DEVICE051,0,Chattogram,0,1078,571,1,-330.62,1,0,0,0
TXN103287,USER252,USER134,1517.55,2026-09-22T23:23:13.128862,9,DEVICE040,0,Dhaka,0,839,475,1,-1312.48,1,0,0,0
TXN102125,USER014,USER538,2283.86,2026-09-23T11:34:22.128862,21,DEVICE092,0,Dhaka,0,719,820,1,947.0,1,0,0,0
TXN104123,USER241,USER255,1543.69,2026-09-23T02:15:15.128862,12,DEVICE061,0,Chattogram,0,158,850,1,-388.22,0,0,0,0
TXN104569,USER113,USER235,1847.83,2026-09-23T05:23:02.128862,15,DEVICE130,0,Sylhet,0,786,652,3,-303.75,0,0,0,0
TXN100525,USER103,USER385,1342.52,2026-09-06T10:15:50.128862,20,DEVICE111,0,Chattogram,0,589,208,1,-1298.1,0,0,0,0
TXN200021,USER221,USER492,37584.39,2026-09-12T18:14:49.128862,4,DEVICE041,0,Sylhet,0,825,68,3,34168.87,1,0,0,1
TXN100055,USER025,USER340,3111.97,2026-09-29T00:08:40.128862,10,DEVICE192,0,Chattogram,0,986,976,2,-272.51,0,0,0,0
TXN100638,USER041,USER490,2075.84,2026-09-08T00:29:10.128862,10,DEVICE180,0,Dhaka,0,659,497,1,-626.5,0,0,0,0
TXN100302,USER285,USER271,1774.38,2026-09-21T22:39:29.128862,8,DEVICE239,1,Dhaka,0,219,218,3,-344.66,1,0,0,0
TXN102766,USER122,USER149,2107.21,2026-09-15T04:07:48.128862,14,DEVICE397,1,Dhaka,0,1193,656,1,-149.11,0,0,0,0
TXN101276,USER045,USER569,1263.67,2026-09-10T08:53:46.128862,19,DEVICE121,0,Dhaka,0,276,171,1,248.23,1,0,1,0
TXN104720,USER067,USER231,1425.3,2026-09-25T22:28:25.128862,8,DEVICE247,1,Rangpur,1,92,954,1,6.87,0,0,0,0
TXN102055,USER294,USER541,2087.7,2026-09-12T02:12:24.128862,12,DEVICE172,0,Dhaka,0,1098,232,1,580.42,1,0,0,0
TXN200345,USER176,USER282,29727.62,2026-09-10T15:09:39.128862,1,DEVICE_ROGUE_992,1,Chattogram,1,430,3,6,28413.51,1,1,3,1
TXN104432,USER035,USER037,1454.35,2026-09-30T00:21:30.128862,10,DEVICE106,0,Sylhet,0,641,310,1,-367.69,1,0,0,0
TXN103644,USER091,USER198,625.04,2026-09-25T08:00:29.128862,18,DEVICE182,0,Chattogram,0,550,500,1,-471.01,0,0,0,0
TXN104143,USER128,USER537,2433.5,2026-10-02T08:31:08.128862,18,DEVICE192,0,Gazipur,1,749,371,1,-875.07,0,0,0,0
TXN102878,USER241,USER113,1854.36,2026-09-19T01:40:01.128862,11,DEVICE061,0,Chattogram,0,158,184,2,-77.55,0,0,0,0
TXN104202,USER091,USER353,1664.09,2026-09-15T19:23:17.128862,5,DEVICE182,0,Chattogram,0,550,602,1,568.04,1,0,0,0
TXN102286,USER004,USER384,900.92,2026-09-05T07:34:24.128862,17,DEVICE095,0,Chattogram,0,495,770,1,-501.75,0,0,0,0
TXN102261,USER145,USER228,2824.65,2026-09-09T20:29:07.128862,6,DEVICE114,0,Sylhet,0,295,447,1,882.18,1,0,0,0
TXN102296,USER222,USER155,3072.51,2026-09-19T10:13:42.128862,20,DEVICE191,0,Chattogram,0,695,137,2,708.72,0,0,0,0
TXN101753,USER138,USER481,2673.3,2026-09-22T18:45:36.128862,5,DEVICE054,0,Chattogram,0,880,500,3,-180.33,0,0,0,0
TXN101968,USER122,USER015,1335.74,2026-09-17T22:35:36.128862,8,DEVICE033,0,Rajshahi,1,1193,107,1,-920.58,0,0,0,0
TXN200402,USER226,USER334,39522.84,2026-09-12T18:30:29.128862,4,DEVICE193,0,Chattogram,0,652,181,5,37145.56,1,0,1,1
TXN103117,USER078,USER240,1744.67,2026-10-02T08:40:53.128862,18,DEVICE112,0,Khulna,1,636,788,1,-294.23,0,0,0,0
TXN102393,USER119,USER134,3051.2,2026-09-08T21:48:36.128862,8,DEVICE179,0,Chattogram,0,1092,157,1,606.98,0,0,0,0
TXN100523,USER276,USER181,1611.7,2026-09-03T22:16:45.128862,8,DEVICE077,0,Sylhet,0,626,798,2,500.04,0,0,0,0
TXN103900,USER152,USER183,2670.77,2026-09-18T12:55:49.128862,23,DEVICE044,0,Chattogram,0,929,764,1,116.1,0,0,0,0
TXN200911,USER218,USER106,22758.29,2026-09-03T17:14:53.128862,3,DEVICE222,1,Chattogram,0,308,69,18,20018.59,1,1,2,1
TXN104699,USER220,USER578,1652.89,2026-10-01T02:52:00.128862,13,DEVICE115,0,Dhaka,0,871,307,2,51.78,0,0,0,0
TXN200689,USER255,USER212,34061.75,2026-09-28T10:06:40.128862,20,DEVICE017,0,Sylhet,0,15,21,10,30565.92,1,1,0,1
TXN103122,USER078,USER232,1642.24,2026-09-15T20:34:00.128862,6,DEVICE112,0,Dhaka,0,636,915,1,-396.66,1,0,0,0
TXN104156,USER059,USER195,1263.57,2026-09-04T22:59:44.128862,9,DEVICE018,0,Sylhet,0,1021,537,2,22.38,1,0,0,0
TXN101969,USER207,USER105,1456.85,2026-10-01T05:34:51.128862,15,DEVICE119,0,Dhaka,0,241,993,1,-425.96,0,0,0,0
TXN100671,USER120,USER359,1245.58,2026-09-25T00:36:05.128862,10,DEVICE076,0,Chattogram,0,394,791,1,32.91,0,0,0,0
TXN104188,USER272,USER364,1390.19,2026-10-01T02:13:33.128862,12,DEVICE098,0,Barishal,1,1188,926,1,-218.13,0,0,0,0
TXN100666,USER227,USER354,2433.84,2026-09-29T10:26:38.128862,20,DEVICE064,0,Dhaka,0,106,146,2,276.14,1,0,0,0
TXN200732,USER109,USER113,39268.14,2026-09-27T06:19:30.128862,16,DEVICE099,1,Sylhet,0,20,6,16,37243.09,1,1,0,1
TXN101887,USER212,USER446,2418.45,2026-09-13T23:33:29.128862,9,DEVICE082,0,Dhaka,0,602,359,1,-498.54,0,0,0,0
TXN103266,USER050,USER126,2177.19,2026-09-15T06:59:27.128862,17,DEVICE079,0,Sylhet,0,747,864,2,392.14,0,0,0,0
TXN100280,USER296,USER579,1468.53,2026-09-24T23:40:34.128862,9,DEVICE104,0,Chattogram,0,289,693,1,-821.01,1,0,0,0
TXN101719,USER178,USER235,1162.92,2026-09-04T10:30:12.128862,20,DEVICE162,0,Sylhet,0,149,251,1,-800.92,1,0,0,0
TXN102947,USER288,USER415,1198.85,2026-09-10T03:29:12.128862,13,DEVICE070,0,Khulna,1,926,601,1,149.64,1,0,0,0
TXN104455,USER097,USER210,1314.37,2026-09-30T23:25:00.128862,9,DEVICE185,0,Chattogram,0,687,165,1,-2175.16,1,0,0,0
TXN100899,USER159,USER561,1314.43,2026-09-29T09:36:10.128862,19,DEVICE159,0,Sylhet,0,254,381,5,-106.88,1,1,0,0
TXN201014,USER098,USER320,22651.08,2026-09-30T23:14:58.128862,9,DEVICE386,1,Chattogram,0,1132,194,11,20422.47,1,1,1,1
TXN100760,USER200,USER218,3569.74,2026-09-06T03:28:05.128862,13,DEVICE119,0,Chattogram,0,610,104,1,512.47,1,0,0,0
TXN101906,USER056,USER221,1185.39,2026-09-03T22:59:14.128862,9,DEVICE103,0,Dhaka,0,680,539,1,-1259.26,0,0,0,0
TXN104042,USER095,USER267,1024.16,2026-09-24T00:41:03.128862,10,DEVICE138,0,Chattogram,0,405,476,3,52.64,0,0,0,0
TXN103823,USER299,USER229,1139.06,2026-09-14T00:29:16.128862,10,DEVICE120,0,Sylhet,0,367,581,1,135.9,0,0,0,0
TXN104138,USER281,USER504,3861.77,2026-09-29T03:30:51.128862,13,DEVICE192,0,Dhaka,0,1055,862,2,1124.22,1,0,0,0
TXN103818,USER133,USER373,3264.52,2026-09-26T21:04:33.128862,7,DEVICE104,0,Chattogram,0,931,241,2,93.89,0,0,0,0
TXN104300,USER271,USER317,3055.4,2026-10-03T09:43:41.128862,19,DEVICE148,0,Dhaka,0,631,470,1,49.22,0,0,1,0
TXN102593,USER044,USER534,1558.44,2026-09-10T09:26:32.128862,19,DEVICE010,0,Dhaka,0,1097,441,1,-22.91,0,0,0,0
TXN104164,USER276,USER082,1481.15,2026-09-18T09:01:31.128862,19,DEVICE077,0,Barishal,1,626,326,1,369.49,1,0,0,0
TXN103031,USER219,USER272,812.17,2026-09-26T02:25:29.128862,12,DEVICE141,0,Dhaka,0,575,241,2,-405.78,0,0,0,0
TXN103579,USER258,USER513,1000.16,2026-09-17T02:58:58.128862,13,DEVICE085,0,Sylhet,0,1076,144,1,-375.36,0,0,0,0
TXN102832,USER118,USER134,2861.5,2026-09-10T22:41:17.128862,8,DEVICE104,0,Chattogram,1,701,696,2,336.34,0,0,0,0
TXN103472,USER097,USER036,3348.26,2026-09-23T06:49:35.128862,17,DEVICE185,0,Chattogram,0,687,273,2,-141.27,0,0,0,0
TXN100137,USER178,USER055,2188.54,2026-09-10T21:38:17.128862,7,DEVICE162,0,Sylhet,0,149,669,1,224.7,0,0,0,0
TXN200092,USER270,USER594,23257.82,2026-09-07T17:00:50.128862,3,DEVICE061,1,Sylhet,0,118,104,15,22436.7,1,1,2,1
TXN102180,USER217,USER214,2071.38,2026-09-23T08:03:24.128862,18,DEVICE130,0,Khulna,1,1079,961,3,-229.19,0,0,0,0
TXN102128,USER015,USER248,1159.51,2026-09-20T09:01:22.128862,19,DEVICE054,0,Dhaka,0,681,940,1,-1395.18,0,0,0,0
TXN103177,USER021,USER391,2517.4,2026-09-05T23:12:45.128862,9,DEVICE200,0,Chattogram,0,647,338,1,-458.31,0,0,0,0
TXN200054,USER017,USER341,46350.79,2026-10-02T18:25:49.128862,4,DEVICE064,0,Chattogram,0,344,178,2,44955.6,1,0,0,1
TXN104637,USER269,USER491,3164.68,2026-09-29T06:31:54.128862,16,DEVICE006,0,Sylhet,0,898,990,3,598.94,0,0,0,0
TXN200315,USER163,USER076,40262.97,2026-09-04T16:21:58.128862,2,DEVICE061,0,Dhaka,0,738,217,3,38844.83,1,0,0,1
TXN200423,USER078,USER117,26063.96,2026-09-11T08:39:20.128862,18,DEVICE385,1,Dhaka,0,7,13,17,24025.06,1,1,0,1
TXN104261,USER126,USER482,1750.48,2026-09-29T00:45:31.128862,11,DEVICE098,0,Chattogram,0,862,112,2,75.26,0,0,0,0
TXN104344,USER185,USER340,2085.86,2026-09-10T06:58:17.128862,17,DEVICE103,0,Chattogram,0,972,852,2,198.78,0,0,0,0
TXN101331,USER248,USER576,1425.81,2026-09-11T22:05:44.128862,8,DEVICE039,0,Dhaka,0,449,609,1,-442.81,0,0,0,0
TXN102017,USER212,USER079,2703.35,2026-09-06T19:24:57.128862,5,DEVICE082,0,Dhaka,0,602,709,2,-213.64,0,0,0,0
TXN104542,USER006,USER203,2172.51,2026-09-28T22:11:21.128862,8,DEVICE142,0,Sylhet,0,325,588,1,-454.58,0,0,1,0
TXN102482,USER038,USER213,3221.17,2026-09-16T22:07:51.128862,8,DEVICE064,0,Dhaka,0,1053,449,1,751.17,0,0,0,0
TXN101358,USER025,USER294,3743.29,2026-09-23T01:08:42.128862,11,DEVICE192,0,Chattogram,0,986,442,1,358.81,0,0,0,0
TXN101329,USER165,USER084,2480.06,2026-09-18T04:24:10.128862,14,DEVICE080,0,Dhaka,0,1198,332,1,-640.96,1,0,0,0
TXN201108,USER135,USER459,47506.24,2026-09-17T16:49:47.128862,3,DEVICE001,0,Dhaka,0,741,132,3,46474.98,1,0,0,1
TXN102150,USER119,USER126,2663.19,2026-09-28T21:03:01.128862,7,DEVICE179,0,Chattogram,0,1092,653,1,218.97,1,0,0,0
TXN104530,USER084,USER552,3865.93,2026-10-02T07:29:30.128862,17,DEVICE131,0,Dhaka,0,149,814,1,641.81,0,0,0,0
TXN102122,USER106,USER347,2159.53,2026-09-20T23:43:38.128862,9,DEVICE085,0,Chattogram,0,875,426,1,-371.07,0,0,0,0
TXN104673,USER214,USER084,2049.0,2026-09-27T01:50:57.128862,12,DEVICE114,0,Dhaka,0,708,884,1,106.88,0,0,0,0
TXN103981,USER237,USER057,3758.65,2026-09-30T09:43:45.128862,19,DEVICE113,0,Chattogram,0,288,729,1,554.87,0,0,0,0
TXN101252,USER062,USER073,2155.18,2026-09-20T06:11:59.128862,16,DEVICE090,0,Dhaka,0,606,675,1,-372.82,0,0,0,0
TXN103278,USER086,USER038,1013.58,2026-09-16T10:27:38.128862,20,DEVICE140,1,Dhaka,0,414,297,1,-378.59,1,0,0,0
TXN103374,USER218,USER268,1569.01,2026-09-23T06:01:26.128862,16,DEVICE110,0,Chattogram,0,308,229,1,-1170.69,0,0,0,0
TXN102814,USER274,USER045,2617.64,2026-09-26T05:40:41.128862,15,DEVICE002,0,Dhaka,0,1021,179,1,-717.47,0,0,0,0
TXN104719,USER138,USER349,2632.85,2026-09-15T05:21:35.128862,15,DEVICE054,0,Chattogram,0,880,249,1,-220.78,0,0,0,0
TXN101848,USER166,USER417,596.28,2026-09-17T22:45:20.128862,9,DEVICE058,0,Dhaka,1,163,841,1,-395.03,0,0,0,0
TXN200058,USER008,USER034,25776.56,2026-09-20T12:35:25.128862,22,DEVICE111,0,Dhaka,0,25,15,13,24741.83,1,1,0,1
TXN103037,USER039,USER412,3463.16,2026-09-19T01:40:49.128862,11,DEVICE069,0,Dhaka,0,1152,207,1,336.55,0,0,0,0
TXN100388,USER112,USER116,1595.95,2026-09-16T23:05:13.128862,9,DEVICE077,0,Sylhet,0,939,182,2,84.8,0,0,0,0
TXN100235,USER050,USER088,2018.87,2026-09-29T06:19:39.128862,16,DEVICE079,0,Sylhet,0,747,626,1,233.82,1,0,0,0
TXN101077,USER291,USER239,479.58,2026-09-18T20:01:39.128862,6,DEVICE008,0,Sylhet,0,182,214,3,-329.99,1,0,0,0
TXN101984,USER158,USER276,1593.86,2026-09-28T03:08:53.128862,13,DEVICE163,0,Sylhet,0,904,364,1,-794.57,0,0,0,0
TXN104363,USER249,USER024,1432.5,2026-09-30T08:52:06.128862,19,DEVICE060,0,Dhaka,0,501,285,1,-1181.06,0,0,0,0
TXN103962,USER064,USER024,2677.4,2026-09-07T08:32:29.128862,18,DEVICE131,0,Dhaka,0,327,743,1,28.94,0,0,0,0
TXN100770,USER160,USER169,1318.57,2026-09-11T07:12:24.128862,17,DEVICE086,0,Chattogram,0,762,650,1,-76.02,0,0,0,0
TXN102165,USER245,USER139,1948.69,2026-09-09T01:47:00.128862,12,DEVICE139,0,Sylhet,0,694,188,1,597.19,0,0,0,0
TXN104533,USER153,USER126,2314.94,2026-09-11T04:05:50.128862,14,DEVICE372,1,Chattogram,0,406,352,1,332.07,0,0,0,0
TXN100673,USER048,USER064,1362.27,2026-09-08T02:15:26.128862,12,DEVICE118,0,Sylhet,0,926,598,1,-188.26,0,0,0,0
TXN100249,USER133,USER093,2187.22,2026-09-15T23:48:23.128862,10,DEVICE104,0,Chattogram,0,931,279,1,-983.41,0,0,0,0
TXN101574,USER029,USER120,2626.21,2026-09-28T09:09:45.128862,19,DEVICE046,0,Dhaka,0,750,257,2,-462.02,0,0,0,0
TXN103419,USER171,USER564,2498.69,2026-09-21T00:00:36.128862,10,DEVICE063,0,Sylhet,0,275,540,1,-827.2,0,0,0,0
TXN102081,USER067,USER283,1402.7,2026-10-03T12:25:09.128862,22,DEVICE138,0,Chattogram,0,92,932,1,-15.73,0,0,0,0
TXN101823,USER142,USER069,1522.25,2026-09-16T05:55:22.128862,16,DEVICE168,0,Sylhet,0,348,267,3,-762.22,0,0,0,0
TXN200750,USER252,USER463,27980.15,2026-09-30T15:59:40.128862,2,DEVICE_ROGUE_936,1,Chattogram,1,839,3,5,25150.12,1,1,3,1
TXN200938,USER010,USER442,47397.36,2026-09-24T16:25:24.128862,2,DEVICE_ROGUE_931,1,Sylhet,1,381,1,5,46516.91,1,1,2,1
TXN104544,USER138,USER255,4126.74,2026-09-22T09:26:34.128862,19,DEVICE054,0,Chattogram,0,880,728,1,1273.11,0,0,0,0
TXN100716,USER241,USER317,2248.69,2026-09-13T05:08:13.128862,15,DEVICE061,0,Chattogram,0,158,208,1,316.78,1,0,0,0
TXN200544,USER285,USER364,9678.27,2026-09-16T18:33:00.128862,4,DEVICE085,1,Dhaka,0,219,114,11,7559.23,1,1,1,1
TXN200799,USER276,USER178,38404.07,2026-09-15T15:57:37.128862,2,DEVICE_ROGUE_937,1,Coxs Bazar,1,626,7,7,37292.41,1,1,2,1
TXN102048,USER196,USER038,2790.67,2026-09-06T22:21:55.128862,8,DEVICE057,0,Dhaka,0,1109,609,1,-334.97,0,0,0,0
TXN104178,USER188,USER518,1514.91,2026-09-28T04:56:29.128862,15,DEVICE168,0,Dhaka,0,1177,740,1,43.54,0,0,0,0
TXN200009,USER157,USER599,34966.86,2026-09-25T03:04:53.128862,13,DEVICE170,0,Chattogram,0,15,12,12,33254.03,1,1,0,1
TXN102724,USER175,USER043,3610.45,2026-09-04T07:02:08.128862,17,DEVICE019,0,Sylhet,0,998,806,1,630.21,0,0,0,0
TXN200620,USER236,USER092,46344.12,2026-10-01T16:14:00.128862,2,DEVICE_ROGUE_968,1,Sylhet,1,370,5,12,45220.43,1,1,4,1
TXN101460,USER118,USER594,3445.6,2026-09-11T22:45:46.128862,9,DEVICE104,0,Sylhet,0,701,901,4,920.44,0,1,0,0
TXN101668,USER007,USER530,3166.28,2026-09-26T21:27:36.128862,7,DEVICE038,0,Sylhet,0,550,91,4,-42.6,0,1,0,0
TXN102756,USER292,USER103,2493.38,2026-09-06T05:14:43.128862,15,DEVICE100,0,Gazipur,1,166,753,1,-388.64,0,0,0,0
TXN102000,USER277,USER193,902.22,2026-10-03T06:40:41.128862,16,DEVICE193,0,Dhaka,0,870,396,1,-186.78,0,0,0,0
TXN104571,USER008,USER580,1135.24,2026-09-09T01:32:08.128862,11,DEVICE111,0,Dhaka,0,395,516,1,100.51,0,0,1,0
TXN104613,USER141,USER582,2114.49,2026-09-10T23:05:40.128862,9,DEVICE156,0,Chattogram,0,165,594,1,31.23,0,0,0,0
TXN100404,USER230,USER407,3116.74,2026-09-04T14:03:51.128862,0,DEVICE070,1,Chattogram,0,676,369,1,-277.36,1,0,0,0
TXN100384,USER017,USER339,1001.81,2026-09-27T19:54:16.128862,6,DEVICE064,0,Chattogram,0,344,616,1,-393.38,0,0,0,0
TXN200585,USER172,USER015,34996.99,2026-09-06T16:01:19.128862,2,DEVICE_ROGUE_963,1,Chattogram,1,978,4,9,32655.17,1,1,4,1
TXN102152,USER039,USER493,3080.2,2026-09-22T03:08:30.128862,13,DEVICE069,0,Dhaka,0,1152,453,1,-46.41,1,0,0,0
TXN101633,USER262,USER465,4109.53,2026-09-25T01:20:28.128862,11,DEVICE016,0,Chattogram,0,1049,622,1,935.5,0,0,0,0
TXN200694,USER073,USER543,21543.75,2026-09-13T11:22:28.128862,21,DEVICE022,1,Dhaka,0,830,158,10,18377.56,1,1,2,1
TXN104784,USER240,USER314,3208.4,2026-09-28T01:58:19.128862,12,DEVICE074,0,Dhaka,0,992,321,2,736.07,1,0,0,0
TXN103925,USER114,USER350,843.71,2026-09-20T11:32:05.128862,21,DEVICE080,0,Chattogram,0,1129,665,2,-438.65,0,0,0,0
TXN104158,USER147,USER380,2211.92,2026-09-05T04:15:22.128862,14,DEVICE173,0,Sylhet,0,294,908,1,-44.18,0,0,0,0
TXN200148,USER050,USER402,40651.41,2026-09-06T23:50:58.128862,10,DEVICE079,0,Sylhet,0,19,13,11,38866.36,1,1,0,1
TXN100223,USER183,USER229,3804.73,2026-09-30T05:56:37.128862,16,DEVICE099,0,Chattogram,0,824,190,1,347.48,1,0,1,0
TXN102193,USER233,USER576,2421.87,2026-09-13T01:00:36.128862,11,DEVICE125,0,Chattogram,0,538,94,1,15.28,0,0,1,0
TXN103136,USER003,USER526,1202.46,2026-09-26T21:34:30.128862,7,DEVICE010,0,Dhaka,0,631,509,2,-340.12,1,0,0,0
TXN104469,USER237,USER168,4063.28,2026-09-09T05:32:39.128862,15,DEVICE113,0,Chattogram,0,288,283,2,859.5,1,0,0,0
TXN101824,USER008,USER514,1119.29,2026-09-15T20:21:09.128862,6,DEVICE111,0,Dhaka,0,395,921,3,84.56,0,0,0,0
TXN200709,USER051,USER013,29809.41,2026-09-15T16:57:56.128862,3,DEVICE_ROGUE_971,1,Coxs Bazar,1,304,9,12,28009.92,1,1,2,1
TXN200324,USER174,USER250,35615.22,2026-09-03T17:43:22.128862,3,DEVICE197,0,Sylhet,0,295,61,2,32696.75,1,0,0,1
TXN200172,USER231,USER144,41694.57,2026-09-20T16:12:23.128862,2,DEVICE200,0,Chattogram,0,561,56,4,40678.27,1,0,0,1
TXN100797,USER171,USER230,3634.44,2026-09-28T11:44:51.128862,21,DEVICE063,0,Sylhet,0,275,992,1,308.55,0,0,0,0
TXN102871,USER118,USER434,2663.17,2026-09-30T23:56:22.128862,10,DEVICE104,0,Sylhet,0,701,319,1,138.01,1,0,0,0
TXN100009,USER165,USER152,3587.39,2026-09-11T20:24:53.128862,6,DEVICE080,0,Dhaka,0,1198,450,1,466.37,0,0,0,0
TXN101944,USER050,USER004,1613.22,2026-09-05T00:06:04.128862,10,DEVICE079,0,Sylhet,0,747,602,3,-171.83,0,0,0,0
TXN101838,USER275,USER009,1253.46,2026-10-03T05:39:12.128862,15,DEVICE091,0,Dhaka,0,844,580,1,90.87,1,0,0,0
TXN200004,USER262,USER208,23762.7,2026-09-24T10:36:48.128862,20,DEVICE219,1,Chattogram,0,1049,42,15,20588.67,1,1,1,1
TXN100255,USER207,USER328,1351.36,2026-09-27T06:46:54.128862,17,DEVICE119,0,Dhaka,0,241,988,1,-531.45,0,0,0,0
TXN104485,USER004,USER313,1491.7,2026-09-24T00:59:13.128862,11,DEVICE095,0,Chattogram,0,495,866,1,89.03,0,0,0,0
TXN200602,USER197,USER418,9768.88,2026-09-13T22:14:30.128862,8,DEVICE352,1,Dhaka,0,383,76,20,7483.0,1,1,2,1
TXN101581,USER100,USER204,4065.32,2026-09-10T22:51:12.128862,9,DEVICE172,0,Chattogram,0,940,426,1,941.21,0,0,0,0
TXN102956,USER128,USER440,2965.37,2026-09-27T08:19:40.128862,18,DEVICE192,0,Sylhet,0,749,965,3,-343.2,1,0,0,0
TXN100924,USER296,USER440,1724.13,2026-09-23T22:09:59.128862,8,DEVICE104,0,Chattogram,0,289,589,1,-565.41,1,0,0,0
TXN200747,USER021,USER520,22327.82,2026-10-01T23:24:06.128862,9,DEVICE286,1,Chattogram,0,647,149,11,19352.11,1,1,1,1
TXN102508,USER250,USER462,2093.77,2026-09-05T03:51:12.128862,14,DEVICE099,0,Sylhet,0,360,533,1,483.78,0,0,0,0
TXN200224,USER255,USER498,33038.92,2026-09-18T13:23:59.128862,23,DEVICE_ROGUE_952,1,Coxs Bazar,1,648,14,5,29543.09,1,1,3,1
TXN103775,USER202,USER235,3249.95,2026-09-27T02:24:32.128862,12,DEVICE143,0,Sylhet,0,612,725,1,-51.24,0,0,0,0
TXN200035,USER068,USER423,46420.37,2026-09-29T18:31:03.128862,4,DEVICE085,0,Sylhet,0,1036,101,2,45533.7,1,0,1,1
TXN104136,USER234,USER068,2279.24,2026-09-23T06:03:22.128862,16,DEVICE161,0,Chattogram,0,479,738,1,-343.83,0,0,0,0
TXN200164,USER260,USER171,13145.79,2026-09-26T05:28:22.128862,15,DEVICE211,1,Dhaka,0,783,149,17,9825.99,1,1,1,1
TXN102779,USER117,USER443,1443.86,2026-09-25T02:44:27.128862,12,DEVICE084,0,Sylhet,0,669,804,2,-161.94,0,0,0,0
TXN100539,USER063,USER482,1664.34,2026-09-25T07:37:47.128862,17,DEVICE165,0,Chattogram,0,752,436,1,-639.42,0,0,0,0
TXN102745,USER111,USER313,3118.94,2026-09-23T07:55:43.128862,18,DEVICE185,0,Chattogram,0,655,641,1,-45.86,0,0,0,0
TXN200591,USER062,USER581,36057.67,2026-09-06T18:05:00.128862,4,DEVICE090,0,Dhaka,0,606,174,2,33529.67,1,0,1,1
TXN200676,USER277,USER518,41571.42,2026-09-13T18:28:57.128862,4,DEVICE193,0,Dhaka,0,870,174,3,40482.42,1,0,0,1
TXN101145,USER091,USER410,1371.32,2026-09-21T00:38:34.128862,10,DEVICE182,0,Chattogram,0,550,759,1,275.27,0,0,0,0
TXN200327,USER003,USER392,41545.55,2026-09-29T17:52:31.128862,4,DEVICE010,0,Dhaka,0,631,274,2,40002.97,1,0,0,1
TXN104468,USER157,USER252,1906.83,2026-09-25T21:44:53.128862,7,DEVICE170,0,Chattogram,0,783,483,4,194.0,0,1,0,0
TXN100667,USER065,USER533,2946.28,2026-09-13T12:58:18.128862,23,DEVICE103,0,Sylhet,0,917,408,1,-129.42,0,0,0,0
TXN103019,USER210,USER197,3509.36,2026-09-23T04:48:29.128862,15,DEVICE144,0,Dhaka,0,702,89,2,49.03,0,0,0,0
TXN100357,USER183,USER160,3258.97,2026-09-07T08:43:18.128862,18,DEVICE099,0,Chattogram,0,824,688,1,-198.28,1,0,0,0
TXN200263,USER194,USER444,20223.58,2026-09-08T10:38:49.128862,20,DEVICE173,1,Sylhet,0,873,180,11,16930.76,1,1,2,1
TXN102831,USER016,USER492,1393.42,2026-09-17T05:20:46.128862,15,DEVICE175,0,Chattogram,0,989,466,1,-877.92,1,0,0,0
TXN102783,USER035,USER145,1586.38,2026-10-01T10:33:46.128862,20,DEVICE106,0,Sylhet,0,641,166,3,-235.66,1,0,0,0
TXN101353,USER105,USER124,1751.62,2026-09-27T10:29:03.128862,20,DEVICE244,1,Dhaka,0,386,175,2,231.19,1,0,0,0
TXN200331,USER200,USER324,8612.57,2026-10-01T19:30:18.128862,5,DEVICE362,1,Chattogram,0,610,80,19,5555.3,1,1,1,1
TXN100470,USER295,USER131,2431.92,2026-09-16T04:37:58.128862,14,DEVICE174,0,Dhaka,0,327,725,3,-369.4,1,0,0,0
TXN102703,USER108,USER540,2733.41,2026-09-15T08:25:23.128862,18,DEVICE081,0,Sylhet,0,1130,676,1,759.54,0,0,0,0
TXN103330,USER031,USER185,2210.99,2026-09-10T07:44:23.128862,17,DEVICE075,1,Sylhet,0,142,703,1,-768.26,0,0,0,0
TXN103637,USER286,USER267,2558.03,2026-09-28T18:12:56.128862,4,DEVICE125,0,Dhaka,0,1040,396,1,-686.38,1,0,0,0
TXN101396,USER126,USER402,1606.4,2026-09-12T03:44:49.128862,13,DEVICE098,0,Chattogram,0,862,320,1,-68.82,0,0,0,0
TXN103584,USER051,USER412,2147.49,2026-09-27T07:04:36.128862,17,DEVICE059,0,Dhaka,0,304,865,1,348.0,0,0,0,0
TXN200579,USER195,USER443,36319.38,2026-09-13T16:51:00.128862,3,DEVICE109,0,Sylhet,0,583,186,5,34322.93,1,0,0,1
TXN200462,USER262,USER440,48490.68,2026-09-23T18:37:09.128862,4,DEVICE016,0,Chattogram,0,1049,321,3,45316.65,1,0,1,1
TXN103376,USER262,USER442,3103.25,2026-09-18T02:30:19.128862,12,DEVICE016,0,Chattogram,0,1049,315,1,-70.78,0,0,0,0
TXN101256,USER049,USER537,2134.27,2026-10-02T00:23:16.128862,10,DEVICE090,0,Barishal,1,772,157,3,-382.08,1,0,0,0
TXN103512,USER126,USER278,2265.16,2026-09-27T23:14:30.128862,9,DEVICE098,0,Chattogram,0,862,422,2,589.94,0,0,0,0
TXN101250,USER203,USER221,3618.63,2026-09-13T06:19:57.128862,16,DEVICE064,0,Sylhet,0,109,643,2,527.15,0,0,0,0
TXN200962,USER078,USER585,21531.93,2026-09-27T14:24:47.128862,0,DEVICE397,1,Dhaka,0,636,79,16,19493.03,1,1,1,1
TXN104298,USER062,USER490,2676.11,2026-09-16T05:53:30.128862,16,DEVICE090,0,Dhaka,0,606,799,1,148.11,0,0,0,0
TXN103284,USER210,USER199,3887.72,2026-09-16T10:06:49.128862,20,DEVICE144,0,Dhaka,0,702,532,1,427.39,0,0,0,0
TXN102933,USER299,USER185,1205.19,2026-09-16T01:07:26.128862,11,DEVICE120,0,Sylhet,0,367,817,3,202.03,0,0,0,0
TXN104175,USER222,USER282,1720.88,2026-09-29T03:16:07.128862,13,DEVICE191,0,Chattogram,0,695,456,2,-642.91,0,0,0,0
TXN200468,USER215,USER482,45406.9,2026-09-06T16:01:35.128862,2,DEVICE157,0,Sylhet,0,497,305,2,42022.14,1,0,1,1
TXN200110,USER025,USER422,49258.95,2026-09-04T17:21:28.128862,3,DEVICE192,0,Chattogram,0,986,117,4,45874.47,1,0,0,1
TXN101852,USER204,USER542,1321.64,2026-09-26T07:50:44.128862,18,DEVICE032,0,Sylhet,0,1042,263,1,72.6,1,0,0,0
TXN200812,USER094,USER176,39506.81,2026-09-23T16:31:04.128862,2,DEVICE_ROGUE_945,1,Sylhet,1,330,11,6,37566.98,1,1,2,1
TXN201041,USER154,USER180,19521.07,2026-09-29T23:54:24.128862,10,DEVICE363,1,Sylhet,0,243,120,19,17323.62,1,1,2,1
TXN102105,USER061,USER252,4028.95,2026-10-03T05:44:36.128862,15,DEVICE072,0,Dhaka,0,734,205,1,557.24,1,0,0,0
TXN100133,USER170,USER580,1143.3,2026-09-07T12:42:46.128862,22,DEVICE012,0,Sylhet,0,555,982,1,-13.94,0,0,0,0
TXN200436,USER225,USER592,46623.04,2026-09-08T18:13:45.128862,4,DEVICE067,0,Sylhet,0,900,171,4,45668.69,1,0,1,1
TXN200229,USER084,USER029,20957.0,2026-09-03T23:56:50.128862,10,DEVICE393,1,Dhaka,0,29,12,14,17732.88,1,1,0,1
TXN100928,USER114,USER305,1192.27,2026-09-29T23:00:59.128862,9,DEVICE080,0,Chattogram,0,1129,848,1,-90.09,0,0,0,0
TXN100823,USER099,USER382,5675.43,2026-09-24T05:37:45.128862,15,DEVICE189,0,Dhaka,0,649,217,2,2253.52,0,0,0,0
TXN200646,USER268,USER431,17020.73,2026-09-22T07:43:39.128862,17,DEVICE097,1,Chattogram,0,274,107,10,13555.2,1,1,2,1
TXN101531,USER091,USER561,900.96,2026-09-19T11:42:12.128862,21,DEVICE182,0,Chattogram,0,550,795,1,-195.09,0,0,0,0
TXN101214,USER050,USER351,2925.11,2026-09-12T07:50:03.128862,18,DEVICE079,0,Sylhet,0,747,616,1,1140.06,1,0,0,0
TXN100504,USER255,USER153,2731.27,2026-09-04T06:44:15.128862,16,DEVICE017,0,Sylhet,0,648,776,4,-764.56,0,1,0,0
TXN104285,USER239,USER371,2620.21,2026-09-25T21:44:38.128862,7,DEVICE183,0,Cumilla,1,722,736,2,215.01,0,0,0,0
TXN101996,USER210,USER535,2966.96,2026-09-12T23:55:54.128862,10,DEVICE144,0,Dhaka,0,702,586,1,-493.37,0,0,0,0
TXN103072,USER252,USER070,2935.3,2026-09-24T04:26:23.128862,14,DEVICE040,0,Dhaka,0,839,955,2,105.27,0,0,0,0
TXN101958,USER140,USER446,1497.96,2026-09-04T06:33:41.128862,16,DEVICE149,0,Chattogram,0,1104,653,2,351.3,0,0,1,0
TXN101384,USER244,USER490,3519.3,2026-09-07T02:56:37.128862,13,DEVICE082,0,Sylhet,0,274,939,1,195.59,0,0,0,0
TXN100894,USER201,USER365,3723.06,2026-09-26T12:28:19.128862,22,DEVICE013,0,Chattogram,0,1031,575,1,306.77,1,0,0,0
TXN200124,USER057,USER174,36572.45,2026-09-07T18:14:50.128862,4,DEVICE085,0,Sylhet,0,910,217,4,35310.38,1,0,1,1
TXN100455,USER029,USER534,2660.83,2026-09-27T00:28:33.128862,10,DEVICE046,0,Gazipur,1,750,761,1,-427.4,0,0,0,0
TXN200758,USER061,USER190,46642.68,2026-09-16T15:52:49.128862,2,DEVICE_ROGUE_928,1,Sylhet,1,734,14,11,43170.97,1,1,3,1
TXN103709,USER134,USER168,2898.34,2026-09-04T18:26:17.128862,4,DEVICE141,0,Chattogram,0,179,336,2,-458.42,1,0,0,0
TXN200733,USER141,USER263,43039.91,2026-09-24T17:57:53.128862,4,DEVICE156,0,Chattogram,0,165,193,2,40956.65,1,0,0,1
TXN200049,USER108,USER307,18738.34,2026-09-09T19:53:16.128862,6,DEVICE336,1,Sylhet,0,1130,78,17,16764.47,1,1,2,1
TXN104748,USER039,USER101,4121.18,2026-09-26T11:38:30.128862,21,DEVICE069,0,Gazipur,1,1152,685,2,994.57,0,0,0,0
TXN104268,USER186,USER126,1681.15,2026-09-30T23:25:00.128862,9,DEVICE063,0,Chattogram,0,388,710,1,-34.97,0,0,0,0
TXN103522,USER171,USER176,2426.22,2026-09-04T04:06:14.128862,14,DEVICE063,0,Sylhet,0,275,106,1,-899.67,0,0,0,0
TXN104134,USER104,USER324,1878.34,2026-09-11T06:29:44.128862,16,DEVICE018,0,Sylhet,0,1025,863,1,-371.48,1,0,0,0
TXN103602,USER161,USER131,1156.31,2026-09-10T09:19:55.128862,19,DEVICE024,0,Chattogram,0,1182,191,2,164.63,1,0,0,0
TXN100713,USER174,USER027,3389.23,2026-09-14T03:22:25.128862,13,DEVICE197,0,Chattogram,1,295,667,1,470.76,0,0,0,0
TXN104186,USER205,USER059,1839.18,2026-09-06T07:22:20.128862,17,DEVICE117,0,Sylhet,0,679,227,2,-272.05,0,0,0,0
TXN102214,USER213,USER564,2586.11,2026-09-30T22:34:31.128862,8,DEVICE194,0,Chattogram,0,1025,394,1,557.59,0,0,1,0
TXN200501,USER053,USER439,21090.12,2026-09-24T03:51:46.128862,14,DEVICE007,0,Sylhet,0,21,14,15,19569.28,1,1,0,1
TXN102923,USER120,USER067,1347.53,2026-09-21T06:47:35.128862,17,DEVICE076,0,Chattogram,0,394,307,3,134.86,1,0,0,0
TXN101810,USER191,USER341,1734.76,2026-09-06T04:31:50.128862,14,DEVICE193,0,Chattogram,0,438,534,4,-204.32,0,1,0,0
TXN103486,USER185,USER068,2081.61,2026-09-29T08:46:31.128862,19,DEVICE103,0,Dhaka,1,972,704,1,194.53,0,0,0,0
TXN103141,USER144,USER347,2576.44,2026-09-15T09:28:39.128862,19,DEVICE120,0,Rajshahi,1,769,67,3,-579.13,0,0,0,0
TXN101827,USER157,USER194,1658.01,2026-09-22T07:11:35.128862,17,DEVICE332,1,Chattogram,0,783,231,2,-54.82,0,0,0,0
TXN101155,USER188,USER423,871.32,2026-09-08T06:43:28.128862,16,DEVICE168,0,Dhaka,0,1177,159,3,-600.05,0,0,0,0
TXN101324,USER111,USER427,4786.62,2026-09-13T03:25:23.128862,13,DEVICE185,0,Chattogram,0,655,693,1,1621.82,0,0,0,0
TXN104312,USER243,USER532,3811.92,2026-10-01T09:10:21.128862,19,DEVICE086,0,Dhaka,0,359,804,1,1600.41,0,0,0,0
TXN100510,USER158,USER512,2441.37,2026-09-30T04:36:41.128862,14,DEVICE163,0,Barishal,1,904,117,1,52.94,0,0,0,0
TXN101680,USER211,USER392,1423.46,2026-09-08T10:58:44.128862,21,DEVICE153,0,Mymensingh,1,958,644,2,-92.59,0,0,0,0
TXN100499,USER063,USER123,2529.42,2026-09-22T20:53:37.128862,7,DEVICE165,0,Chattogram,0,752,639,1,225.66,0,0,0,0
TXN200637,USER020,USER507,27614.16,2026-09-21T15:12:44.128862,1,DEVICE_ROGUE_988,1,Coxs Bazar,1,914,11,8,26796.61,1,1,3,1
TXN101856,USER090,USER002,1276.78,2026-10-01T00:15:57.128862,10,DEVICE012,0,Sylhet,0,280,911,2,349.57,0,0,0,0
TXN101388,USER209,USER162,1341.75,2026-09-19T23:03:44.128862,9,DEVICE136,0,Chattogram,0,797,91,1,-481.48,0,0,0,0
TXN103719,USER054,USER540,3467.07,2026-09-28T17:54:07.128862,4,DEVICE169,0,Chattogram,0,933,122,1,138.1,0,0,0,0
TXN102386,USER054,USER016,2345.27,2026-09-21T02:49:48.128862,13,DEVICE169,0,Rangpur,1,933,706,1,-983.7,0,0,0,0
TXN103236,USER140,USER436,931.91,2026-09-12T05:02:49.128862,15,DEVICE149,0,Rangpur,1,1104,71,1,-214.75,0,0,0,0
TXN101540,USER182,USER199,2877.14,2026-09-12T09:22:33.128862,19,DEVICE179,0,Sylhet,0,690,805,1,259.06,0,0,0,0
TXN101217,USER182,USER539,2026.35,2026-09-08T05:22:08.128862,15,DEVICE179,0,Cumilla,1,690,431,2,-591.73,0,0,0,0
TXN102681,USER089,USER424,1215.05,2026-09-16T10:00:38.128862,20,DEVICE066,0,Chattogram,0,925,102,1,169.59,0,0,0,0
TXN102993,USER060,USER211,1286.19,2026-09-25T23:18:51.128862,9,DEVICE198,0,Cumilla,1,270,260,1,-538.34,0,0,0,0
TXN101191,USER206,USER589,1734.01,2026-09-23T00:38:37.128862,10,DEVICE116,1,Chattogram,0,413,214,3,356.89,0,0,0,0
TXN200493,USER079,USER374,39798.35,2026-09-26T18:27:34.128862,4,DEVICE089,0,Dhaka,0,358,231,5,38283.17,1,0,0,1
TXN101542,USER102,USER247,3499.23,2026-09-24T05:28:25.128862,15,DEVICE094,0,Sylhet,0,1057,719,3,753.28,0,0,0,0
TXN103301,USER136,USER343,1629.83,2026-09-24T04:32:37.128862,14,DEVICE078,0,Chattogram,0,1058,657,2,-482.34,0,0,0,0
TXN103324,USER200,USER263,2889.98,2026-09-05T23:12:44.128862,9,DEVICE119,0,Chattogram,0,610,699,1,-167.29,0,0,0,0
TXN102539,USER007,USER092,3414.86,2026-09-05T10:31:15.128862,20,DEVICE038,0,Sylhet,0,550,669,1,205.98,0,0,0,0
TXN100953,USER286,USER249,2051.35,2026-09-27T06:39:26.128862,16,DEVICE125,0,Dhaka,0,1040,566,1,-1193.06,1,0,1,0
TXN200046,USER034,USER502,39754.92,2026-10-02T18:39:05.128862,4,DEVICE086,0,Dhaka,0,132,321,3,36327.51,1,0,0,1
TXN104330,USER289,USER587,2637.85,2026-09-15T05:35:07.128862,15,DEVICE112,0,Chattogram,0,328,294,1,694.2,0,0,0,0
TXN100732,USER136,USER078,2550.17,2026-09-06T01:04:06.128862,11,DEVICE078,0,Chattogram,0,1058,140,1,438.0,0,0,0,0
TXN201191,USER264,USER152,33301.95,2026-09-06T05:59:42.128862,16,DEVICE108,0,Chattogram,0,22,8,12,32076.03,1,1,0,1
TXN101156,USER235,USER504,1270.35,2026-09-28T08:01:34.128862,18,DEVICE062,0,Dhaka,0,603,866,1,-164.7,0,0,0,0
TXN200757,USER227,USER317,48259.42,2026-09-19T18:15:00.128862,4,DEVICE064,0,Dhaka,0,106,332,2,46101.72,1,0,1,1
TXN103294,USER082,USER274,1396.33,2026-09-23T10:15:19.128862,20,DEVICE112,0,Sylhet,0,1082,432,1,-113.07,0,0,0,0
TXN102982,USER084,USER137,4153.88,2026-09-21T06:44:16.128862,16,DEVICE131,0,Dhaka,0,149,257,3,929.76,0,0,0,0
TXN200505,USER244,USER193,13214.19,2026-09-11T08:34:52.128862,18,DEVICE099,1,Sylhet,0,274,124,10,9890.48,1,1,1,1
TXN200361,USER299,USER300,48156.82,2026-09-23T16:04:34.128862,2,DEVICE120,0,Sylhet,0,367,290,5,47153.66,1,0,0,1
TXN102156,USER062,USER460,1958.59,2026-09-11T07:46:13.128862,18,DEVICE090,0,Dhaka,0,606,819,1,-569.41,0,0,0,0
TXN101062,USER066,USER496,2966.18,2026-10-01T09:16:51.128862,19,DEVICE174,0,Dhaka,0,1143,357,1,70.98,0,0,0,0
TXN102616,USER195,USER071,1221.19,2026-09-29T00:11:09.128862,10,DEVICE109,0,Sylhet,0,583,269,1,-775.26,0,0,1,0
TXN101167,USER033,USER136,1191.34,2026-09-05T03:58:27.128862,14,DEVICE189,0,Chattogram,0,558,548,1,-1056.48,0,0,0,0
TXN103222,USER114,USER591,1261.73,2026-09-18T01:50:45.128862,12,DEVICE080,0,Chattogram,0,1129,138,3,-20.63,0,0,0,0
TXN103636,USER079,USER171,1599.97,2026-09-15T04:47:18.128862,15,DEVICE089,0,Dhaka,0,358,372,3,84.79,0,0,0,0
TXN102938,USER004,USER375,1122.65,2026-09-24T00:51:43.128862,11,DEVICE095,0,Chattogram,0,495,533,1,-280.02,0,0,0,0
TXN104491,USER129,USER544,4273.13,2026-09-04T04:06:57.128862,14,DEVICE301,1,Sylhet,0,476,552,1,1100.58,0,0,0,0
TXN103140,USER119,USER512,2682.7,2026-09-12T03:36:14.128862,13,DEVICE179,0,Chattogram,0,1092,752,1,238.48,0,0,0,0
TXN200180,USER297,USER111,48230.63,2026-09-19T17:44:38.128862,3,DEVICE186,0,Sylhet,0,570,239,3,46275.88,1,0,1,1
TXN100143,USER267,USER174,3049.89,2026-09-09T06:53:30.128862,17,DEVICE150,0,Chattogram,0,839,124,1,598.36,1,0,0,0
TXN103577,USER167,USER262,993.55,2026-09-30T12:17:40.128862,22,DEVICE051,0,Sylhet,0,230,357,1,-449.06,0,0,0,0
TXN200146,USER155,USER338,21127.39,2026-09-11T03:36:21.128862,13,DEVICE073,0,Dhaka,0,9,17,13,20000.68,1,1,0,1
TXN102782,USER176,USER186,1303.27,2026-09-25T11:11:28.128862,21,DEVICE117,0,Chattogram,0,430,665,1,-10.84,0,0,0,0
TXN100717,USER287,USER056,3234.65,2026-09-10T01:57:53.128862,12,DEVICE057,0,Dhaka,0,708,409,2,150.17,1,0,0,0
TXN101819,USER067,USER516,1485.18,2026-09-13T21:41:16.128862,7,DEVICE138,0,Chattogram,0,92,62,1,66.75,0,0,0,0
TXN102502,USER134,USER379,4044.68,2026-09-06T08:43:49.128862,18,DEVICE141,0,Chattogram,0,179,904,2,687.92,0,0,0,0
TXN104360,USER156,USER473,1629.14,2026-10-01T01:27:07.128862,11,DEVICE132,0,Sylhet,0,632,431,1,222.46,0,0,0,0
TXN104171,USER283,USER595,2548.06,2026-10-01T05:03:38.128862,15,DEVICE140,0,Dhaka,0,761,492,2,35.62,1,0,0,0
TXN100395,USER199,USER195,4523.63,2026-09-19T04:34:48.128862,14,DEVICE133,0,Sylhet,0,1034,479,2,1025.57,0,0,0,0
TXN200997,USER095,USER487,27303.02,2026-10-03T12:05:53.128862,22,DEVICE399,1,Chattogram,0,23,30,11,26331.5,1,1,0,1
TXN104492,USER262,USER250,4056.45,2026-09-24T01:59:51.128862,12,DEVICE016,0,Chattogram,0,1049,709,5,882.42,0,1,0,0
TXN101365,USER268,USER403,4392.36,2026-09-14T23:32:39.128862,9,DEVICE179,0,Chattogram,0,274,291,1,926.83,0,0,0,0
TXN201100,USER218,USER495,24593.97,2026-09-14T13:51:25.128862,0,DEVICE235,1,Chattogram,0,308,101,20,21854.27,1,1,1,1
TXN100595,USER281,USER185,3083.46,2026-09-24T10:30:46.128862,20,DEVICE192,0,Dhaka,0,1055,278,1,345.91,0,0,0,0
TXN103952,USER194,USER195,5070.73,2026-09-22T04:37:38.128862,14,DEVICE200,0,Sylhet,0,873,615,2,1777.91,0,0,0,0
TXN200592,USER236,USER364,49263.22,2026-09-21T17:05:57.128862,3,DEVICE071,0,Dhaka,0,370,51,3,48139.53,1,0,1,1
TXN200168,USER128,USER429,9696.82,2026-09-16T20:14:57.128862,6,DEVICE265,1,Sylhet,0,749,121,9,6388.25,1,1,1,1
TXN102914,USER074,USER312,1518.42,2026-09-17T07:20:48.128862,17,DEVICE068,0,Dhaka,0,1110,124,1,-131.21,0,0,0,0
TXN102326,USER261,USER015,2486.61,2026-09-19T05:25:53.128862,15,DEVICE107,0,Sylhet,0,325,753,2,-691.72,1,0,0,0
TXN103766,USER047,USER585,1083.51,2026-10-01T09:12:28.128862,19,DEVICE052,0,Chattogram,0,802,77,1,10.81,0,0,0,0
TXN103440,USER003,USER502,1797.24,2026-09-06T09:33:41.128862,19,DEVICE010,0,Dhaka,0,631,342,1,254.66,0,0,0,0
TXN103851,USER236,USER079,1234.18,2026-09-24T08:44:13.128862,18,DEVICE071,0,Dhaka,0,370,691,1,110.49,0,0,1,0
TXN104132,USER178,USER003,2311.57,2026-09-26T09:38:26.128862,19,DEVICE162,0,Sylhet,0,149,834,1,347.73,0,0,0,0
TXN200699,USER261,USER294,20305.23,2026-09-12T05:25:27.128862,15,DEVICE107,0,Sylhet,0,22,14,12,17126.9,1,1,0,1
TXN102143,USER012,USER174,2259.78,2026-09-03T19:27:58.128862,5,DEVICE094,0,Dhaka,0,212,922,3,95.32,0,0,0,0
TXN201022,USER045,USER036,25536.04,2026-10-02T12:56:00.128862,23,DEVICE_ROGUE_910,1,Chattogram,1,276,1,5,24520.6,1,1,2,1
TXN200273,USER226,USER125,12273.11,2026-09-13T18:34:03.128862,4,DEVICE084,1,Chattogram,0,652,75,9,9895.83,1,1,1,1
TXN101571,USER075,USER195,1287.71,2026-09-14T08:21:34.128862,18,DEVICE010,0,Sylhet,0,995,317,1,-1281.97,0,0,0,0
TXN104079,USER192,USER051,866.67,2026-09-10T12:11:48.128862,22,DEVICE198,0,Dhaka,0,448,888,1,-685.4,0,0,0,0
TXN101122,USER256,USER193,4908.26,2026-09-12T19:12:18.128862,5,DEVICE107,0,Chattogram,0,426,495,1,1418.8,1,0,0,0
TXN102786,USER202,USER327,4253.7,2026-09-12T03:25:53.128862,13,DEVICE143,0,Sylhet,0,612,776,3,952.51,0,0,0,0
TXN102967,USER075,USER592,2167.02,2026-09-24T11:01:53.128862,21,DEVICE010,0,Sylhet,0,995,288,1,-402.66,0,0,0,0
TXN102504,USER031,USER554,2270.38,2026-09-10T09:18:59.128862,19,DEVICE007,0,Sylhet,0,142,805,2,-708.87,0,0,0,0
TXN103465,USER099,USER171,4273.64,2026-09-18T08:20:54.128862,18,DEVICE189,0,Dhaka,0,649,340,3,851.73,1,0,0,0
TXN100675,USER074,USER518,1951.78,2026-09-25T21:14:21.128862,7,DEVICE068,0,Dhaka,0,1110,601,1,302.15,1,0,0,0
TXN102808,USER030,USER587,1939.4,2026-09-08T00:02:11.128862,10,DEVICE106,0,Sylhet,0,602,397,1,-490.66,1,0,0,0
TXN103348,USER079,USER503,1917.52,2026-09-18T22:10:36.128862,8,DEVICE089,0,Khulna,1,358,896,2,402.34,0,0,0,0
TXN100728,USER270,USER495,432.4,2026-09-19T07:15:30.128862,17,DEVICE196,0,Sylhet,0,118,869,1,-388.72,0,0,1,0
TXN100412,USER244,USER586,3165.26,2026-09-21T08:10:29.128862,18,DEVICE082,0,Sylhet,0,274,852,4,-158.45,0,1,0,0
TXN103146,USER010,USER247,1084.72,2026-09-20T00:25:29.128862,10,DEVICE011,0,Sylhet,0,381,823,1,204.27,0,0,0,0
TXN101516,USER058,USER574,2851.42,2026-10-03T03:26:50.128862,13,DEVICE072,0,Sylhet,0,165,114,1,82.78,0,0,0,0
TXN100825,USER046,USER372,1757.69,2026-09-28T10:02:22.128862,20,DEVICE057,0,Dhaka,0,1052,70,1,329.15,1,0,0,0
TXN103267,USER222,USER479,1451.2,2026-09-03T18:33:15.128862,4,DEVICE191,0,Chattogram,0,695,369,1,-912.59,0,0,0,0
TXN103974,USER079,USER357,2138.43,2026-09-16T08:45:07.128862,18,DEVICE089,0,Dhaka,0,358,207,1,623.25,0,0,0,0
TXN100616,USER206,USER440,1341.65,2026-09-08T04:50:36.128862,15,DEVICE035,0,Chattogram,0,413,74,2,-35.47,0,0,0,0
TXN100114,USER018,USER458,3154.75,2026-09-26T05:40:16.128862,15,DEVICE171,0,Mymensingh,1,1049,299,2,763.73,0,0,0,0
TXN100417,USER076,USER295,2006.75,2026-09-25T16:36:20.128862,2,DEVICE028,0,Sylhet,0,195,399,3,138.54,0,0,0,0
TXN103069,USER185,USER420,1772.24,2026-09-16T04:53:58.128862,15,DEVICE103,0,Chattogram,0,972,948,2,-114.84,0,0,0,0
TXN101625,USER285,USER187,2240.93,2026-09-13T07:04:31.128862,17,DEVICE057,0,Dhaka,0,219,452,3,121.89,0,0,0,0
TXN201139,USER276,USER138,43811.12,2026-09-11T04:20:06.128862,14,DEVICE077,0,Sylhet,0,28,14,15,42699.46,1,1,0,1
TXN104185,USER276,USER466,1536.92,2026-09-07T21:39:47.128862,7,DEVICE077,0,Sylhet,0,626,505,2,425.26,0,0,0,0
TXN102896,USER247,USER248,1904.39,2026-09-09T16:51:37.128862,3,DEVICE036,0,Dhaka,0,940,170,2,459.94,0,0,0,0
TXN200802,USER041,USER163,12273.35,2026-09-29T23:19:30.128862,9,DEVICE176,1,Dhaka,0,659,44,16,9571.01,1,1,2,1
TXN102082,USER139,USER301,3046.54,2026-09-30T02:50:55.128862,13,DEVICE111,0,Rajshahi,1,401,430,1,178.79,1,0,0,0
TXN100753,USER249,USER473,2080.13,2026-09-20T20:27:28.128862,6,DEVICE060,0,Dhaka,0,501,542,1,-533.43,0,0,0,0
TXN102546,USER222,USER510,3363.57,2026-09-23T10:13:52.128862,20,DEVICE191,0,Chattogram,0,695,156,1,999.78,0,0,0,0
TXN103969,USER067,USER398,1729.26,2026-09-28T08:06:47.128862,18,DEVICE138,0,Chattogram,0,92,271,1,310.83,0,0,1,0
TXN103373,USER288,USER003,1328.6,2026-09-14T20:06:17.128862,6,DEVICE070,0,Chattogram,0,926,465,1,279.39,0,0,0,0
TXN104107,USER028,USER556,1306.26,2026-09-27T01:37:13.128862,11,DEVICE042,0,Chattogram,0,974,725,4,245.13,0,1,0,0
TXN102444,USER232,USER119,1038.22,2026-10-01T23:35:19.128862,9,DEVICE134,0,Chattogram,0,811,415,1,-263.51,0,0,0,0
TXN104380,USER051,USER229,942.29,2026-10-03T05:54:44.128862,16,DEVICE059,0,Dhaka,0,304,946,1,-857.2,0,0,0,0
TXN101066,USER195,USER093,2161.83,2026-09-14T08:43:35.128862,18,DEVICE109,0,Sylhet,0,583,730,1,165.38,1,0,0,0
TXN103913,USER223,USER178,1321.35,2026-09-14T11:20:38.128862,21,DEVICE122,0,Sylhet,0,694,312,1,-942.58,0,0,1,0
TXN200487,USER109,USER488,34260.04,2026-09-18T11:55:09.128862,22,DEVICE170,0,Sylhet,0,20,13,9,32234.99,1,1,0,1
TXN200587,USER079,USER076,45070.04,2026-09-13T03:57:37.128862,14,DEVICE089,0,Dhaka,0,13,26,11,43554.86,1,1,0,1
TXN103498,USER039,USER364,2810.29,2026-09-20T23:27:30.128862,9,DEVICE069,0,Dhaka,0,1152,414,1,-316.32,0,0,0,0
TXN102738,USER295,USER487,2173.36,2026-09-06T00:59:35.128862,11,DEVICE174,0,Dhaka,0,327,549,1,-627.96,0,0,0,0
TXN200252,USER121,USER171,9386.14,2026-09-08T04:16:45.128862,14,DEVICE007,1,Dhaka,0,1004,181,15,6527.36,1,1,1,1
TXN104000,USER106,USER563,2187.05,2026-09-19T10:00:31.128862,20,DEVICE085,0,Sylhet,1,875,178,2,-343.55,0,0,1,0
TXN101568,USER002,USER353,784.9,2026-10-02T11:27:20.128862,21,DEVICE140,0,Sylhet,0,568,639,2,-82.63,0,0,0,0
TXN102427,USER009,USER139,1998.13,2026-09-18T00:28:08.128862,10,DEVICE267,1,Dhaka,0,634,730,2,58.94,1,0,0,0
TXN103746,USER260,USER212,4226.63,2026-09-28T02:52:23.128862,13,DEVICE120,0,Dhaka,0,783,330,1,906.83,0,0,0,0
TXN200761,USER014,USER515,45440.46,2026-10-02T17:19:59.128862,3,DEVICE092,0,Dhaka,0,719,211,5,44103.6,1,0,1,1
TXN101687,USER037,USER560,4422.73,2026-10-02T10:01:32.128862,20,DEVICE189,0,Sylhet,0,448,183,2,1383.34,0,0,0,0
TXN100851,USER021,USER001,3377.45,2026-09-26T19:05:26.128862,5,DEVICE200,0,Chattogram,0,647,681,4,401.74,1,1,0,0
TXN103546,USER034,USER570,3288.88,2026-09-04T03:28:04.128862,13,DEVICE086,0,Dhaka,0,132,547,4,-138.53,0,1,0,0
TXN100895,USER077,USER025,3733.47,2026-09-16T05:15:50.128862,15,DEVICE153,0,Sylhet,0,506,215,1,464.19,0,0,0,0
TXN104592,USER112,USER495,1245.51,2026-09-21T04:31:07.128862,14,DEVICE077,0,Sylhet,0,939,849,2,-265.64,1,0,1,0
TXN100335,USER146,USER088,1509.18,2026-09-22T23:16:08.128862,9,DEVICE114,0,Dhaka,0,991,480,1,137.32,0,0,0,0
TXN102839,USER035,USER057,1180.27,2026-09-12T09:10:39.128862,19,DEVICE106,0,Sylhet,0,641,725,1,-641.77,0,0,0,0
TXN103087,USER160,USER168,1809.27,2026-09-05T08:33:59.128862,18,DEVICE086,0,Chattogram,0,762,405,1,414.68,0,0,0,0
TXN104611,USER009,USER445,1385.56,2026-09-26T22:33:45.128862,8,DEVICE033,0,Dhaka,0,634,806,2,-553.63,0,0,0,0
TXN101348,USER130,USER223,3181.55,2026-09-13T03:45:26.128862,14,DEVICE158,0,Chattogram,0,579,271,1,136.05,0,0,0,0
TXN101015,USER040,USER079,1909.97,2026-09-20T22:58:44.128862,9,DEVICE041,0,Dhaka,0,995,979,1,-448.88,0,0,0,0
TXN102816,USER185,USER594,2342.49,2026-09-13T07:36:43.128862,17,DEVICE103,0,Chattogram,0,972,170,2,455.41,1,0,0,0
TXN101631,USER242,USER414,2508.46,2026-09-06T04:27:42.128862,14,DEVICE070,0,Chattogram,0,837,418,3,132.54,0,0,0,0
TXN102489,USER162,USER006,2543.75,2026-09-22T10:53:49.128862,21,DEVICE193,0,Dhaka,0,868,401,1,39.77,0,0,0,0
TXN103730,USER031,USER524,3190.13,2026-09-04T01:11:03.128862,11,DEVICE007,0,Sylhet,0,142,477,1,210.88,1,0,0,0
TXN103251,USER116,USER112,2892.02,2026-09-12T08:43:57.128862,18,DEVICE105,0,Chattogram,0,95,942,1,-258.38,1,0,0,0
TXN200755,USER252,USER151,12906.0,2026-09-14T10:09:17.128862,20,DEVICE230,1,Dhaka,0,839,191,14,10075.97,1,1,2,1
TXN102070,USER160,USER164,1992.83,2026-09-11T11:07:42.128862,21,DEVICE151,1,Chattogram,0,762,694,3,598.24,1,0,0,0
TXN104452,USER089,USER372,743.29,2026-09-13T22:44:11.128862,8,DEVICE066,0,Chattogram,0,925,252,3,-302.17,0,0,0,0
TXN201058,USER141,USER561,36135.72,2026-09-24T17:05:42.128862,3,DEVICE156,0,Chattogram,0,165,122,2,34052.46,1,0,0,1
TXN200608,USER086,USER585,28552.09,2026-09-06T13:28:37.128862,23,DEVICE_ROGUE_935,1,Coxs Bazar,1,414,13,6,27159.92,1,1,3,1
TXN101635,USER299,USER191,1378.52,2026-10-03T10:46:33.128862,21,DEVICE120,0,Sylhet,0,367,640,1,375.36,0,0,0,0
TXN104646,USER300,USER059,3262.72,2026-10-02T12:29:07.128862,22,DEVICE033,0,Chattogram,0,885,126,1,78.33,0,0,0,0
TXN102479,USER064,USER553,3268.27,2026-09-08T00:50:08.128862,11,DEVICE131,0,Dhaka,0,327,589,1,619.81,0,0,0,0
TXN102265,USER273,USER141,3033.8,2026-10-02T09:57:18.128862,20,DEVICE123,0,Rangpur,1,343,823,2,442.65,1,0,0,0
TXN102959,USER247,USER544,2258.41,2026-09-23T02:48:23.128862,13,DEVICE036,0,Dhaka,0,940,764,1,813.96,1,0,0,0
TXN200523,USER194,USER245,41656.44,2026-09-30T05:12:52.128862,15,DEVICE106,1,Sylhet,0,30,20,9,38363.62,1,1,0,1
TXN200872,USER095,USER300,19259.14,2026-09-25T05:31:25.128862,15,DEVICE198,1,Chattogram,0,14,12,9,18287.62,1,1,0,1
TXN103059,USER254,USER138,2784.98,2026-09-30T15:06:31.128862,1,DEVICE055,0,Dhaka,0,1117,648,1,747.61,0,0,0,0
TXN200253,USER249,USER427,23107.62,2026-09-30T06:17:59.128862,16,DEVICE060,0,Dhaka,0,24,25,6,20494.06,1,1,0,1
TXN102141,USER086,USER567,1482.64,2026-09-15T05:58:50.128862,16,DEVICE099,0,Dhaka,0,414,701,1,90.47,0,0,1,0
TXN200304,USER204,USER041,24571.67,2026-09-06T09:51:40.128862,20,DEVICE032,0,Sylhet,0,24,20,9,23322.63,1,1,0,1
TXN103118,USER248,USER088,2334.9,2026-09-23T14:58:57.128862,1,DEVICE039,0,Dhaka,0,449,693,2,466.28,1,0,0,0
TXN200388,USER108,USER140,46448.66,2026-09-23T17:30:29.128862,3,DEVICE081,0,Sylhet,0,1130,284,4,44474.79,1,0,0,1
TXN200864,USER213,USER260,24171.07,2026-09-10T04:26:52.128862,14,DEVICE385,1,Chattogram,0,1025,26,14,22142.55,1,1,2,1
TXN104045,USER057,USER449,951.31,2026-09-21T19:17:41.128862,5,DEVICE085,0,Sylhet,0,910,74,1,-310.76,0,0,0,0
TXN103356,USER018,USER378,2390.05,2026-09-28T01:20:25.128862,11,DEVICE171,0,Chattogram,0,1049,438,1,-0.97,0,0,0,0
TXN102744,USER168,USER590,2102.88,2026-09-24T02:54:24.128862,13,DEVICE038,0,Dhaka,0,570,596,1,-503.36,0,0,0,0
TXN200292,USER198,USER421,16015.1,2026-09-23T23:00:48.128862,9,DEVICE123,1,Dhaka,0,565,159,20,15078.51,1,1,2,1
TXN103506,USER081,USER335,2531.15,2026-09-05T03:29:31.128862,13,DEVICE081,0,Chattogram,0,987,832,1,215.46,1,0,0,0
TXN101679,USER115,USER067,4666.87,2026-09-21T23:13:56.128862,9,DEVICE171,0,Chattogram,0,637,677,1,1402.77,0,0,0,0
TXN104249,USER147,USER477,1648.23,2026-09-28T06:10:50.128862,16,DEVICE173,0,Sylhet,0,294,941,1,-607.87,0,0,0,0
TXN103147,USER018,USER016,2515.64,2026-09-09T07:36:44.128862,17,DEVICE171,0,Chattogram,0,1049,736,1,124.62,0,0,0,0
TXN102294,USER165,USER087,1868.54,2026-09-12T01:29:34.128862,11,DEVICE080,0,Dhaka,0,1198,996,1,-1252.48,0,0,0,0
TXN100580,USER205,USER365,1723.51,2026-09-23T03:10:44.128862,13,DEVICE117,0,Sylhet,0,679,525,2,-387.72,1,0,0,0
TXN101470,USER180,USER031,2907.7,2026-09-16T01:36:01.128862,11,DEVICE050,0,Chattogram,0,754,854,1,846.73,0,0,0,0
TXN104799,USER232,USER214,1351.01,2026-09-15T22:49:30.128862,9,DEVICE134,0,Chattogram,0,811,347,1,49.28,1,0,0,0
TXN104070,USER103,USER105,3088.57,2026-09-29T06:28:09.128862,16,DEVICE111,0,Chattogram,0,589,167,1,447.95,0,0,0,0
TXN200508,USER254,USER312,38193.09,2026-09-22T17:15:22.128862,3,DEVICE_ROGUE_957,1,Coxs Bazar,1,1117,1,12,36155.72,1,1,2,1
TXN103343,USER146,USER121,1200.42,2026-09-19T21:13:22.128862,7,DEVICE114,0,Dhaka,0,991,891,1,-171.44,0,0,0,0
TXN200192,USER022,USER279,42803.56,2026-09-07T14:53:16.128862,1,DEVICE_ROGUE_963,1,Chattogram,1,1114,9,7,40118.58,1,1,4,1
TXN104583,USER041,USER538,3492.91,2026-09-05T23:06:23.128862,9,DEVICE180,0,Dhaka,0,659,120,1,790.57,0,0,0,0
TXN103672,USER004,USER087,1193.19,2026-09-09T03:13:23.128862,13,DEVICE095,0,Chattogram,0,495,513,1,-209.48,0,0,0,0
TXN100559,USER126,USER030,1183.35,2026-09-11T21:16:17.128862,7,DEVICE098,0,Chattogram,0,862,552,1,-491.87,0,0,0,0
TXN200437,USER149,USER201,42484.88,2026-09-28T15:03:40.128862,1,DEVICE_ROGUE_928,1,Unknown,1,1025,9,5,41141.77,1,1,3,1
TXN200415,USER183,USER477,36279.53,2026-10-02T17:24:06.128862,3,DEVICE099,0,Chattogram,0,824,336,2,32822.28,1,0,1,1
TXN102849,USER239,USER343,1662.17,2026-09-18T09:04:57.128862,19,DEVICE183,0,Dhaka,0,722,377,2,-743.03,0,0,0,0
TXN100512,USER120,USER074,1101.91,2026-09-07T19:16:54.128862,5,DEVICE317,1,Sylhet,1,394,74,1,-110.76,1,0,0,0
TXN104729,USER107,USER490,992.22,2026-09-07T20:42:06.128862,6,DEVICE160,0,Dhaka,0,480,182,1,-108.97,1,0,0,0
TXN101081,USER269,USER499,2175.37,2026-09-30T22:20:39.128862,8,DEVICE006,0,Sylhet,0,898,505,1,-390.37,0,0,0,0
TXN101664,USER232,USER378,929.58,2026-09-29T02:04:52.128862,12,DEVICE134,0,Chattogram,0,811,753,1,-372.15,0,0,0,0
TXN101012,USER061,USER377,3249.37,2026-09-14T01:13:11.128862,11,DEVICE072,0,Dhaka,0,734,662,4,-222.34,1,1,0,0
TXN101931,USER133,USER527,2635.51,2026-09-24T18:20:34.128862,4,DEVICE104,0,Chattogram,0,931,169,1,-535.12,0,0,0,0
TXN101150,USER124,USER182,1837.11,2026-09-20T12:26:20.128862,22,DEVICE108,0,Chattogram,0,796,953,2,-394.84,0,0,0,0
TXN102838,USER043,USER501,1780.36,2026-09-15T01:02:17.128862,11,DEVICE098,0,Sylhet,0,982,694,1,365.03,1,0,0,0
TXN100116,USER165,USER243,4139.62,2026-09-08T00:27:46.128862,10,DEVICE080,0,Dhaka,0,1198,122,1,1018.6,0,0,0,0
TXN100740,USER017,USER143,1137.5,2026-09-13T22:21:53.128862,8,DEVICE064,0,Chattogram,0,344,647,1,-257.69,0,0,0,0
TXN200961,USER118,USER522,29759.35,2026-09-26T16:59:19.128862,3,DEVICE_ROGUE_934,1,Sylhet,1,701,2,8,27234.19,1,1,3,1
TXN200377,USER203,USER531,17611.35,2026-09-29T22:21:28.128862,8,DEVICE150,1,Sylhet,0,109,30,14,14519.87,1,1,2,1
TXN103675,USER021,USER373,3599.53,2026-09-12T17:47:38.128862,4,DEVICE200,0,Mymensingh,1,647,713,2,623.82,0,0,0,0
TXN100830,USER190,USER256,2353.28,2026-09-17T07:30:42.128862,17,DEVICE002,0,Dhaka,0,458,877,1,342.02,0,0,0,0
TXN100119,USER030,USER576,2351.0,2026-09-17T02:20:46.128862,12,DEVICE106,0,Sylhet,0,602,268,1,-79.06,0,0,0,0
TXN104752,USER202,USER448,3112.73,2026-09-21T09:50:09.128862,20,DEVICE143,0,Sylhet,0,612,844,1,-188.46,1,0,0,0
TXN200928,USER141,USER133,40697.3,2026-09-28T22:29:47.128862,8,DEVICE035,1,Chattogram,0,10,13,11,38614.04,1,1,0,1
TXN200881,USER085,USER568,31407.79,2026-09-24T16:00:29.128862,2,DEVICE_ROGUE_997,1,Chattogram,1,580,3,9,29529.41,1,1,3,1
TXN201128,USER293,USER577,19154.31,2026-09-07T09:25:36.128862,19,DEVICE278,1,Chattogram,0,27,28,12,16634.1,1,1,0,1
TXN100635,USER159,USER135,2029.14,2026-09-07T01:38:36.128862,11,DEVICE159,0,Sylhet,0,254,966,1,607.83,0,0,0,0
TXN104465,USER238,USER412,1575.72,2026-09-26T05:30:08.128862,15,DEVICE020,0,Chattogram,0,170,185,2,110.94,0,0,0,0
TXN104364,USER113,USER013,2288.04,2026-09-28T00:42:08.128862,10,DEVICE130,0,Sylhet,0,786,60,2,136.46,0,0,0,0
TXN104142,USER148,USER107,2224.81,2026-09-07T22:37:59.128862,8,DEVICE055,0,Dhaka,0,1167,234,3,-546.0,0,0,0,0
TXN100991,USER289,USER399,1263.71,2026-09-12T14:47:54.128862,1,DEVICE112,0,Chattogram,0,328,515,1,-679.94,1,0,0,0
TXN100876,USER155,USER294,1185.09,2026-09-07T01:03:11.128862,11,DEVICE073,0,Dhaka,0,1051,331,1,58.38,0,0,0,0
TXN200069,USER212,USER578,16776.5,2026-09-06T11:55:58.128862,22,DEVICE327,1,Dhaka,0,602,25,8,13859.51,1,1,1,1
TXN200515,USER153,USER079,22978.54,2026-09-03T21:31:52.128862,7,DEVICE097,1,Chattogram,0,406,131,14,20995.67,1,1,2,1
TXN200422,USER106,USER535,43141.19,2026-09-16T17:16:37.128862,3,DEVICE085,0,Chattogram,0,875,65,3,40610.59,1,0,1,1
TXN100004,USER284,USER213,1337.5,2026-09-30T05:40:27.128862,15,DEVICE155,0,Sylhet,0,543,982,1,-175.26,0,0,0,0
TXN103051,USER003,USER543,1392.73,2026-09-19T00:34:18.128862,10,DEVICE010,0,Dhaka,0,631,673,2,-149.85,0,0,0,0
TXN103124,USER294,USER389,1765.34,2026-09-10T08:48:40.128862,19,DEVICE172,0,Dhaka,0,1098,73,2,258.06,0,0,0,0
TXN102660,USER287,USER536,3193.62,2026-09-15T08:23:30.128862,18,DEVICE057,0,Dhaka,0,708,923,1,109.14,0,0,1,0
TXN102491,USER012,USER452,3129.77,2026-09-10T05:01:56.128862,15,DEVICE094,0,Dhaka,0,212,134,1,965.31,1,0,0,0
TXN200373,USER110,USER435,11384.82,2026-09-03T20:26:51.128862,6,DEVICE064,1,Sylhet,0,232,120,9,8009.52,1,1,1,1
TXN103854,USER034,USER175,3592.07,2026-09-29T05:40:48.128862,15,DEVICE086,0,Dhaka,0,132,836,1,164.66,0,0,0,0
TXN200133,USER150,USER143,19314.44,2026-09-12T10:49:48.128862,21,DEVICE122,0,Dhaka,0,16,12,14,17672.81,1,1,0,1
TXN104777,USER205,USER077,2281.31,2026-09-24T01:54:21.128862,12,DEVICE117,0,Sylhet,0,679,766,1,170.08,0,0,0,0
TXN101715,USER286,USER446,4953.5,2026-09-17T01:48:33.128862,12,DEVICE125,0,Dhaka,0,1040,74,1,1709.09,0,0,0,0
TXN101148,USER200,USER566,2872.5,2026-09-10T04:40:11.128862,14,DEVICE119,0,Chattogram,0,610,955,1,-184.77,0,0,0,0
TXN103261,USER280,USER508,2486.43,2026-09-26T00:30:05.128862,10,DEVICE138,0,Dhaka,0,568,741,2,53.39,1,0,0,0
TXN100574,USER264,USER234,1301.64,2026-09-28T02:05:20.128862,12,DEVICE108,0,Chattogram,0,378,567,2,75.72,0,0,0,0
TXN103769,USER001,USER306,2427.66,2026-09-30T10:30:15.128862,20,DEVICE039,0,Sylhet,0,235,540,1,-98.79,0,0,0,0
TXN103736,USER213,USER498,2402.16,2026-09-27T07:44:39.128862,17,DEVICE194,0,Chattogram,0,1025,534,1,373.64,0,0,0,0
TXN104146,USER108,USER458,1339.72,2026-09-06T20:24:27.128862,6,DEVICE081,0,Sylhet,0,1130,616,1,-634.15,0,0,0,0
TXN100853,USER186,USER542,2003.03,2026-09-11T05:26:30.128862,15,DEVICE063,0,Chattogram,0,388,968,2,286.91,1,0,0,0
TXN101982,USER088,USER355,2910.58,2026-09-30T22:05:19.128862,8,DEVICE049,0,Sylhet,0,118,395,1,734.86,0,0,0,0
TXN102774,USER271,USER321,3169.42,2026-09-07T00:11:10.128862,10,DEVICE148,0,Dhaka,0,631,877,1,163.24,0,0,0,0
TXN200129,USER087,USER244,47262.82,2026-09-28T17:10:13.128862,3,DEVICE148,0,Chattogram,0,726,233,4,43769.47,1,0,1,1
TXN200411,USER007,USER224,8597.95,2026-09-19T13:32:56.128862,23,DEVICE126,1,Sylhet,0,550,95,19,5389.07,1,1,1,1
TXN101166,USER126,USER234,1032.34,2026-09-18T06:56:15.128862,17,DEVICE098,0,Chattogram,0,862,344,1,-642.88,1,0,0,0
TXN100971,USER279,USER461,1747.7,2026-10-02T12:18:24.128862,22,DEVICE108,0,Sylhet,0,311,969,1,212.36,0,0,0,0
TXN102701,USER159,USER509,1261.25,2026-09-07T02:58:18.128862,13,DEVICE159,0,Sylhet,0,254,138,1,-160.06,0,0,0,0
TXN104495,USER154,USER524,1773.0,2026-10-01T02:28:18.128862,12,DEVICE022,0,Sylhet,0,243,748,1,-424.45,0,0,0,0
TXN103847,USER152,USER429,2077.95,2026-09-24T04:51:41.128862,15,DEVICE044,0,Chattogram,0,929,264,3,-476.72,0,0,0,0
TXN102368,USER065,USER549,3413.63,2026-09-25T02:25:28.128862,12,DEVICE103,0,Sylhet,0,917,89,1,337.93,0,0,0,0
TXN104115,USER041,USER433,4630.21,2026-09-12T10:10:16.128862,20,DEVICE180,0,Dhaka,0,659,671,1,1927.87,0,0,0,0
TXN104780,USER163,USER393,1976.02,2026-09-29T04:11:10.128862,14,DEVICE061,0,Dhaka,0,738,649,2,557.88,0,0,0,0
TXN104131,USER284,USER153,1588.39,2026-10-02T07:55:26.128862,18,DEVICE155,0,Sylhet,0,543,397,1,75.63,0,0,0,0
TXN102950,USER204,USER295,1911.34,2026-09-15T20:49:53.128862,7,DEVICE032,0,Sylhet,0,1042,288,1,662.3,0,0,0,0
TXN100524,USER215,USER204,2500.65,2026-10-02T08:05:27.128862,18,DEVICE157,0,Sylhet,0,497,160,1,-884.11,0,0,0,0
TXN102455,USER279,USER440,1031.69,2026-09-05T16:31:16.128862,2,DEVICE108,0,Sylhet,0,311,306,2,-503.65,0,0,0,0
TXN200216,USER250,USER135,26369.76,2026-09-13T16:08:09.128862,2,DEVICE_ROGUE_996,1,Unknown,1,360,3,10,24759.77,1,1,3,1
TXN101841,USER147,USER054,1488.99,2026-09-12T13:26:47.128862,23,DEVICE173,0,Sylhet,0,294,978,1,-767.11,1,0,0,0
TXN100537,USER071,USER343,1078.42,2026-09-06T23:26:43.128862,9,DEVICE067,0,Chattogram,0,474,952,2,-291.23,0,0,0,0
TXN102806,USER293,USER339,2492.48,2026-09-24T01:22:58.128862,11,DEVICE087,0,Chattogram,0,713,285,1,-27.73,0,0,0,0
TXN200796,USER290,USER126,39144.6,2026-09-09T03:31:01.128862,13,DEVICE192,1,Sylhet,0,12,16,12,37597.56,1,1,0,1
TXN104341,USER186,USER284,1781.45,2026-10-01T00:29:04.128862,10,DEVICE063,0,Chattogram,0,388,579,3,65.33,0,0,0,0
TXN103175,USER077,USER063,4206.32,2026-09-08T22:10:52.128862,8,DEVICE153,0,Sylhet,0,506,281,1,937.04,1,0,0,0
TXN100784,USER096,USER206,1253.73,2026-09-08T20:37:01.128862,6,DEVICE176,0,Dhaka,0,1110,952,1,-576.64,0,0,0,0
TXN104057,USER002,USER498,796.59,2026-09-24T23:52:32.128862,10,DEVICE140,0,Sylhet,0,568,974,2,-70.94,0,0,0,0
TXN101409,USER241,USER025,1772.05,2026-09-22T07:00:54.128862,17,DEVICE061,0,Chattogram,0,158,879,1,-159.86,1,0,0,0
TXN102537,USER174,USER287,3371.75,2026-09-07T23:17:09.128862,9,DEVICE197,0,Sylhet,0,295,267,1,453.28,0,0,0,0
TXN100154,USER054,USER303,3429.08,2026-09-06T01:53:06.128862,12,DEVICE169,0,Chattogram,0,933,379,1,100.11,0,0,0,0
TXN103009,USER171,USER045,3559.23,2026-09-11T06:51:01.128862,17,DEVICE063,0,Sylhet,0,275,901,2,233.34,0,0,0,0
TXN101686,USER058,USER086,1954.0,2026-09-04T12:32:06.128862,22,DEVICE072,0,Sylhet,0,165,356,1,-814.64,0,0,0,0
TXN102901,USER015,USER031,2402.2,2026-09-13T04:59:33.128862,15,DEVICE054,0,Dhaka,0,681,291,1,-152.49,0,0,0,0
TXN201138,USER283,USER330,48099.96,2026-09-10T18:23:22.128862,4,DEVICE_ROGUE_990,1,Coxs Bazar,1,761,10,6,45587.52,1,1,2,1
TXN104721,USER156,USER516,1611.61,2026-09-16T09:28:42.128862,19,DEVICE132,0,Sylhet,0,632,831,1,204.93,0,0,0,0
TXN103863,USER262,USER508,2053.54,2026-09-14T06:22:14.128862,16,DEVICE016,0,Chattogram,0,1049,188,1,-1120.49,0,0,0,0
TXN102733,USER285,USER262,1558.25,2026-09-28T09:18:38.128862,19,DEVICE057,0,Dhaka,0,219,848,1,-560.79,0,0,0,0
TXN101895,USER115,USER581,4127.47,2026-09-03T19:55:10.128862,6,DEVICE171,0,Chattogram,0,637,199,1,863.37,0,0,0,0
TXN200642,USER299,USER558,15316.84,2026-09-14T22:20:32.128862,8,DEVICE025,1,Sylhet,0,12,20,12,14313.68,1,1,0,1
TXN100569,USER017,USER526,1083.9,2026-09-19T04:53:11.128862,15,DEVICE064,0,Dhaka,1,344,832,1,-311.29,1,0,0,0
TXN101816,USER034,USER432,4742.24,2026-09-15T12:21:51.128862,22,DEVICE086,0,Dhaka,0,132,749,1,1314.83,1,0,0,0
TXN102065,USER007,USER071,3239.13,2026-09-14T01:33:28.128862,11,DEVICE038,0,Sylhet,0,550,517,3,30.25,0,0,0,0
TXN100127,USER280,USER501,2557.02,2026-10-01T22:19:54.128862,8,DEVICE138,0,Dhaka,0,568,919,1,123.98,0,0,0,0
TXN103394,USER056,USER541,1898.32,2026-09-07T23:02:24.128862,9,DEVICE103,0,Dhaka,0,680,827,1,-546.33,0,0,0,0
TXN103327,USER028,USER128,878.02,2026-09-09T06:59:06.128862,17,DEVICE042,0,Sylhet,1,974,681,1,-183.11,0,0,0,0
TXN201177,USER290,USER441,20778.36,2026-09-29T03:15:08.128862,13,DEVICE334,1,Sylhet,0,29,12,15,19231.32,1,1,0,1
TXN102975,USER234,USER339,2724.08,2026-09-22T07:52:40.128862,18,DEVICE161,0,Chattogram,0,479,633,1,101.01,1,0,0,0
TXN100980,USER224,USER099,3638.18,2026-09-17T22:29:33.128862,8,DEVICE116,0,Dhaka,0,134,426,3,818.65,0,0,0,0
TXN102300,USER188,USER519,1303.45,2026-09-17T22:11:21.128862,8,DEVICE168,0,Dhaka,0,1177,922,2,-167.92,0,0,0,0
TXN100190,USER105,USER160,2422.93,2026-09-16T04:22:53.128862,14,DEVICE171,0,Dhaka,0,386,718,2,902.5,1,0,0,0
TXN101139,USER256,USER216,4933.58,2026-09-09T04:28:37.128862,14,DEVICE107,0,Gazipur,1,426,140,1,1444.12,0,0,0,0
TXN200288,USER185,USER181,36016.33,2026-09-10T12:50:18.128862,23,DEVICE_ROGUE_974,1,Chattogram,1,972,6,7,34129.25,1,1,4,1
TXN100699,USER184,USER397,835.25,2026-09-27T22:36:57.128862,8,DEVICE127,0,Chattogram,0,857,439,1,-230.48,0,0,0,0
TXN200929,USER079,USER269,46242.97,2026-09-21T17:56:42.128862,4,DEVICE089,0,Dhaka,0,358,42,5,44727.79,1,0,0,1
TXN100606,USER075,USER372,3332.49,2026-09-15T03:37:32.128862,13,DEVICE311,1,Dhaka,1,995,767,2,762.81,0,0,0,0
TXN104276,USER100,USER087,1514.0,2026-10-02T06:32:33.128862,16,DEVICE172,0,Chattogram,0,940,871,1,-1610.11,0,0,0,0
TXN100301,USER100,USER302,4122.2,2026-09-25T02:49:24.128862,13,DEVICE172,0,Chattogram,0,940,182,1,998.09,0,0,0,0
TXN103420,USER075,USER037,2081.57,2026-09-23T08:57:16.128862,19,DEVICE010,0,Sylhet,0,995,496,2,-488.11,0,0,0,0
TXN200975,USER049,USER438,20862.87,2026-09-28T02:16:43.128862,12,DEVICE082,1,Dhaka,0,772,167,10,18346.52,1,1,1,1
TXN101060,USER201,USER366,2959.07,2026-09-13T03:51:27.128862,14,DEVICE013,0,Chattogram,0,1031,833,1,-457.22,0,0,0,0
TXN102565,USER189,USER418,1413.26,2026-10-03T07:16:29.128862,17,DEVICE195,1,Sylhet,0,933,564,1,99.7,0,0,0,0
TXN201188,USER055,USER008,35038.38,2026-09-14T23:21:42.128862,9,DEVICE154,1,Chattogram,0,5,20,11,32488.68,1,1,0,1
TXN101069,USER249,USER044,3292.03,2026-09-12T21:46:27.128862,8,DEVICE060,0,Dhaka,0,501,94,1,678.47,0,0,0,0
TXN102524,USER244,USER111,3317.66,2026-09-26T01:24:40.128862,11,DEVICE082,0,Sylhet,0,274,848,1,-6.05,0,0,0,0
TXN102205,USER275,USER241,861.37,2026-09-06T12:29:02.128862,22,DEVICE091,0,Dhaka,0,844,763,2,-301.22,0,0,0,0
TXN101243,USER011,USER495,1237.28,2026-09-17T09:20:48.128862,19,DEVICE079,0,Chattogram,0,236,250,1,-153.04,0,0,0,0
TXN100016,USER286,USER027,2425.94,2026-09-25T05:38:57.128862,15,DEVICE125,0,Dhaka,0,1040,779,1,-818.47,0,0,0,0
TXN103120,USER128,USER279,4949.37,2026-09-12T11:22:36.128862,21,DEVICE192,0,Sylhet,0,749,138,1,1640.8,0,0,0,0
TXN201179,USER025,USER034,25321.95,2026-09-06T01:19:27.128862,11,DEVICE192,0,Chattogram,0,27,15,14,21937.47,1,1,0,1
TXN104642,USER287,USER597,3189.93,2026-09-24T08:37:47.128862,18,DEVICE057,0,Dhaka,0,708,690,1,105.45,0,0,0,0
TXN104754,USER198,USER467,745.68,2026-09-06T02:45:44.128862,13,DEVICE354,1,Dhaka,0,565,317,1,-190.91,0,0,0,0
TXN100815,USER011,USER404,1181.63,2026-09-21T05:36:04.128862,15,DEVICE079,0,Gazipur,1,236,611,1,-208.69,0,0,0,0
TXN103067,USER033,USER596,1579.88,2026-09-15T23:42:28.128862,9,DEVICE189,0,Sylhet,1,558,920,2,-667.94,0,0,0,0
TXN201193,USER074,USER497,32689.33,2026-09-12T16:13:05.128862,2,DEVICE_ROGUE_944,1,Coxs Bazar,1,1110,5,7,31039.7,1,1,4,1
TXN200800,USER067,USER500,30298.34,2026-09-07T18:30:23.128862,4,DEVICE_ROGUE_982,1,Coxs Bazar,1,92,11,12,28879.91,1,1,2,1
TXN100959,USER140,USER379,1563.99,2026-09-23T21:09:59.128862,7,DEVICE149,0,Chattogram,0,1104,253,1,417.33,0,0,0,0
TXN200093,USER031,USER202,36761.49,2026-09-08T18:10:32.128862,4,DEVICE007,0,Sylhet,0,142,218,5,33782.24,1,0,0,1
TXN100225,USER290,USER107,1375.07,2026-09-08T11:07:00.128862,21,DEVICE125,0,Sylhet,0,376,387,1,-171.97,1,0,0,0
TXN103354,USER234,USER598,2442.41,2026-09-15T23:20:37.128862,9,DEVICE161,0,Chattogram,0,479,690,1,-180.66,0,0,0,0
TXN102485,USER181,USER168,2935.31,2026-09-16T07:03:24.128862,17,DEVICE184,0,Chattogram,0,204,957,2,166.81,0,0,0,0
TXN100562,USER040,USER527,2968.0,2026-09-23T22:57:01.128862,9,DEVICE041,0,Dhaka,0,995,616,1,609.15,0,0,0,0
TXN103436,USER108,USER542,2432.26,2026-09-20T00:41:53.128862,10,DEVICE081,0,Sylhet,0,1130,793,2,458.39,0,0,0,0
TXN101693,USER058,USER364,2878.07,2026-09-19T02:42:48.128862,12,DEVICE072,0,Sylhet,0,165,350,2,109.43,0,0,0,0
TXN101045,USER245,USER138,1478.28,2026-09-27T07:34:50.128862,17,DEVICE139,0,Sylhet,0,694,145,1,126.78,1,0,1,0
TXN103446,USER221,USER328,3165.04,2026-09-18T04:26:52.128862,14,DEVICE041,0,Sylhet,0,825,544,1,-250.48,0,0,0,0
TXN104565,USER108,USER111,1950.02,2026-10-03T05:44:16.128862,15,DEVICE081,0,Sylhet,0,1130,308,1,-23.85,1,0,0,0
TXN100954,USER111,USER480,3874.56,2026-09-10T09:16:19.128862,19,DEVICE185,0,Chattogram,0,655,839,1,709.76,0,0,0,0
TXN201176,USER039,USER432,27499.91,2026-09-28T15:00:32.128862,1,DEVICE_ROGUE_971,1,Sylhet,1,1152,13,6,24373.3,1,1,3,1
TXN102735,USER270,USER169,469.04,2026-10-02T06:46:01.128862,17,DEVICE196,0,Sylhet,0,118,217,2,-352.08,0,0,0,0
TXN201084,USER107,USER284,11398.32,2026-09-09T13:06:41.128862,23,DEVICE251,1,Dhaka,0,480,36,8,10297.13,1,1,2,1
TXN104735,USER261,USER494,1962.87,2026-09-22T00:26:14.128862,10,DEVICE132,1,Sylhet,0,325,906,1,-1215.46,1,0,0,0
TXN200978,USER129,USER073,45182.95,2026-09-13T15:48:59.128862,2,DEVICE045,0,Sylhet,0,476,136,3,42010.4,1,0,0,1
TXN101218,USER272,USER171,2400.77,2026-09-07T01:28:23.128862,11,DEVICE098,0,Sylhet,0,1188,291,1,792.45,0,0,0,0
TXN200454,USER223,USER190,47456.53,2026-09-30T18:11:41.128862,4,DEVICE_ROGUE_951,1,Unknown,1,694,8,12,45192.6,1,1,4,1
TXN200711,USER057,USER007,22765.94,2026-09-04T10:16:28.128862,20,DEVICE085,0,Sylhet,0,10,21,14,21503.87,1,1,0,1
TXN101527,USER212,USER153,3149.47,2026-09-20T07:59:33.128862,18,DEVICE082,0,Khulna,1,602,901,2,232.48,1,0,0,0
TXN103987,USER280,USER549,2420.36,2026-09-15T00:16:43.128862,10,DEVICE138,0,Dhaka,0,568,682,3,-12.68,0,0,0,0
TXN201119,USER199,USER278,39605.01,2026-09-29T06:19:45.128862,16,DEVICE185,1,Sylhet,0,23,21,10,36106.95,1,1,0,1
TXN101300,USER044,USER379,2057.6,2026-09-07T20:24:32.128862,6,DEVICE010,0,Dhaka,0,1097,173,1,476.25,0,0,0,0
TXN201069,USER134,USER191,34758.68,2026-09-22T17:34:43.128862,3,DEVICE_ROGUE_981,1,Chattogram,1,179,13,6,31401.92,1,1,3,1
TXN100160,USER199,USER402,4062.45,2026-09-15T05:08:07.128862,15,DEVICE133,0,Sylhet,0,1034,749,1,564.39,0,0,0,0
TXN104067,USER207,USER419,2131.86,2026-09-26T04:37:51.128862,14,DEVICE119,0,Barishal,1,241,295,1,249.05,0,0,0,0
TXN100956,USER263,USER208,1703.81,2026-09-10T07:49:30.128862,18,DEVICE053,0,Chattogram,0,244,950,1,-93.91,0,0,0,0
TXN103791,USER225,USER140,969.04,2026-09-07T13:47:10.128862,0,DEVICE067,0,Sylhet,0,900,709,1,14.69,0,0,0,0
TXN103234,USER208,USER281,1259.27,2026-09-26T08:41:48.128862,18,DEVICE171,0,Dhaka,0,994,825,1,300.95,0,0,0,0
TXN102869,USER178,USER179,1818.39,2026-09-21T04:29:27.128862,14,DEVICE162,0,Sylhet,0,149,907,3,-145.45,0,0,0,0
TXN103777,USER143,USER032,1231.03,2026-09-19T09:08:26.128862,19,DEVICE083,0,Sylhet,0,1118,742,1,-284.62,0,0,0,0
TXN104433,USER039,USER347,3081.38,2026-09-10T21:27:21.128862,7,DEVICE203,1,Dhaka,0,1152,116,1,-45.23,0,0,0,0
TXN200173,USER101,USER067,41121.56,2026-09-11T18:16:29.128862,4,DEVICE_ROGUE_970,1,Unknown,1,1078,6,11,40290.56,1,1,4,1
TXN102961,USER075,USER195,3177.37,2026-09-12T23:49:47.128862,10,DEVICE010,0,Sylhet,0,995,387,1,607.69,0,0,0,0
TXN102200,USER288,USER433,1229.11,2026-09-28T07:49:47.128862,18,DEVICE070,0,Chattogram,0,926,513,1,179.9,1,0,0,0
TXN100098,USER069,USER517,1553.7,2026-09-10T03:36:20.128862,13,DEVICE008,0,Sylhet,0,936,723,1,-98.02,0,0,0,0
TXN201034,USER111,USER369,23665.07,2026-09-06T10:27:51.128862,20,DEVICE342,1,Chattogram,0,655,14,9,20500.27,1,1,1,1
TXN102557,USER203,USER360,2814.8,2026-09-21T08:19:41.128862,18,DEVICE064,0,Sylhet,0,109,375,1,-276.68,0,0,1,0
TXN103183,USER006,USER274,3217.23,2026-09-10T23:42:01.128862,9,DEVICE142,0,Sylhet,0,325,701,2,590.14,0,0,0,0
TXN100253,USER192,USER575,1252.26,2026-09-23T06:03:32.128862,16,DEVICE198,0,Dhaka,0,448,404,1,-299.81,0,0,0,0
TXN103923,USER007,USER338,3285.38,2026-10-03T09:17:15.128862,19,DEVICE038,0,Sylhet,0,550,257,1,76.5,0,0,0,0
TXN104199,USER147,USER202,1331.05,2026-09-05T06:48:43.128862,17,DEVICE173,0,Sylhet,0,294,165,2,-925.05,0,0,0,0
TXN101445,USER099,USER175,3371.08,2026-09-30T10:16:19.128862,20,DEVICE189,0,Dhaka,0,649,916,1,-50.83,0,0,0,0
TXN200739,USER001,USER445,32516.93,2026-09-16T13:41:06.128862,23,DEVICE_ROGUE_955,1,Unknown,1,235,1,10,29990.48,1,1,3,1
TXN101648,USER179,USER025,1363.22,2026-09-09T21:15:30.128862,7,DEVICE148,0,Sylhet,0,184,257,1,-580.44,1,0,0,0
TXN104682,USER065,USER527,3359.83,2026-09-10T08:53:44.128862,19,DEVICE103,0,Sylhet,0,917,162,1,284.13,0,0,0,0
TXN104723,USER070,USER143,1909.51,2026-10-01T03:44:55.128862,13,DEVICE089,1,Chattogram,0,201,193,2,386.61,0,0,0,0
TXN103991,USER115,USER242,2669.39,2026-09-08T01:20:07.128862,11,DEVICE171,0,Chattogram,0,637,166,2,-594.71,0,0,0,0
TXN101696,USER280,USER255,1987.02,2026-10-03T07:24:40.128862,17,DEVICE232,1,Dhaka,0,568,215,1,-446.02,1,0,1,0
TXN103191,USER109,USER083,2462.76,2026-09-04T07:00:23.128862,17,DEVICE170,0,Sylhet,0,369,835,1,437.71,0,0,0,0
TXN104499,USER110,USER460,5403.17,2026-09-21T04:12:57.128862,14,DEVICE032,0,Sylhet,0,232,882,1,2027.87,0,0,0,0
TXN101154,USER226,USER439,1760.05,2026-09-07T07:55:07.128862,18,DEVICE193,0,Chattogram,0,652,831,1,-617.23,0,0,0,0
TXN102255,USER277,USER025,1193.94,2026-09-22T07:09:38.128862,17,DEVICE193,0,Dhaka,0,870,816,1,104.94,0,0,0,0
TXN101682,USER059,USER457,1310.15,2026-09-06T08:31:05.128862,18,DEVICE018,0,Sylhet,0,1021,501,3,68.96,0,0,0,0
TXN103170,USER223,USER594,2572.99,2026-09-04T23:17:04.128862,9,DEVICE122,0,Sylhet,0,694,95,1,309.06,0,0,0,0
TXN102056,USER252,USER152,2988.81,2026-09-15T09:42:34.128862,19,DEVICE107,1,Dhaka,0,839,62,1,158.78,1,0,1,0
TXN104090,USER028,USER193,1235.04,2026-09-28T20:54:19.128862,7,DEVICE042,0,Chattogram,0,974,292,1,173.91,0,0,0,0
TXN201053,USER247,USER414,19338.15,2026-09-08T01:55:35.128862,12,DEVICE192,1,Dhaka,0,940,93,16,17893.7,1,1,2,1
TXN103108,USER046,USER565,1112.22,2026-09-15T10:31:06.128862,20,DEVICE057,0,Dhaka,0,1052,645,1,-316.32,0,0,0,0
TXN104548,USER162,USER137,1305.71,2026-09-04T08:03:10.128862,18,DEVICE193,0,Dhaka,0,868,712,3,-1198.27,0,0,0,0
TXN103723,USER039,USER175,2113.55,2026-09-13T22:38:00.128862,8,DEVICE069,0,Dhaka,0,1152,528,1,-1013.06,0,0,0,0
TXN200623,USER011,USER281,13255.28,2026-09-08T08:35:33.128862,18,DEVICE238,1,Chattogram,0,236,146,18,11864.96,1,1,2,1
TXN102049,USER088,USER441,2226.27,2026-09-16T04:33:57.128862,14,DEVICE049,0,Sylhet,0,118,608,1,50.55,0,0,0,0
TXN200176,USER239,USER129,42151.5,2026-09-29T17:22:53.128862,3,DEVICE183,0,Dhaka,0,722,206,5,39746.3,1,0,1,1
TXN103643,USER156,USER423,1486.49,2026-09-30T10:30:51.128862,20,DEVICE132,0,Sylhet,0,632,116,1,79.81,0,0,0,0
TXN201114,USER112,USER472,38989.71,2026-09-11T15:00:11.128862,1,DEVICE_ROGUE_995,1,Sylhet,1,939,6,12,37478.56,1,1,4,1
TXN100623,USER298,USER184,863.2,2026-09-20T00:17:12.128862,10,DEVICE043,0,Chattogram,0,1190,151,3,37.09,0,0,0,0
TXN100262,USER030,USER005,2628.19,2026-09-10T03:34:02.128862,13,DEVICE106,0,Sylhet,0,602,561,3,198.13,0,0,0,0
TXN200930,USER265,USER372,39038.38,2026-09-13T16:02:24.128862,2,DEVICE100,0,Chattogram,0,552,239,4,35987.27,1,0,0,1
TXN103369,USER070,USER273,2119.71,2026-09-19T00:53:24.128862,11,DEVICE030,0,Chattogram,0,201,272,1,596.81,0,0,0,0
TXN104061,USER278,USER516,1701.66,2026-09-20T06:42:30.128862,16,DEVICE100,0,Chattogram,0,850,236,1,-592.04,0,0,0,0
TXN200734,USER278,USER090,31716.26,2026-09-21T09:04:24.128862,19,DEVICE100,0,Chattogram,0,26,14,7,29422.56,1,1,0,1
TXN101802,USER277,USER570,813.2,2026-09-20T10:01:28.128862,20,DEVICE060,1,Dhaka,0,870,462,1,-275.8,0,0,0,0
TXN104736,USER032,USER450,3078.37,2026-09-09T22:29:17.128862,8,DEVICE046,0,Dhaka,0,277,999,1,308.09,0,0,0,0
TXN201186,USER262,USER147,42747.48,2026-09-24T17:17:11.128862,3,DEVICE016,0,Chattogram,0,1049,179,3,39573.45,1,0,0,1
TXN102385,USER125,USER088,995.95,2026-09-21T23:50:33.128862,10,DEVICE171,0,Rajshahi,1,770,503,1,194.41,0,0,0,0
TXN101959,USER138,USER487,2722.78,2026-09-22T22:11:40.128862,8,DEVICE054,0,Chattogram,0,880,124,1,-130.85,0,0,0,0
TXN102976,USER213,USER406,1760.29,2026-09-16T23:39:10.128862,9,DEVICE194,0,Chattogram,0,1025,916,1,-268.23,0,0,0,0
TXN100488,USER297,USER174,1618.21,2026-09-25T05:04:04.128862,15,DEVICE186,0,Mymensingh,1,570,144,1,-336.54,1,0,0,0
TXN101843,USER116,USER107,4168.97,2026-09-25T11:42:14.128862,21,DEVICE331,1,Chattogram,0,95,184,1,1018.57,0,0,0,0
TXN101734,USER170,USER236,1193.81,2026-09-04T09:48:07.128862,20,DEVICE012,0,Sylhet,0,555,709,2,36.57,0,0,0,0
TXN102911,USER057,USER546,1117.81,2026-09-07T18:09:56.128862,4,DEVICE085,0,Sylhet,0,910,184,1,-144.26,0,0,0,0
TXN103219,USER247,USER198,1062.5,2026-09-04T07:52:09.128862,18,DEVICE036,0,Khulna,1,940,890,2,-381.95,0,0,0,0
TXN100146,USER070,USER308,1740.43,2026-09-25T23:57:43.128862,10,DEVICE030,0,Chattogram,0,201,386,1,217.53,0,0,0,0
TXN200830,USER167,USER595,9999.07,2026-09-16T20:04:48.128862,6,DEVICE120,1,Sylhet,0,230,110,18,8556.46,1,1,2,1
TXN101986,USER134,USER297,4273.25,2026-09-23T08:58:15.128862,19,DEVICE141,0,Chattogram,0,179,607,1,916.49,1,0,0,0
TXN101369,USER199,USER384,3140.7,2026-09-16T23:24:50.128862,9,DEVICE133,0,Sylhet,0,1034,667,3,-357.36,1,0,0,0
TXN102811,USER159,USER333,1099.46,2026-09-24T11:38:58.128862,21,DEVICE159,0,Sylhet,0,254,525,1,-321.85,0,0,0,0
TXN100659,USER260,USER511,2063.49,2026-09-07T06:54:54.128862,17,DEVICE120,0,Dhaka,0,783,185,3,-1256.31,0,0,0,0
TXN101794,USER090,USER559,1062.62,2026-09-28T01:33:28.128862,11,DEVICE012,0,Sylhet,0,280,408,1,135.41,1,0,0,0
TXN102511,USER297,USER534,2300.01,2026-09-09T22:55:39.128862,9,DEVICE186,0,Sylhet,0,570,796,1,345.26,0,0,1,0
TXN103397,USER115,USER427,1602.62,2026-09-10T22:45:33.128862,9,DEVICE171,0,Chattogram,0,637,776,1,-1661.48,0,0,0,0
TXN104282,USER079,USER399,1262.26,2026-09-08T19:14:33.128862,5,DEVICE089,0,Dhaka,0,358,488,1,-252.92,0,0,0,0
TXN101147,USER210,USER024,3843.57,2026-09-10T23:55:49.128862,10,DEVICE144,0,Dhaka,0,702,439,1,383.24,1,0,0,0
TXN103272,USER021,USER450,3521.83,2026-09-17T15:58:56.128862,2,DEVICE200,0,Chattogram,0,647,959,2,546.12,0,0,0,0
TXN100608,USER199,USER009,3735.03,2026-09-16T10:45:11.128862,20,DEVICE133,0,Sylhet,0,1034,902,2,236.97,0,0,0,0
TXN103582,USER262,USER265,2789.47,2026-09-15T10:11:42.128862,20,DEVICE016,0,Chattogram,0,1049,432,1,-384.56,0,0,0,0
TXN101930,USER210,USER177,2987.15,2026-09-27T09:03:55.128862,19,DEVICE144,0,Dhaka,0,702,501,1,-473.18,0,0,0,0
TXN100197,USER215,USER230,2681.62,2026-09-17T00:43:59.128862,10,DEVICE157,0,Sylhet,0,497,645,3,-703.14,0,0,0,0
TXN102931,USER266,USER311,2388.9,2026-09-27T06:11:57.128862,16,DEVICE198,0,Sylhet,0,903,225,1,-310.66,0,0,0,0
TXN102327,USER281,USER047,2272.29,2026-09-16T21:45:23.128862,8,DEVICE192,0,Dhaka,0,1055,210,2,-465.26,0,0,0,0
TXN104389,USER207,USER238,2609.62,2026-10-02T23:25:06.128862,9,DEVICE119,0,Dhaka,0,241,829,1,726.81,0,0,0,0
TXN100766,USER143,USER326,1531.16,2026-09-28T05:47:46.128862,16,DEVICE083,0,Sylhet,0,1118,892,1,15.51,0,0,1,0
TXN104496,USER082,USER237,1907.65,2026-09-30T13:29:37.128862,23,DEVICE112,0,Gazipur,1,1082,346,2,398.25,0,0,1,0
TXN104218,USER010,USER293,1167.8,2026-09-05T17:31:10.128862,3,DEVICE053,1,Sylhet,0,381,197,2,287.35,0,0,0,0
TXN103255,USER022,USER581,2331.3,2026-10-01T01:04:23.128862,11,DEVICE144,0,Chattogram,0,1114,534,2,-353.68,0,0,0,0
TXN100202,USER252,USER062,3013.79,2026-09-08T12:30:30.128862,22,DEVICE040,0,Dhaka,0,839,978,1,183.76,0,0,0,0
TXN103510,USER099,USER061,3703.06,2026-09-16T21:34:31.128862,7,DEVICE189,0,Dhaka,0,649,893,1,281.15,0,0,0,0
TXN200131,USER121,USER181,37218.5,2026-09-30T05:16:45.128862,15,DEVICE142,0,Dhaka,0,29,8,7,34359.72,1,1,0,1
TXN200735,USER116,USER165,46097.81,2026-09-18T17:41:04.128862,3,DEVICE105,0,Chattogram,0,95,262,2,42947.41,1,0,0,1
TXN101733,USER100,USER034,3586.89,2026-09-29T00:59:33.128862,11,DEVICE172,0,Chattogram,0,940,208,1,462.78,0,0,0,0
TXN102777,USER069,USER547,1257.54,2026-09-12T04:34:18.128862,14,DEVICE008,0,Sylhet,0,936,413,2,-394.18,0,0,0,0
TXN101707,USER283,USER149,2475.26,2026-09-05T21:13:30.128862,7,DEVICE140,0,Dhaka,0,761,167,2,-37.18,0,0,0,0
TXN200372,USER263,USER599,47824.72,2026-09-26T17:43:43.128862,3,DEVICE_ROGUE_935,1,Sylhet,1,244,6,11,46027.0,1,1,2,1
TXN200449,USER283,USER409,26401.43,2026-09-16T23:19:19.128862,9,DEVICE140,0,Dhaka,0,11,22,17,23888.99,1,1,0,1
TXN200957,USER058,USER045,41799.46,2026-09-28T17:30:44.128862,3,DEVICE072,0,Sylhet,0,165,182,4,39030.82,1,0,0,1
TXN103474,USER206,USER365,1380.4,2026-09-04T07:39:34.128862,17,DEVICE035,0,Chattogram,0,413,563,1,3.28,0,0,0,0
TXN100854,USER062,USER043,2489.9,2026-10-03T05:41:54.128862,15,DEVICE090,0,Dhaka,0,606,516,1,-38.1,0,0,0,0
TXN200885,USER135,USER182,40733.03,2026-09-25T17:48:43.128862,4,DEVICE_ROGUE_917,1,Chattogram,1,741,5,7,39701.77,1,1,3,1
TXN104737,USER146,USER583,1358.73,2026-09-04T05:30:39.128862,15,DEVICE114,0,Dhaka,0,991,147,3,-13.13,1,0,0,0
TXN104097,USER006,USER341,2288.9,2026-09-18T02:37:04.128862,12,DEVICE142,0,Sylhet,0,325,881,1,-338.19,0,0,0,0
TXN102160,USER068,USER158,741.01,2026-09-20T12:19:28.128862,22,DEVICE085,0,Sylhet,0,1036,877,1,-145.66,0,0,0,0
TXN100698,USER042,USER080,632.42,2026-10-02T04:39:05.128862,14,DEVICE028,0,Dhaka,0,461,421,2,-291.31,0,0,0,0
TXN201136,USER254,USER483,18149.97,2026-09-22T15:55:09.128862,2,DEVICE092,1,Dhaka,0,1117,163,10,16112.6,1,1,1,1
TXN102999,USER125,USER053,1168.76,2026-10-02T07:21:13.128862,17,DEVICE171,0,Dhaka,0,770,568,1,367.22,0,0,0,0
TXN103696,USER063,USER418,2185.57,2026-09-19T00:26:52.128862,10,DEVICE165,0,Chattogram,0,752,456,1,-118.19,0,0,0,0
TXN101636,USER211,USER176,1951.79,2026-09-27T11:13:04.128862,21,DEVICE153,0,Chattogram,0,958,137,1,435.74,0,0,0,0
TXN103457,USER161,USER253,1080.42,2026-09-28T11:41:29.128862,21,DEVICE024,0,Chattogram,0,1182,511,1,88.74,0,0,0,0
TXN103581,USER013,USER015,751.58,2026-09-30T02:52:26.128862,13,DEVICE011,0,Chattogram,0,429,772,2,-120.07,1,0,0,0
TXN101291,USER212,USER053,4083.17,2026-09-13T23:21:09.128862,9,DEVICE082,0,Dhaka,0,602,589,1,1166.18,0,0,0,0
TXN104659,USER214,USER256,794.49,2026-09-18T00:04:53.128862,10,DEVICE114,0,Dhaka,0,708,74,2,-1147.63,0,0,0,0
TXN200816,USER129,USER217,29229.93,2026-09-03T22:39:54.128862,8,DEVICE088,1,Sylhet,0,14,6,14,26057.38,1,1,0,1
TXN101853,USER178,USER360,2406.44,2026-09-20T07:34:38.128862,17,DEVICE162,0,Sylhet,0,149,675,1,442.6,0,0,0,0
TXN200432,USER201,USER176,36378.59,2026-09-13T17:44:57.128862,3,DEVICE013,0,Chattogram,0,1031,277,2,32962.3,1,0,1,1
TXN103763,USER102,USER088,2218.43,2026-10-03T04:59:16.128862,15,DEVICE094,0,Sylhet,0,1057,112,1,-527.52,0,0,0,0
TXN103304,USER269,USER408,2352.04,2026-09-11T00:26:52.128862,10,DEVICE006,0,Sylhet,0,898,302,3,-213.7,0,0,0,0
TXN201096,USER258,USER557,36631.79,2026-09-29T17:04:24.128862,3,DEVICE085,0,Sylhet,0,1076,234,3,35256.27,1,0,0,1
TXN200927,USER233,USER313,38873.09,2026-09-21T18:12:19.128862,4,DEVICE125,0,Chattogram,0,538,77,4,36466.5,1,0,1,1
TXN103743,USER245,USER448,1699.66,2026-10-02T22:45:10.128862,8,DEVICE139,0,Sylhet,0,694,635,2,348.16,0,0,0,0
TXN103445,USER101,USER446,907.71,2026-09-27T02:36:13.128862,12,DEVICE051,0,Chattogram,0,1078,671,1,76.71,0,0,0,0
TXN101998,USER293,USER357,2412.63,2026-09-08T08:19:00.128862,18,DEVICE087,0,Chattogram,0,713,243,2,-107.58,1,0,0,0
TXN100663,USER085,USER445,2299.53,2026-09-27T19:47:55.128862,6,DEVICE030,0,Sylhet,0,580,648,1,421.15,1,0,0,0
TXN104779,USER093,USER536,2222.25,2026-10-01T06:35:39.128862,16,DEVICE001,0,Sylhet,0,1035,205,2,-716.36,0,0,0,0
TXN200553,USER291,USER298,39093.09,2026-09-22T16:29:55.128862,2,DEVICE008,0,Sylhet,0,182,118,3,38283.52,1,0,0,1
TXN103748,USER299,USER283,792.22,2026-09-30T00:10:55.128862,10,DEVICE120,0,Sylhet,0,367,502,2,-210.94,0,0,0,0
TXN104413,USER091,USER324,1767.0,2026-09-25T06:22:37.128862,16,DEVICE182,0,Chattogram,0,550,279,1,670.95,0,0,0,0
TXN104744,USER256,USER192,4205.33,2026-09-15T10:58:20.128862,21,DEVICE107,0,Rajshahi,1,426,571,2,715.87,0,0,0,0
TXN200730,USER029,USER132,49557.8,2026-09-05T18:05:57.128862,4,DEVICE046,0,Dhaka,0,750,375,5,46469.57,1,0,0,1
TXN200775,USER074,USER104,22867.29,2026-09-25T02:40:52.128862,12,DEVICE218,1,Dhaka,0,1110,124,8,21217.66,1,1,1,1
TXN100709,USER243,USER245,2789.77,2026-09-30T10:49:05.128862,21,DEVICE086,0,Dhaka,0,359,134,1,578.26,0,0,0,0
TXN101282,USER165,USER380,2033.47,2026-10-01T18:51:56.128862,5,DEVICE080,0,Dhaka,0,1198,636,1,-1087.55,1,0,0,0
TXN200268,USER119,USER583,17975.61,2026-09-12T22:01:32.128862,8,DEVICE197,1,Chattogram,0,1092,93,9,15531.39,1,1,2,1
TXN102675,USER166,USER525,831.92,2026-09-04T01:32:06.128862,11,DEVICE058,0,Chattogram,0,163,930,2,-159.39,0,0,0,0
TXN104029,USER218,USER529,3164.93,2026-09-17T10:13:23.128862,20,DEVICE110,0,Chattogram,0,308,404,1,425.23,0,0,0,0
TXN101306,USER218,USER417,1479.39,2026-09-08T07:07:59.128862,17,DEVICE110,0,Chattogram,0,308,348,1,-1260.31,0,0,0,0
TXN200696,USER260,USER363,30255.31,2026-09-26T13:09:55.128862,23,DEVICE_ROGUE_935,1,Chattogram,1,783,6,9,26935.51,1,1,2,1
TXN200704,USER106,USER022,43151.84,2026-09-17T16:46:55.128862,3,DEVICE085,0,Chattogram,0,875,86,3,40621.24,1,0,1,1
TXN102237,USER279,USER482,1740.52,2026-09-21T22:24:47.128862,8,DEVICE108,0,Sylhet,0,311,747,1,205.18,0,0,0,0
TXN103302,USER041,USER358,2494.77,2026-09-24T01:37:00.128862,11,DEVICE180,0,Dhaka,0,659,988,3,-207.57,0,0,0,0
TXN200792,USER062,USER114,38373.41,2026-09-27T07:44:02.128862,17,DEVICE090,0,Dhaka,0,9,21,18,35845.41,1,1,0,1
TXN102038,USER016,USER011,3230.52,2026-09-19T01:23:33.128862,11,DEVICE050,1,Chattogram,0,989,199,2,959.18,0,0,0,0
TXN101529,USER182,USER018,2553.95,2026-09-28T08:26:07.128862,18,DEVICE179,0,Sylhet,0,690,126,1,-64.13,1,0,0,0
TXN101663,USER147,USER034,1741.25,2026-09-06T22:46:52.128862,9,DEVICE173,0,Sylhet,0,294,568,1,-514.85,0,0,0,0
TXN200650,USER050,USER142,13574.09,2026-09-04T19:35:47.128862,5,DEVICE228,1,Sylhet,0,747,130,8,11789.04,1,1,2,1
TXN201121,USER292,USER389,33754.24,2026-09-17T15:54:27.128862,2,DEVICE_ROGUE_996,1,Unknown,1,166,1,11,30872.22,1,1,2,1
TXN201143,USER164,USER549,37628.1,2026-10-01T14:55:04.128862,1,DEVICE_ROGUE_901,1,Unknown,1,1089,12,9,34383.47,1,1,4,1
TXN103627,USER194,USER363,3359.81,2026-09-28T06:27:39.128862,16,DEVICE200,0,Sylhet,0,873,902,2,66.99,0,0,0,0
TXN200939,USER242,USER550,35531.13,2026-09-13T18:25:33.128862,4,DEVICE_ROGUE_993,1,Sylhet,1,837,11,9,33155.21,1,1,3,1
TXN200347,USER171,USER251,26520.59,2026-09-28T04:18:51.128862,14,DEVICE063,0,Sylhet,0,10,9,18,23194.7,1,1,0,1
TXN200091,USER242,USER315,23490.67,2026-09-07T02:52:51.128862,13,DEVICE299,1,Chattogram,0,837,134,8,21114.75,1,1,2,1
TXN102693,USER250,USER001,1957.3,2026-09-18T00:31:50.128862,10,DEVICE099,0,Sylhet,0,360,939,1,347.31,0,0,0,0
TXN103060,USER248,USER562,2257.06,2026-09-26T09:24:22.128862,19,DEVICE039,0,Dhaka,0,449,883,1,388.44,0,0,0,0
TXN101597,USER118,USER556,3508.01,2026-09-27T02:23:58.128862,12,DEVICE104,0,Sylhet,0,701,358,1,982.85,0,0,0,0
TXN102729,USER229,USER082,1119.37,2026-09-23T07:45:26.128862,18,DEVICE071,0,Sylhet,0,1107,184,1,-105.7,0,0,0,0
TXN102625,USER230,USER539,3563.39,2026-09-29T06:38:59.128862,16,DEVICE197,0,Chattogram,0,676,650,1,169.29,0,0,0,0
TXN103157,USER087,USER548,4037.8,2026-09-26T08:08:08.128862,18,DEVICE148,0,Chattogram,0,726,628,1,544.45,1,0,0,0
TXN103314,USER012,USER438,2065.54,2026-09-11T20:59:09.128862,7,DEVICE094,0,Dhaka,0,212,440,1,-98.92,0,0,0,0
TXN101722,USER129,USER547,2241.35,2026-09-24T08:09:16.128862,18,DEVICE275,1,Mymensingh,1,476,662,2,-931.2,0,0,0,0
TXN200479,USER185,USER148,37561.46,2026-10-02T14:58:00.128862,1,DEVICE_ROGUE_941,1,Unknown,1,972,14,5,35674.38,1,1,4,1
TXN101059,USER179,USER496,2308.38,2026-09-09T04:41:32.128862,14,DEVICE148,0,Sylhet,0,184,744,2,364.72,0,0,0,0
TXN104636,USER007,USER008,2920.05,2026-09-04T06:45:34.128862,17,DEVICE038,0,Sylhet,0,550,217,2,-288.83,0,0,0,0
TXN103242,USER299,USER015,1314.84,2026-09-28T22:28:37.128862,8,DEVICE120,0,Sylhet,0,367,457,1,311.68,1,0,0,0
TXN101678,USER020,USER305,598.81,2026-09-23T06:37:44.128862,16,DEVICE091,0,Chattogram,0,914,680,1,-218.74,0,0,0,0
TXN101757,USER194,USER024,3532.83,2026-09-11T06:53:14.128862,17,DEVICE200,0,Sylhet,0,873,962,1,240.01,0,0,0,0
TXN104191,USER010,USER088,1004.52,2026-09-13T01:01:52.128862,11,DEVICE011,0,Sylhet,0,381,863,1,124.07,0,0,0,0
TXN200316,USER126,USER386,30531.48,2026-09-28T14:51:52.128862,1,DEVICE_ROGUE_908,1,Coxs Bazar,1,862,5,11,28856.26,1,1,3,1
TXN100563,USER155,USER278,1071.8,2026-09-26T07:08:19.128862,17,DEVICE073,0,Dhaka,0,1051,207,2,-54.91,1,0,0,0
TXN102790,USER144,USER509,3441.94,2026-09-12T11:09:55.128862,21,DEVICE120,0,Chattogram,0,769,327,1,286.37,0,0,0,0
TXN100863,USER030,USER011,2678.32,2026-09-11T09:31:30.128862,19,DEVICE106,0,Sylhet,0,602,610,1,248.26,0,0,0,0
TXN101484,USER065,USER174,2515.42,2026-09-30T07:40:56.128862,17,DEVICE103,0,Sylhet,0,917,65,2,-560.28,0,0,0,0
TXN200334,USER117,USER119,44440.35,2026-09-06T17:39:56.128862,3,DEVICE084,0,Sylhet,0,669,287,5,42834.55,1,0,1,1
TXN100206,USER209,USER124,2281.9,2026-09-28T03:58:41.128862,14,DEVICE136,0,Chattogram,0,797,182,1,458.67,1,0,0,0
TXN104488,USER286,USER106,3906.33,2026-09-15T05:08:10.128862,15,DEVICE125,0,Dhaka,0,1040,433,1,661.92,0,0,0,0
TXN100870,USER007,USER010,2435.74,2026-09-07T11:20:00.128862,21,DEVICE038,0,Sylhet,0,550,147,2,-773.14,0,0,0,0
TXN104493,USER030,USER570,2095.01,2026-09-29T09:57:03.128862,20,DEVICE106,0,Sylhet,0,602,158,1,-335.05,0,0,0,0
TXN100502,USER092,USER452,1750.2,2026-10-02T19:57:52.128862,6,DEVICE112,0,Dhaka,0,322,171,1,-743.9,1,0,0,0
TXN101028,USER283,USER322,3281.16,2026-09-18T10:56:29.128862,21,DEVICE140,0,Dhaka,0,761,949,3,768.72,0,0,0,0
TXN103840,USER151,USER397,4406.48,2026-09-18T18:56:00.128862,5,DEVICE189,0,Sylhet,0,385,586,1,919.58,0,0,0,0
TXN102690,USER186,USER432,2559.98,2026-09-22T20:30:01.128862,6,DEVICE063,0,Chattogram,0,388,813,1,843.86,0,0,0,0
TXN200781,USER155,USER090,19149.96,2026-09-16T01:57:27.128862,12,DEVICE100,1,Dhaka,0,1051,16,19,18023.25,1,1,1,1
TXN200256,USER181,USER488,45078.1,2026-09-21T14:46:13.128862,1,DEVICE_ROGUE_937,1,Sylhet,1,204,11,10,42309.6,1,1,4,1
TXN101570,USER294,USER388,1616.89,2026-09-24T00:50:12.128862,11,DEVICE172,0,Mymensingh,1,1098,888,1,109.61,0,0,0,0
TXN102773,USER019,USER393,3573.69,2026-09-29T03:26:30.128862,13,DEVICE027,0,Dhaka,0,712,502,1,588.23,0,0,0,0
TXN102731,USER236,USER577,1290.91,2026-09-15T06:59:32.128862,17,DEVICE071,0,Dhaka,0,370,662,1,167.22,0,0,0,0
TXN100804,USER171,USER157,4559.89,2026-09-10T09:39:59.128862,19,DEVICE063,0,Sylhet,0,275,813,1,1234.0,1,0,0,0
TXN201047,USER088,USER371,11625.69,2026-09-20T18:59:22.128862,5,DEVICE236,1,Sylhet,0,118,196,12,9449.97,1,1,1,1
TXN103645,USER181,USER103,3493.13,2026-09-13T11:23:59.128862,21,DEVICE184,0,Chattogram,0,204,109,1,724.63,0,0,0,0
TXN102454,USER295,USER001,3069.15,2026-09-23T09:12:49.128862,19,DEVICE174,0,Dhaka,0,327,427,1,267.83,0,0,0,0
TXN104598,USER007,USER549,3819.51,2026-09-20T10:30:40.128862,20,DEVICE038,0,Sylhet,0,550,230,1,610.63,0,0,0,0
TXN103104,USER077,USER062,2264.98,2026-09-05T08:36:04.128862,18,DEVICE153,0,Sylhet,0,506,454,1,-1004.3,0,0,0,0
TXN200075,USER229,USER504,17830.89,2026-10-03T08:52:16.128862,19,DEVICE071,0,Sylhet,0,10,19,10,16605.82,1,1,0,1
TXN100200,USER253,USER201,830.9,2026-09-21T07:34:03.128862,17,DEVICE181,0,Rangpur,1,1177,84,1,-164.97,0,0,0,0
TXN103099,USER254,USER349,1110.09,2026-09-23T05:21:36.128862,15,DEVICE055,0,Barishal,1,1117,391,2,-927.28,0,0,0,0
TXN102278,USER053,USER431,1010.17,2026-09-13T09:19:40.128862,19,DEVICE006,1,Sylhet,0,765,944,1,-510.67,0,0,0,0
TXN103561,USER185,USER546,2354.03,2026-09-12T00:24:17.128862,10,DEVICE103,0,Chattogram,0,972,464,2,466.95,0,0,0,0
TXN104474,USER096,USER244,1196.18,2026-09-11T02:13:29.128862,12,DEVICE176,0,Dhaka,0,1110,315,1,-634.19,0,0,0,0
TXN104514,USER254,USER004,2540.13,2026-09-16T07:49:08.128862,18,DEVICE055,0,Dhaka,0,1117,550,2,502.76,0,0,0,0
TXN200994,USER135,USER041,23914.17,2026-09-26T07:01:16.128862,17,DEVICE149,1,Dhaka,0,741,184,13,22882.91,1,1,1,1
TXN100391,USER178,USER450,2051.85,2026-09-04T07:29:37.128862,17,DEVICE162,0,Sylhet,0,149,980,2,88.01,1,0,0,0
TXN200818,USER278,USER336,24691.65,2026-09-14T22:37:49.128862,8,DEVICE100,0,Chattogram,0,22,30,15,22397.95,1,1,0,1
TXN200458,USER056,USER541,21258.78,2026-09-05T16:58:22.128862,3,DEVICE315,1,Dhaka,0,680,147,14,18814.13,1,1,2,1
TXN101495,USER200,USER277,2573.55,2026-09-10T22:14:10.128862,8,DEVICE119,0,Chattogram,0,610,720,1,-483.72,0,0,0,0
TXN102695,USER035,USER283,2142.67,2026-09-26T06:59:57.128862,17,DEVICE106,0,Sylhet,0,641,648,1,320.63,0,0,0,0
TXN102027,USER120,USER220,1169.69,2026-09-28T02:15:41.128862,12,DEVICE129,1,Chattogram,0,394,794,1,-42.98,1,0,1,0
TXN200448,USER126,USER230,23110.45,2026-09-21T01:17:26.128862,11,DEVICE098,0,Chattogram,0,21,19,12,21435.23,1,1,0,1
TXN200663,USER132,USER305,9252.88,2026-09-05T03:43:36.128862,13,DEVICE394,1,Dhaka,0,568,107,18,8296.48,1,1,1,1
TXN102568,USER118,USER362,3528.29,2026-09-17T06:25:23.128862,16,DEVICE104,0,Sylhet,0,701,281,1,1003.13,0,0,0,0
TXN100064,USER164,USER356,4184.44,2026-09-21T07:19:31.128862,17,DEVICE173,0,Chattogram,0,1089,788,3,939.81,0,0,0,0
TXN103884,USER284,USER148,1082.28,2026-09-22T09:38:20.128862,19,DEVICE155,0,Sylhet,0,543,635,1,-430.48,0,0,0,0
TXN102062,USER021,USER052,2816.6,2026-09-22T17:38:06.128862,3,DEVICE200,0,Chattogram,0,647,760,2,-159.11,0,0,0,0
TXN200476,USER072,USER532,39369.04,2026-09-17T18:37:25.128862,4,DEVICE046,0,Sylhet,0,1151,287,2,36023.18,1,0,0,1
TXN100492,USER086,USER216,1722.65,2026-09-30T05:07:16.128862,15,DEVICE099,0,Dhaka,0,414,178,1,330.48,1,0,0,0
TXN100379,USER288,USER448,1143.09,2026-09-09T02:31:00.128862,12,DEVICE070,0,Chattogram,0,926,285,1,93.88,0,0,0,0
TXN200059,USER279,USER047,30782.51,2026-09-08T00:48:36.128862,11,DEVICE108,0,Sylhet,0,11,29,7,29247.17,1,1,0,1
TXN103993,USER185,USER329,1247.52,2026-09-24T17:55:10.128862,4,DEVICE103,0,Chattogram,0,972,70,2,-639.56,0,0,0,0
TXN200087,USER207,USER195,33636.32,2026-09-23T06:40:31.128862,16,DEVICE021,1,Dhaka,0,19,8,7,31753.51,1,1,0,1
TXN101076,USER087,USER213,3330.13,2026-09-19T09:22:28.128862,19,DEVICE148,0,Chattogram,0,726,918,3,-163.22,0,0,0,0
TXN100878,USER245,USER069,1323.33,2026-09-16T21:31:30.128862,7,DEVICE139,0,Sylhet,0,694,190,1,-28.17,1,0,0,0
TXN100337,USER056,USER017,2473.03,2026-09-30T23:43:45.128862,9,DEVICE103,0,Dhaka,0,680,680,2,28.38,1,0,0,0
TXN101016,USER155,USER376,1512.4,2026-09-13T08:40:54.128862,18,DEVICE073,0,Dhaka,0,1051,386,1,385.69,0,0,0,0
TXN101275,USER204,USER292,1286.39,2026-09-13T04:39:49.128862,14,DEVICE032,0,Sylhet,0,1042,464,1,37.35,0,0,0,0
TXN103798,USER083,USER339,2286.06,2026-09-06T22:53:50.128862,9,DEVICE156,0,Sylhet,0,338,963,1,-92.32,0,0,0,0
TXN104551,USER048,USER565,1484.56,2026-09-29T00:05:41.128862,10,DEVICE118,0,Sylhet,0,926,484,3,-65.97,0,0,0,0
TXN103342,USER169,USER308,1415.39,2026-09-30T02:13:53.128862,12,DEVICE007,0,Chattogram,0,678,441,2,36.95,0,0,0,0
TXN200111,USER083,USER121,14625.3,2026-09-27T08:45:40.128862,19,DEVICE100,1,Sylhet,0,338,55,8,12246.92,1,1,2,1
TXN100995,USER093,USER590,2820.8,2026-09-20T07:34:55.128862,17,DEVICE001,0,Sylhet,0,1035,391,2,-117.81,0,0,0,0
TXN101981,USER280,USER253,1780.27,2026-09-21T06:05:58.128862,16,DEVICE138,0,Dhaka,0,568,235,3,-652.77,1,0,0,0
TXN104297,USER171,USER328,3768.25,2026-09-24T02:51:28.128862,13,DEVICE063,0,Sylhet,0,275,791,2,442.36,1,0,0,0
TXN100161,USER044,USER138,2122.42,2026-09-11T00:04:20.128862,10,DEVICE010,0,Dhaka,0,1097,583,1,541.07,0,0,0,0
TXN200875,USER132,USER129,40859.36,2026-09-04T14:49:15.128862,1,DEVICE_ROGUE_993,1,Chattogram,1,568,8,8,39902.96,1,1,2,1
TXN104798,USER164,USER496,1973.71,2026-10-01T08:25:53.128862,18,DEVICE173,0,Chattogram,0,1089,121,1,-1270.92,0,0,0,0
TXN101500,USER140,USER205,1063.51,2026-09-25T06:38:51.128862,16,DEVICE149,0,Chattogram,0,1104,449,2,-83.15,0,0,0,0
TXN103843,USER032,USER101,4593.38,2026-09-11T01:34:37.128862,11,DEVICE046,0,Dhaka,0,277,207,1,1823.1,0,0,0,0
TXN200425,USER126,USER068,43714.72,2026-10-03T11:47:32.128862,22,DEVICE267,1,Chattogram,0,29,15,15,42039.5,1,1,0,1
TXN102613,USER257,USER513,1271.75,2026-09-08T02:39:40.128862,12,DEVICE105,0,Sylhet,0,616,169,2,273.95,1,0,0,0
TXN103461,USER124,USER224,1613.27,2026-10-02T07:35:36.128862,17,DEVICE108,0,Gazipur,1,796,791,2,-618.68,0,0,0,0
TXN101021,USER157,USER033,1349.53,2026-09-15T04:44:14.128862,14,DEVICE170,0,Chattogram,0,783,404,1,-363.3,0,0,0,0
TXN103073,USER033,USER108,2151.58,2026-09-05T21:58:47.128862,8,DEVICE189,0,Chattogram,0,558,927,1,-96.24,1,0,0,0
TXN103943,USER010,USER137,654.78,2026-09-25T08:33:49.128862,18,DEVICE011,0,Sylhet,0,381,855,1,-225.67,0,0,0,0
TXN101585,USER026,USER173,1418.42,2026-09-14T08:48:22.128862,19,DEVICE040,0,Chattogram,0,254,104,1,-290.39,0,0,0,0
TXN101955,USER278,USER307,2414.3,2026-09-19T00:57:00.128862,11,DEVICE100,0,Chattogram,0,850,901,2,120.6,0,0,0,0
TXN103152,USER210,USER218,3600.34,2026-09-30T03:55:40.128862,14,DEVICE144,0,Dhaka,0,702,680,1,140.01,0,0,0,0
TXN100034,USER027,USER343,983.02,2026-09-06T20:20:56.128862,6,DEVICE061,0,Dhaka,0,171,932,2,-67.39,0,0,0,0
TXN104014,USER269,USER502,3006.98,2026-09-28T05:25:33.128862,15,DEVICE006,0,Sylhet,0,898,940,3,441.24,0,0,0,0
TXN100775,USER203,USER383,3240.05,2026-09-13T01:26:50.128862,11,DEVICE064,0,Sylhet,0,109,187,1,148.57,0,0,0,0
TXN102556,USER199,USER338,2480.08,2026-09-22T02:57:49.128862,13,DEVICE133,0,Sylhet,0,1034,664,1,-1017.98,0,0,0,0
TXN101478,USER071,USER538,1342.58,2026-10-01T04:51:36.128862,15,DEVICE067,0,Chattogram,0,474,846,1,-27.07,0,0,0,0
TXN200686,USER171,USER369,45266.59,2026-09-20T15:56:27.128862,2,DEVICE063,0,Sylhet,0,275,178,3,41940.7,1,0,0,1
TXN101363,USER203,USER084,2657.29,2026-10-02T08:52:45.128862,19,DEVICE064,0,Sylhet,0,109,649,2,-434.19,1,0,0,0
TXN102612,USER059,USER191,376.88,2026-09-19T02:50:28.128862,13,DEVICE018,0,Sylhet,0,1021,890,1,-864.31,1,0,0,0
TXN102824,USER089,USER192,647.47,2026-09-05T06:11:47.128862,16,DEVICE066,0,Chattogram,0,925,231,3,-397.99,0,0,0,0
TXN102041,USER096,USER123,2127.32,2026-09-29T18:01:33.128862,4,DEVICE176,0,Dhaka,0,1110,346,1,296.95,0,0,0,0
TXN100241,USER052,USER109,1603.37,2026-09-07T05:35:31.128862,15,DEVICE058,0,Chattogram,0,419,958,1,237.7,0,0,0,0
TXN102061,USER173,USER308,2314.45,2026-09-30T03:51:07.128862,14,DEVICE157,0,Chattogram,0,291,551,1,238.24,0,0,0,0
TXN102363,USER107,USER308,846.76,2026-09-16T00:39:43.128862,10,DEVICE160,0,Dhaka,0,480,804,1,-254.43,1,0,0,0
TXN100600,USER104,USER164,1942.43,2026-09-04T00:02:03.128862,10,DEVICE018,0,Sylhet,0,1025,240,2,-307.39,0,0,0,0
TXN102435,USER260,USER584,2980.4,2026-09-23T11:59:16.128862,22,DEVICE055,1,Dhaka,0,783,703,1,-339.4,0,0,0,0
TXN200593,USER077,USER408,45478.19,2026-09-14T13:30:38.128862,23,DEVICE_ROGUE_923,1,Sylhet,1,506,9,12,42208.91,1,1,4,1
TXN102888,USER018,USER013,1386.26,2026-09-08T03:30:44.128862,13,DEVICE171,0,Cumilla,1,1049,174,3,-1004.76,0,0,0,0
TXN100646,USER238,USER152,1192.89,2026-09-04T02:52:23.128862,13,DEVICE020,0,Chattogram,0,170,515,1,-271.89,0,0,0,0
TXN103890,USER063,USER053,2240.63,2026-09-13T07:34:15.128862,17,DEVICE165,0,Chattogram,0,752,557,1,-63.13,1,0,0,0
TXN103556,USER225,USER181,1135.66,2026-09-16T10:11:52.128862,20,DEVICE067,0,Sylhet,0,900,516,1,181.31,1,0,0,0
TXN103202,USER012,USER453,2275.28,2026-09-30T23:32:22.128862,9,DEVICE094,0,Dhaka,0,212,833,1,110.82,0,0,0,0
TXN101528,USER022,USER566,3454.34,2026-09-24T07:15:16.128862,17,DEVICE144,0,Chattogram,0,1114,676,1,769.36,0,0,0,0
TXN101267,USER025,USER548,3269.53,2026-09-12T18:09:25.128862,4,DEVICE192,0,Chattogram,0,986,903,1,-114.95,0,0,0,0
TXN101899,USER105,USER304,853.42,2026-09-10T10:38:39.128862,20,DEVICE171,0,Dhaka,0,386,198,1,-667.01,1,0,0,0
TXN104658,USER171,USER451,3433.13,2026-09-20T22:23:14.128862,8,DEVICE063,0,Sylhet,0,275,863,2,107.24,0,0,1,0
TXN103005,USER283,USER074,2161.45,2026-09-20T01:05:05.128862,11,DEVICE140,0,Dhaka,0,761,99,1,-350.99,0,0,0,0
TXN102734,USER195,USER153,2331.73,2026-09-09T05:09:02.128862,15,DEVICE109,0,Sylhet,0,583,739,1,335.28,1,0,0,0
TXN100189,USER213,USER434,2490.3,2026-09-06T07:25:47.128862,17,DEVICE194,0,Chattogram,0,1025,145,1,461.78,0,0,0,0
TXN101806,USER190,USER363,2202.81,2026-09-06T04:01:42.128862,14,DEVICE002,0,Dhaka,0,458,771,1,191.55,0,0,1,0
TXN100975,USER028,USER501,918.19,2026-09-17T00:07:55.128862,10,DEVICE042,0,Sylhet,1,974,418,1,-142.94,0,0,0,0
TXN102747,USER284,USER006,1810.85,2026-09-30T20:07:08.128862,6,DEVICE155,0,Sylhet,0,543,443,2,298.09,0,0,0,0
TXN102047,USER154,USER571,2607.82,2026-09-24T17:53:30.128862,4,DEVICE022,0,Sylhet,0,243,427,1,410.37,0,0,0,0
TXN102558,USER185,USER045,891.72,2026-09-22T13:56:29.128862,0,DEVICE103,0,Chattogram,0,972,245,1,-995.36,0,0,0,0
TXN101082,USER139,USER536,3032.16,2026-10-02T00:08:49.128862,10,DEVICE111,0,Chattogram,0,401,595,1,164.41,0,0,0,0
TXN100474,USER056,USER389,2682.14,2026-09-24T01:27:16.128862,11,DEVICE103,0,Dhaka,0,680,968,4,237.49,0,1,0,0
TXN102904,USER207,USER058,971.8,2026-09-07T14:00:15.128862,0,DEVICE119,0,Dhaka,0,241,353,2,-911.01,1,0,0,0
TXN200043,USER141,USER217,28737.48,2026-09-27T12:41:19.128862,22,DEVICE135,1,Chattogram,0,11,10,7,26654.22,1,1,0,1
TXN104117,USER132,USER333,1113.22,2026-10-02T22:59:19.128862,9,DEVICE078,0,Dhaka,0,568,336,1,156.82,0,0,0,0
TXN103385,USER079,USER144,1851.01,2026-09-20T21:22:42.128862,7,DEVICE089,0,Dhaka,0,358,265,5,335.83,0,1,0,0
TXN104555,USER032,USER226,1991.1,2026-09-21T08:03:00.128862,18,DEVICE046,0,Dhaka,0,277,237,1,-779.18,0,0,0,0
TXN101184,USER150,USER023,1116.12,2026-09-27T21:50:08.128862,8,DEVICE122,0,Dhaka,0,121,381,1,-525.51,0,0,0,0
TXN200251,USER045,USER123,22710.43,2026-09-10T04:51:30.128862,15,DEVICE121,0,Dhaka,0,26,10,9,21694.99,1,1,0,1
TXN200511,USER020,USER324,13673.63,2026-09-06T16:09:12.128862,2,DEVICE300,1,Chattogram,0,914,179,10,12856.08,1,1,2,1
TXN102433,USER166,USER180,1046.06,2026-09-19T08:32:32.128862,18,DEVICE058,0,Barishal,1,163,349,1,54.75,0,0,0,0
TXN200811,USER027,USER574,37717.87,2026-09-19T15:18:10.128862,1,DEVICE_ROGUE_992,1,Unknown,1,171,11,5,36667.46,1,1,4,1
TXN102391,USER246,USER038,2403.63,2026-09-05T21:01:33.128862,7,DEVICE021,0,Sylhet,0,759,79,1,-330.09,1,0,0,0
TXN100769,USER105,USER129,1089.46,2026-09-21T21:21:06.128862,7,DEVICE171,0,Dhaka,0,386,579,1,-430.97,1,0,0,0
TXN101685,USER121,USER379,2644.96,2026-09-28T07:24:49.128862,17,DEVICE142,0,Dhaka,0,1004,858,2,-213.82,0,0,0,0
TXN100130,USER221,USER184,3680.99,2026-09-06T21:18:22.128862,7,DEVICE041,0,Sylhet,0,825,318,2,265.47,0,0,0,0
TXN102919,USER200,USER279,4096.88,2026-09-08T00:33:22.128862,10,DEVICE119,0,Chattogram,0,610,543,1,1039.61,0,0,0,0
TXN103171,USER264,USER241,1083.19,2026-09-12T00:23:22.128862,10,DEVICE108,0,Chattogram,0,378,563,2,-142.73,0,0,0,0
TXN103444,USER173,USER447,2582.39,2026-09-29T22:50:46.128862,9,DEVICE157,0,Chattogram,0,291,336,1,506.18,1,0,0,0
TXN200778,USER054,USER569,35485.33,2026-09-06T16:41:12.128862,2,DEVICE169,0,Chattogram,0,933,127,4,32156.36,1,0,1,1
TXN104426,USER291,USER106,963.27,2026-09-14T14:59:19.128862,1,DEVICE008,0,Chattogram,1,182,530,3,153.7,0,0,0,0
TXN200534,USER053,USER167,24919.09,2026-09-16T20:12:35.128862,6,DEVICE275,1,Sylhet,0,765,58,14,23398.25,1,1,2,1
TXN100466,USER229,USER365,944.85,2026-09-29T23:57:58.128862,10,DEVICE071,0,Sylhet,0,1107,140,2,-280.22,0,0,0,0
TXN200934,USER299,USER451,22860.23,2026-09-25T14:57:45.128862,1,DEVICE282,1,Sylhet,0,367,54,17,21857.07,1,1,1,1
TXN103092,USER274,USER477,5046.08,2026-09-18T09:46:13.128862,20,DEVICE002,0,Dhaka,0,1021,225,1,1710.97,0,0,0,0
TXN103772,USER277,USER004,1160.86,2026-09-17T07:40:05.128862,17,DEVICE193,0,Dhaka,0,870,397,2,71.86,0,0,0,0
TXN200391,USER055,USER397,32528.37,2026-09-24T06:26:22.128862,16,DEVICE111,1,Chattogram,0,27,26,15,29978.67,1,1,0,1
TXN200426,USER025,USER031,24229.02,2026-09-12T07:57:09.128862,18,DEVICE192,0,Chattogram,0,11,17,17,20844.54,1,1,0,1
TXN200590,USER288,USER564,41788.86,2026-09-25T11:40:43.128862,21,DEVICE070,0,Chattogram,0,10,25,12,40739.65,1,1,0,1
TXN100860,USER133,USER311,4051.73,2026-09-13T09:30:30.128862,19,DEVICE104,0,Chattogram,0,931,106,2,881.1,0,0,0,0
